environment,source,variant,driver,connections,workload,read_size,case_status,phase,operation,method,status,retry,failed,attempts
diagnostic,diagnostic-read64-round1-after.log,after,azblob,4,wake,64,PASS,workload,AppendBlock,PUT,201,false,false,4
diagnostic,diagnostic-read64-round1-after.log,after,azblob,4,wake,64,PASS,workload,DownloadBlob,GET,206,false,false,4
diagnostic,diagnostic-read64-round1-after.log,after,azblob,4,wake,64,PASS,workload,DownloadBlob,GET,416,false,true,35
diagnostic,diagnostic-read64-round1-after.log,after,azblob,4,wake,64,PASS,lifecycle,AppendBlock,PUT,201,false,false,8
diagnostic,diagnostic-read64-round1-after.log,after,azblob,4,wake,64,PASS,lifecycle,CreateContainer,PUT,201,false,false,6
diagnostic,diagnostic-read64-round1-after.log,after,azblob,4,wake,64,PASS,lifecycle,DeleteBlob,DELETE,202,false,false,8
diagnostic,diagnostic-read64-round1-after.log,after,azblob,4,wake,64,PASS,lifecycle,DeleteContainer,DELETE,202,false,false,6
diagnostic,diagnostic-read64-round1-after.log,after,azblob,4,wake,64,PASS,lifecycle,DownloadBlob,GET,200,false,false,4
diagnostic,diagnostic-read64-round1-after.log,after,azblob,4,wake,64,PASS,lifecycle,DownloadBlob,GET,206,false,false,4
diagnostic,diagnostic-read64-round1-after.log,after,azblob,4,wake,64,PASS,lifecycle,DownloadBlob,GET,404,false,true,20
diagnostic,diagnostic-read64-round1-after.log,after,azblob,4,wake,64,PASS,lifecycle,DownloadBlob,GET,416,false,true,35
diagnostic,diagnostic-read64-round1-after.log,after,azblob,4,wake,64,PASS,lifecycle,ListBlobs,GET,200,false,false,7
diagnostic,diagnostic-read64-round1-after.log,after,azblob,4,wake,64,PASS,lifecycle,PutBlob,PUT,201,false,false,16
diagnostic,diagnostic-read64-round1-before.log,before,azblob,4,wake,64,PASS,workload,AppendBlock,PUT,201,false,false,4
diagnostic,diagnostic-read64-round1-before.log,before,azblob,4,wake,64,PASS,workload,DownloadBlob,GET,206,false,false,4
diagnostic,diagnostic-read64-round1-before.log,before,azblob,4,wake,64,PASS,workload,DownloadBlob,GET,416,false,true,32
diagnostic,diagnostic-read64-round1-before.log,before,azblob,4,wake,64,PASS,lifecycle,AppendBlock,PUT,201,false,false,8
diagnostic,diagnostic-read64-round1-before.log,before,azblob,4,wake,64,PASS,lifecycle,CreateContainer,PUT,201,false,false,6
diagnostic,diagnostic-read64-round1-before.log,before,azblob,4,wake,64,PASS,lifecycle,DeleteBlob,DELETE,202,false,false,8
diagnostic,diagnostic-read64-round1-before.log,before,azblob,4,wake,64,PASS,lifecycle,DeleteContainer,DELETE,202,false,false,6
diagnostic,diagnostic-read64-round1-before.log,before,azblob,4,wake,64,PASS,lifecycle,DownloadBlob,GET,200,false,false,4
diagnostic,diagnostic-read64-round1-before.log,before,azblob,4,wake,64,PASS,lifecycle,DownloadBlob,GET,206,false,false,4
diagnostic,diagnostic-read64-round1-before.log,before,azblob,4,wake,64,PASS,lifecycle,DownloadBlob,GET,404,false,true,20
diagnostic,diagnostic-read64-round1-before.log,before,azblob,4,wake,64,PASS,lifecycle,DownloadBlob,GET,416,false,true,32
diagnostic,diagnostic-read64-round1-before.log,before,azblob,4,wake,64,PASS,lifecycle,ListBlobs,GET,200,false,false,8
diagnostic,diagnostic-read64-round1-before.log,before,azblob,4,wake,64,PASS,lifecycle,PutBlob,PUT,201,false,false,16
diagnostic,diagnostic-read64-round2-after.log,after,azblob,4,wake,64,PASS,workload,AppendBlock,PUT,201,false,false,4
diagnostic,diagnostic-read64-round2-after.log,after,azblob,4,wake,64,PASS,workload,DownloadBlob,GET,206,false,false,4
diagnostic,diagnostic-read64-round2-after.log,after,azblob,4,wake,64,PASS,workload,DownloadBlob,GET,416,false,true,33
diagnostic,diagnostic-read64-round2-after.log,after,azblob,4,wake,64,PASS,lifecycle,AppendBlock,PUT,201,false,false,8
diagnostic,diagnostic-read64-round2-after.log,after,azblob,4,wake,64,PASS,lifecycle,CreateContainer,PUT,201,false,false,6
diagnostic,diagnostic-read64-round2-after.log,after,azblob,4,wake,64,PASS,lifecycle,DeleteBlob,DELETE,202,false,false,8
diagnostic,diagnostic-read64-round2-after.log,after,azblob,4,wake,64,PASS,lifecycle,DeleteContainer,DELETE,202,false,false,6
diagnostic,diagnostic-read64-round2-after.log,after,azblob,4,wake,64,PASS,lifecycle,DownloadBlob,GET,200,false,false,4
diagnostic,diagnostic-read64-round2-after.log,after,azblob,4,wake,64,PASS,lifecycle,DownloadBlob,GET,206,false,false,4
diagnostic,diagnostic-read64-round2-after.log,after,azblob,4,wake,64,PASS,lifecycle,DownloadBlob,GET,404,false,true,21
diagnostic,diagnostic-read64-round2-after.log,after,azblob,4,wake,64,PASS,lifecycle,DownloadBlob,GET,416,false,true,33
diagnostic,diagnostic-read64-round2-after.log,after,azblob,4,wake,64,PASS,lifecycle,ListBlobs,GET,200,false,false,8
diagnostic,diagnostic-read64-round2-after.log,after,azblob,4,wake,64,PASS,lifecycle,PutBlob,PUT,201,false,false,16
diagnostic,diagnostic-read64-round2-before.log,before,azblob,4,wake,64,PASS,workload,AppendBlock,PUT,201,false,false,4
diagnostic,diagnostic-read64-round2-before.log,before,azblob,4,wake,64,PASS,workload,DownloadBlob,GET,206,false,false,4
diagnostic,diagnostic-read64-round2-before.log,before,azblob,4,wake,64,PASS,workload,DownloadBlob,GET,416,false,true,32
diagnostic,diagnostic-read64-round2-before.log,before,azblob,4,wake,64,PASS,lifecycle,AppendBlock,PUT,201,false,false,8
diagnostic,diagnostic-read64-round2-before.log,before,azblob,4,wake,64,PASS,lifecycle,CreateContainer,PUT,201,false,false,6
diagnostic,diagnostic-read64-round2-before.log,before,azblob,4,wake,64,PASS,lifecycle,DeleteBlob,DELETE,202,false,false,8
diagnostic,diagnostic-read64-round2-before.log,before,azblob,4,wake,64,PASS,lifecycle,DeleteContainer,DELETE,202,false,false,6
diagnostic,diagnostic-read64-round2-before.log,before,azblob,4,wake,64,PASS,lifecycle,DownloadBlob,GET,200,false,false,4
diagnostic,diagnostic-read64-round2-before.log,before,azblob,4,wake,64,PASS,lifecycle,DownloadBlob,GET,206,false,false,4
diagnostic,diagnostic-read64-round2-before.log,before,azblob,4,wake,64,PASS,lifecycle,DownloadBlob,GET,404,false,true,20
diagnostic,diagnostic-read64-round2-before.log,before,azblob,4,wake,64,PASS,lifecycle,DownloadBlob,GET,416,false,true,32
diagnostic,diagnostic-read64-round2-before.log,before,azblob,4,wake,64,PASS,lifecycle,ListBlobs,GET,200,false,false,7
diagnostic,diagnostic-read64-round2-before.log,before,azblob,4,wake,64,PASS,lifecycle,PutBlob,PUT,201,false,false,16
diagnostic,diagnostic-read64-round3-after.log,after,azblob,4,wake,64,PASS,workload,AppendBlock,PUT,201,false,false,4
diagnostic,diagnostic-read64-round3-after.log,after,azblob,4,wake,64,PASS,workload,DownloadBlob,GET,206,false,false,4
diagnostic,diagnostic-read64-round3-after.log,after,azblob,4,wake,64,PASS,workload,DownloadBlob,GET,416,false,true,33
diagnostic,diagnostic-read64-round3-after.log,after,azblob,4,wake,64,PASS,lifecycle,AppendBlock,PUT,201,false,false,8
diagnostic,diagnostic-read64-round3-after.log,after,azblob,4,wake,64,PASS,lifecycle,CreateContainer,PUT,201,false,false,6
diagnostic,diagnostic-read64-round3-after.log,after,azblob,4,wake,64,PASS,lifecycle,DeleteBlob,DELETE,202,false,false,8
diagnostic,diagnostic-read64-round3-after.log,after,azblob,4,wake,64,PASS,lifecycle,DeleteContainer,DELETE,202,false,false,6
diagnostic,diagnostic-read64-round3-after.log,after,azblob,4,wake,64,PASS,lifecycle,DownloadBlob,GET,200,false,false,4
diagnostic,diagnostic-read64-round3-after.log,after,azblob,4,wake,64,PASS,lifecycle,DownloadBlob,GET,206,false,false,4
diagnostic,diagnostic-read64-round3-after.log,after,azblob,4,wake,64,PASS,lifecycle,DownloadBlob,GET,404,false,true,19
diagnostic,diagnostic-read64-round3-after.log,after,azblob,4,wake,64,PASS,lifecycle,DownloadBlob,GET,416,false,true,33
diagnostic,diagnostic-read64-round3-after.log,after,azblob,4,wake,64,PASS,lifecycle,ListBlobs,GET,200,false,false,8
diagnostic,diagnostic-read64-round3-after.log,after,azblob,4,wake,64,PASS,lifecycle,PutBlob,PUT,201,false,false,16
diagnostic,diagnostic-read64-round3-before.log,before,azblob,4,wake,64,PASS,workload,AppendBlock,PUT,201,false,false,4
diagnostic,diagnostic-read64-round3-before.log,before,azblob,4,wake,64,PASS,workload,DownloadBlob,GET,206,false,false,4
diagnostic,diagnostic-read64-round3-before.log,before,azblob,4,wake,64,PASS,workload,DownloadBlob,GET,416,false,true,35
diagnostic,diagnostic-read64-round3-before.log,before,azblob,4,wake,64,PASS,lifecycle,AppendBlock,PUT,201,false,false,8
diagnostic,diagnostic-read64-round3-before.log,before,azblob,4,wake,64,PASS,lifecycle,CreateContainer,PUT,201,false,false,6
diagnostic,diagnostic-read64-round3-before.log,before,azblob,4,wake,64,PASS,lifecycle,DeleteBlob,DELETE,202,false,false,8
diagnostic,diagnostic-read64-round3-before.log,before,azblob,4,wake,64,PASS,lifecycle,DeleteContainer,DELETE,202,false,false,6
diagnostic,diagnostic-read64-round3-before.log,before,azblob,4,wake,64,PASS,lifecycle,DownloadBlob,GET,200,false,false,4
diagnostic,diagnostic-read64-round3-before.log,before,azblob,4,wake,64,PASS,lifecycle,DownloadBlob,GET,206,false,false,4
diagnostic,diagnostic-read64-round3-before.log,before,azblob,4,wake,64,PASS,lifecycle,DownloadBlob,GET,404,false,true,17
diagnostic,diagnostic-read64-round3-before.log,before,azblob,4,wake,64,PASS,lifecycle,DownloadBlob,GET,416,false,true,35
diagnostic,diagnostic-read64-round3-before.log,before,azblob,4,wake,64,PASS,lifecycle,ListBlobs,GET,200,false,false,6
diagnostic,diagnostic-read64-round3-before.log,before,azblob,4,wake,64,PASS,lifecycle,PutBlob,PUT,201,false,false,16
live,live-read64-round1-after.log,after,azblob,1,idle,64,PASS,workload,DownloadBlob,GET,416,false,true,8
live,live-read64-round1-after.log,after,azblob,1,idle,64,PASS,lifecycle,AppendBlock,PUT,201,false,false,1
live,live-read64-round1-after.log,after,azblob,1,idle,64,PASS,lifecycle,CreateContainer,PUT,201,false,false,3
live,live-read64-round1-after.log,after,azblob,1,idle,64,PASS,lifecycle,DeleteBlob,DELETE,202,false,false,2
live,live-read64-round1-after.log,after,azblob,1,idle,64,PASS,lifecycle,DeleteContainer,DELETE,202,false,false,3
live,live-read64-round1-after.log,after,azblob,1,idle,64,PASS,lifecycle,DownloadBlob,GET,200,false,false,1
live,live-read64-round1-after.log,after,azblob,1,idle,64,PASS,lifecycle,DownloadBlob,GET,404,false,true,5
live,live-read64-round1-after.log,after,azblob,1,idle,64,PASS,lifecycle,DownloadBlob,GET,416,false,true,8
live,live-read64-round1-after.log,after,azblob,1,idle,64,PASS,lifecycle,ListBlobs,GET,200,false,false,2
live,live-read64-round1-after.log,after,azblob,1,idle,64,PASS,lifecycle,PutBlob,PUT,201,false,false,4
live,live-read64-round1-after.log,after,azblob,1,interactive,64,PASS,workload,AppendBlock,PUT,201,false,false,32
live,live-read64-round1-after.log,after,azblob,1,interactive,64,PASS,workload,DeleteBlob,DELETE,202,false,false,1
live,live-read64-round1-after.log,after,azblob,1,interactive,64,PASS,workload,DownloadBlob,GET,206,false,false,32
live,live-read64-round1-after.log,after,azblob,1,interactive,64,PASS,lifecycle,AppendBlock,PUT,201,false,false,33
live,live-read64-round1-after.log,after,azblob,1,interactive,64,PASS,lifecycle,CreateContainer,PUT,201,false,false,3
live,live-read64-round1-after.log,after,azblob,1,interactive,64,PASS,lifecycle,DeleteBlob,DELETE,202,false,false,2
live,live-read64-round1-after.log,after,azblob,1,interactive,64,PASS,lifecycle,DeleteContainer,DELETE,202,false,false,3
live,live-read64-round1-after.log,after,azblob,1,interactive,64,PASS,lifecycle,DownloadBlob,GET,200,false,false,1
live,live-read64-round1-after.log,after,azblob,1,interactive,64,PASS,lifecycle,DownloadBlob,GET,206,false,false,32
live,live-read64-round1-after.log,after,azblob,1,interactive,64,PASS,lifecycle,DownloadBlob,GET,404,false,true,5
live,live-read64-round1-after.log,after,azblob,1,interactive,64,PASS,lifecycle,ListBlobs,GET,200,false,false,2
live,live-read64-round1-after.log,after,azblob,1,interactive,64,PASS,lifecycle,PutBlob,PUT,201,false,false,4
live,live-read64-round1-after.log,after,azblob,1,stream,64,PASS,workload,AppendBlock,PUT,201,false,false,65
live,live-read64-round1-after.log,after,azblob,1,stream,64,PASS,workload,DeleteBlob,DELETE,202,false,false,1
live,live-read64-round1-after.log,after,azblob,1,stream,64,PASS,workload,DownloadBlob,GET,206,false,false,62
live,live-read64-round1-after.log,after,azblob,1,stream,64,PASS,workload,DownloadBlob,GET,416,false,true,7
live,live-read64-round1-after.log,after,azblob,1,stream,64,PASS,lifecycle,AppendBlock,PUT,201,false,false,65
live,live-read64-round1-after.log,after,azblob,1,stream,64,PASS,lifecycle,CreateContainer,PUT,201,false,false,3
live,live-read64-round1-after.log,after,azblob,1,stream,64,PASS,lifecycle,DeleteBlob,DELETE,202,false,false,2
live,live-read64-round1-after.log,after,azblob,1,stream,64,PASS,lifecycle,DeleteContainer,DELETE,202,false,false,3
live,live-read64-round1-after.log,after,azblob,1,stream,64,PASS,lifecycle,DownloadBlob,GET,200,false,false,1
live,live-read64-round1-after.log,after,azblob,1,stream,64,PASS,lifecycle,DownloadBlob,GET,206,false,false,62
live,live-read64-round1-after.log,after,azblob,1,stream,64,PASS,lifecycle,DownloadBlob,GET,404,false,true,6
live,live-read64-round1-after.log,after,azblob,1,stream,64,PASS,lifecycle,DownloadBlob,GET,416,false,true,7
live,live-read64-round1-after.log,after,azblob,1,stream,64,PASS,lifecycle,ListBlobs,GET,200,false,false,2
live,live-read64-round1-after.log,after,azblob,1,stream,64,PASS,lifecycle,PutBlob,PUT,201,false,false,4
live,live-read64-round1-after.log,after,azblob,1,duplex,64,PASS,workload,AppendBlock,PUT,201,false,false,130
live,live-read64-round1-after.log,after,azblob,1,duplex,64,PASS,workload,DeleteBlob,DELETE,202,false,false,1
live,live-read64-round1-after.log,after,azblob,1,duplex,64,PASS,workload,DownloadBlob,GET,206,false,false,127
live,live-read64-round1-after.log,after,azblob,1,duplex,64,PASS,workload,DownloadBlob,GET,416,false,true,14
live,live-read64-round1-after.log,after,azblob,1,duplex,64,PASS,lifecycle,AppendBlock,PUT,201,false,false,130
live,live-read64-round1-after.log,after,azblob,1,duplex,64,PASS,lifecycle,CreateContainer,PUT,201,false,false,3
live,live-read64-round1-after.log,after,azblob,1,duplex,64,PASS,lifecycle,DeleteBlob,DELETE,202,false,false,2
live,live-read64-round1-after.log,after,azblob,1,duplex,64,PASS,lifecycle,DeleteContainer,DELETE,202,false,false,3
live,live-read64-round1-after.log,after,azblob,1,duplex,64,PASS,lifecycle,DownloadBlob,GET,200,false,false,1
live,live-read64-round1-after.log,after,azblob,1,duplex,64,PASS,lifecycle,DownloadBlob,GET,206,false,false,127
live,live-read64-round1-after.log,after,azblob,1,duplex,64,PASS,lifecycle,DownloadBlob,GET,404,false,true,5
live,live-read64-round1-after.log,after,azblob,1,duplex,64,PASS,lifecycle,DownloadBlob,GET,416,false,true,14
live,live-read64-round1-after.log,after,azblob,1,duplex,64,PASS,lifecycle,ListBlobs,GET,200,false,false,2
live,live-read64-round1-after.log,after,azblob,1,duplex,64,PASS,lifecycle,PutBlob,PUT,201,false,false,4
live,live-read64-round1-after.log,after,azblob,1,wake,64,PASS,workload,AppendBlock,PUT,201,false,false,1
live,live-read64-round1-after.log,after,azblob,1,wake,64,PASS,workload,DownloadBlob,GET,206,false,false,1
live,live-read64-round1-after.log,after,azblob,1,wake,64,PASS,workload,DownloadBlob,GET,416,false,true,8
live,live-read64-round1-after.log,after,azblob,1,wake,64,PASS,lifecycle,AppendBlock,PUT,201,false,false,2
live,live-read64-round1-after.log,after,azblob,1,wake,64,PASS,lifecycle,CreateContainer,PUT,201,false,false,3
live,live-read64-round1-after.log,after,azblob,1,wake,64,PASS,lifecycle,DeleteBlob,DELETE,202,false,false,2
live,live-read64-round1-after.log,after,azblob,1,wake,64,PASS,lifecycle,DeleteContainer,DELETE,202,false,false,3
live,live-read64-round1-after.log,after,azblob,1,wake,64,PASS,lifecycle,DownloadBlob,GET,200,false,false,1
live,live-read64-round1-after.log,after,azblob,1,wake,64,PASS,lifecycle,DownloadBlob,GET,206,false,false,1
live,live-read64-round1-after.log,after,azblob,1,wake,64,PASS,lifecycle,DownloadBlob,GET,404,false,true,5
live,live-read64-round1-after.log,after,azblob,1,wake,64,PASS,lifecycle,DownloadBlob,GET,416,false,true,8
live,live-read64-round1-after.log,after,azblob,1,wake,64,PASS,lifecycle,ListBlobs,GET,200,false,false,2
live,live-read64-round1-after.log,after,azblob,1,wake,64,PASS,lifecycle,PutBlob,PUT,201,false,false,4
live,live-read64-round1-after.log,after,azblob,4,idle,64,PASS,workload,DownloadBlob,GET,0,false,true,4
live,live-read64-round1-after.log,after,azblob,4,idle,64,PASS,workload,DownloadBlob,GET,416,false,true,29
live,live-read64-round1-after.log,after,azblob,4,idle,64,PASS,lifecycle,AppendBlock,PUT,201,false,false,4
live,live-read64-round1-after.log,after,azblob,4,idle,64,PASS,lifecycle,CreateContainer,PUT,201,false,false,6
live,live-read64-round1-after.log,after,azblob,4,idle,64,PASS,lifecycle,DeleteBlob,DELETE,202,false,false,8
live,live-read64-round1-after.log,after,azblob,4,idle,64,PASS,lifecycle,DeleteContainer,DELETE,202,false,false,6
live,live-read64-round1-after.log,after,azblob,4,idle,64,PASS,lifecycle,DownloadBlob,GET,0,false,true,4
live,live-read64-round1-after.log,after,azblob,4,idle,64,PASS,lifecycle,DownloadBlob,GET,200,false,false,4
live,live-read64-round1-after.log,after,azblob,4,idle,64,PASS,lifecycle,DownloadBlob,GET,404,false,true,20
live,live-read64-round1-after.log,after,azblob,4,idle,64,PASS,lifecycle,DownloadBlob,GET,416,false,true,29
live,live-read64-round1-after.log,after,azblob,4,idle,64,PASS,lifecycle,ListBlobs,GET,200,false,false,8
live,live-read64-round1-after.log,after,azblob,4,idle,64,PASS,lifecycle,PutBlob,PUT,201,false,false,16
live,live-read64-round1-after.log,after,azblob,4,interactive,64,PASS,workload,AppendBlock,PUT,201,false,false,128
live,live-read64-round1-after.log,after,azblob,4,interactive,64,PASS,workload,DeleteBlob,DELETE,202,false,false,4
live,live-read64-round1-after.log,after,azblob,4,interactive,64,PASS,workload,DownloadBlob,GET,206,false,false,128
live,live-read64-round1-after.log,after,azblob,4,interactive,64,PASS,lifecycle,AppendBlock,PUT,201,false,false,132
live,live-read64-round1-after.log,after,azblob,4,interactive,64,PASS,lifecycle,CreateContainer,PUT,201,false,false,6
live,live-read64-round1-after.log,after,azblob,4,interactive,64,PASS,lifecycle,DeleteBlob,DELETE,202,false,false,8
live,live-read64-round1-after.log,after,azblob,4,interactive,64,PASS,lifecycle,DeleteContainer,DELETE,202,false,false,6
live,live-read64-round1-after.log,after,azblob,4,interactive,64,PASS,lifecycle,DownloadBlob,GET,200,false,false,4
live,live-read64-round1-after.log,after,azblob,4,interactive,64,PASS,lifecycle,DownloadBlob,GET,206,false,false,128
live,live-read64-round1-after.log,after,azblob,4,interactive,64,PASS,lifecycle,DownloadBlob,GET,404,false,true,20
live,live-read64-round1-after.log,after,azblob,4,interactive,64,PASS,lifecycle,ListBlobs,GET,200,false,false,8
live,live-read64-round1-after.log,after,azblob,4,interactive,64,PASS,lifecycle,PutBlob,PUT,201,false,false,16
live,live-read64-round1-after.log,after,azblob,4,stream,64,PASS,workload,AppendBlock,PUT,201,false,false,260
live,live-read64-round1-after.log,after,azblob,4,stream,64,PASS,workload,DeleteBlob,DELETE,202,false,false,4
live,live-read64-round1-after.log,after,azblob,4,stream,64,PASS,workload,DownloadBlob,GET,206,false,false,228
live,live-read64-round1-after.log,after,azblob,4,stream,64,PASS,workload,DownloadBlob,GET,416,false,true,43
live,live-read64-round1-after.log,after,azblob,4,stream,64,PASS,lifecycle,AppendBlock,PUT,201,false,false,260
live,live-read64-round1-after.log,after,azblob,4,stream,64,PASS,lifecycle,CreateContainer,PUT,201,false,false,6
live,live-read64-round1-after.log,after,azblob,4,stream,64,PASS,lifecycle,DeleteBlob,DELETE,202,false,false,8
live,live-read64-round1-after.log,after,azblob,4,stream,64,PASS,lifecycle,DeleteContainer,DELETE,202,false,false,6
live,live-read64-round1-after.log,after,azblob,4,stream,64,PASS,lifecycle,DownloadBlob,GET,200,false,false,4
live,live-read64-round1-after.log,after,azblob,4,stream,64,PASS,lifecycle,DownloadBlob,GET,206,false,false,228
live,live-read64-round1-after.log,after,azblob,4,stream,64,PASS,lifecycle,DownloadBlob,GET,404,false,true,22
live,live-read64-round1-after.log,after,azblob,4,stream,64,PASS,lifecycle,DownloadBlob,GET,416,false,true,43
live,live-read64-round1-after.log,after,azblob,4,stream,64,PASS,lifecycle,ListBlobs,GET,200,false,false,8
live,live-read64-round1-after.log,after,azblob,4,stream,64,PASS,lifecycle,PutBlob,PUT,201,false,false,16
live,live-read64-round1-after.log,after,azblob,4,duplex,64,PASS,workload,AppendBlock,PUT,201,false,false,520
live,live-read64-round1-after.log,after,azblob,4,duplex,64,PASS,workload,DeleteBlob,DELETE,202,false,false,4
live,live-read64-round1-after.log,after,azblob,4,duplex,64,PASS,workload,DownloadBlob,GET,206,false,false,467
live,live-read64-round1-after.log,after,azblob,4,duplex,64,PASS,workload,DownloadBlob,GET,416,false,true,65
live,live-read64-round1-after.log,after,azblob,4,duplex,64,PASS,lifecycle,AppendBlock,PUT,201,false,false,520
live,live-read64-round1-after.log,after,azblob,4,duplex,64,PASS,lifecycle,CreateContainer,PUT,201,false,false,6
live,live-read64-round1-after.log,after,azblob,4,duplex,64,PASS,lifecycle,DeleteBlob,DELETE,202,false,false,8
live,live-read64-round1-after.log,after,azblob,4,duplex,64,PASS,lifecycle,DeleteContainer,DELETE,202,false,false,6
live,live-read64-round1-after.log,after,azblob,4,duplex,64,PASS,lifecycle,DownloadBlob,GET,200,false,false,4
live,live-read64-round1-after.log,after,azblob,4,duplex,64,PASS,lifecycle,DownloadBlob,GET,206,false,false,467
live,live-read64-round1-after.log,after,azblob,4,duplex,64,PASS,lifecycle,DownloadBlob,GET,404,false,true,20
live,live-read64-round1-after.log,after,azblob,4,duplex,64,PASS,lifecycle,DownloadBlob,GET,416,false,true,65
live,live-read64-round1-after.log,after,azblob,4,duplex,64,PASS,lifecycle,ListBlobs,GET,200,false,false,8
live,live-read64-round1-after.log,after,azblob,4,duplex,64,PASS,lifecycle,PutBlob,PUT,201,false,false,16
live,live-read64-round1-after.log,after,azblob,4,wake,64,PASS,workload,AppendBlock,PUT,201,false,false,4
live,live-read64-round1-after.log,after,azblob,4,wake,64,PASS,workload,DownloadBlob,GET,206,false,false,4
live,live-read64-round1-after.log,after,azblob,4,wake,64,PASS,workload,DownloadBlob,GET,416,false,true,33
live,live-read64-round1-after.log,after,azblob,4,wake,64,PASS,lifecycle,AppendBlock,PUT,201,false,false,8
live,live-read64-round1-after.log,after,azblob,4,wake,64,PASS,lifecycle,CreateContainer,PUT,201,false,false,6
live,live-read64-round1-after.log,after,azblob,4,wake,64,PASS,lifecycle,DeleteBlob,DELETE,202,false,false,8
live,live-read64-round1-after.log,after,azblob,4,wake,64,PASS,lifecycle,DeleteContainer,DELETE,202,false,false,6
live,live-read64-round1-after.log,after,azblob,4,wake,64,PASS,lifecycle,DownloadBlob,GET,200,false,false,4
live,live-read64-round1-after.log,after,azblob,4,wake,64,PASS,lifecycle,DownloadBlob,GET,206,false,false,4
live,live-read64-round1-after.log,after,azblob,4,wake,64,PASS,lifecycle,DownloadBlob,GET,404,false,true,20
live,live-read64-round1-after.log,after,azblob,4,wake,64,PASS,lifecycle,DownloadBlob,GET,416,false,true,33
live,live-read64-round1-after.log,after,azblob,4,wake,64,PASS,lifecycle,ListBlobs,GET,200,false,false,8
live,live-read64-round1-after.log,after,azblob,4,wake,64,PASS,lifecycle,PutBlob,PUT,201,false,false,16
live,live-read64-round1-after.log,after,azqueue,1,idle,64,PASS,workload,DequeueMessages,GET,0,false,true,1
live,live-read64-round1-after.log,after,azqueue,1,idle,64,PASS,workload,DequeueMessages,GET,200,false,false,29
live,live-read64-round1-after.log,after,azqueue,1,idle,64,PASS,lifecycle,CreateQueue,PUT,201,false,false,4
live,live-read64-round1-after.log,after,azqueue,1,idle,64,PASS,lifecycle,DeleteMessage,DELETE,204,false,false,2
live,live-read64-round1-after.log,after,azqueue,1,idle,64,PASS,lifecycle,DeleteQueue,DELETE,204,false,false,4
live,live-read64-round1-after.log,after,azqueue,1,idle,64,PASS,lifecycle,DequeueMessages,GET,0,false,true,1
live,live-read64-round1-after.log,after,azqueue,1,idle,64,PASS,lifecycle,DequeueMessages,GET,200,false,false,31
live,live-read64-round1-after.log,after,azqueue,1,idle,64,PASS,lifecycle,EnqueueMessage,POST,201,false,false,3
live,live-read64-round1-after.log,after,azqueue,1,idle,64,PASS,lifecycle,PeekMessages,GET,200,false,false,4
live,live-read64-round1-after.log,after,azqueue,1,interactive,64,PASS,workload,DeleteMessage,DELETE,204,false,false,33
live,live-read64-round1-after.log,after,azqueue,1,interactive,64,PASS,workload,DequeueMessages,GET,200,false,false,32
live,live-read64-round1-after.log,after,azqueue,1,interactive,64,PASS,workload,EnqueueMessage,POST,201,false,false,32
live,live-read64-round1-after.log,after,azqueue,1,interactive,64,PASS,lifecycle,CreateQueue,PUT,201,false,false,4
live,live-read64-round1-after.log,after,azqueue,1,interactive,64,PASS,lifecycle,DeleteMessage,DELETE,204,false,false,34
live,live-read64-round1-after.log,after,azqueue,1,interactive,64,PASS,lifecycle,DeleteQueue,DELETE,204,false,false,4
live,live-read64-round1-after.log,after,azqueue,1,interactive,64,PASS,lifecycle,DequeueMessages,GET,200,false,false,34
live,live-read64-round1-after.log,after,azqueue,1,interactive,64,PASS,lifecycle,EnqueueMessage,POST,201,false,false,35
live,live-read64-round1-after.log,after,azqueue,1,interactive,64,PASS,lifecycle,PeekMessages,GET,200,false,false,8
live,live-read64-round1-after.log,after,azqueue,1,stream,64,PASS,workload,DeleteMessage,DELETE,204,false,false,130
live,live-read64-round1-after.log,after,azqueue,1,stream,64,PASS,workload,DequeueMessages,GET,200,false,false,51
live,live-read64-round1-after.log,after,azqueue,1,stream,64,PASS,workload,EnqueueMessage,POST,201,false,false,129
live,live-read64-round1-after.log,after,azqueue,1,stream,64,PASS,lifecycle,CreateQueue,PUT,201,false,false,4
live,live-read64-round1-after.log,after,azqueue,1,stream,64,PASS,lifecycle,DeleteMessage,DELETE,204,false,false,131
live,live-read64-round1-after.log,after,azqueue,1,stream,64,PASS,lifecycle,DeleteQueue,DELETE,204,false,false,4
live,live-read64-round1-after.log,after,azqueue,1,stream,64,PASS,lifecycle,DequeueMessages,GET,200,false,false,53
live,live-read64-round1-after.log,after,azqueue,1,stream,64,PASS,lifecycle,EnqueueMessage,POST,201,false,false,131
live,live-read64-round1-after.log,after,azqueue,1,stream,64,PASS,lifecycle,PeekMessages,GET,200,false,false,5
live,live-read64-round1-after.log,after,azqueue,1,duplex,64,PASS,workload,DeleteMessage,DELETE,204,false,false,259
live,live-read64-round1-after.log,after,azqueue,1,duplex,64,PASS,workload,DequeueMessages,GET,200,false,false,106
live,live-read64-round1-after.log,after,azqueue,1,duplex,64,PASS,workload,EnqueueMessage,POST,201,false,false,258
live,live-read64-round1-after.log,after,azqueue,1,duplex,64,PASS,lifecycle,CreateQueue,PUT,201,false,false,4
live,live-read64-round1-after.log,after,azqueue,1,duplex,64,PASS,lifecycle,DeleteMessage,DELETE,204,false,false,260
live,live-read64-round1-after.log,after,azqueue,1,duplex,64,PASS,lifecycle,DeleteQueue,DELETE,204,false,false,4
live,live-read64-round1-after.log,after,azqueue,1,duplex,64,PASS,lifecycle,DequeueMessages,GET,200,false,false,108
live,live-read64-round1-after.log,after,azqueue,1,duplex,64,PASS,lifecycle,EnqueueMessage,POST,201,false,false,260
live,live-read64-round1-after.log,after,azqueue,1,duplex,64,PASS,lifecycle,PeekMessages,GET,200,false,false,5
live,live-read64-round1-after.log,after,azqueue,1,wake,64,PASS,workload,DeleteMessage,DELETE,204,false,false,1
live,live-read64-round1-after.log,after,azqueue,1,wake,64,PASS,workload,DequeueMessages,GET,200,false,false,30
live,live-read64-round1-after.log,after,azqueue,1,wake,64,PASS,workload,EnqueueMessage,POST,201,false,false,1
live,live-read64-round1-after.log,after,azqueue,1,wake,64,PASS,lifecycle,CreateQueue,PUT,201,false,false,4
live,live-read64-round1-after.log,after,azqueue,1,wake,64,PASS,lifecycle,DeleteMessage,DELETE,204,false,false,3
live,live-read64-round1-after.log,after,azqueue,1,wake,64,PASS,lifecycle,DeleteQueue,DELETE,204,false,false,4
live,live-read64-round1-after.log,after,azqueue,1,wake,64,PASS,lifecycle,DequeueMessages,GET,200,false,false,32
live,live-read64-round1-after.log,after,azqueue,1,wake,64,PASS,lifecycle,EnqueueMessage,POST,201,false,false,4
live,live-read64-round1-after.log,after,azqueue,1,wake,64,PASS,lifecycle,PeekMessages,GET,200,false,false,5
live,live-read64-round1-after.log,after,azqueue,4,idle,64,PASS,workload,DequeueMessages,GET,0,false,true,4
live,live-read64-round1-after.log,after,azqueue,4,idle,64,PASS,workload,DequeueMessages,GET,200,false,false,112
live,live-read64-round1-after.log,after,azqueue,4,idle,64,PASS,lifecycle,CreateQueue,PUT,201,false,false,10
live,live-read64-round1-after.log,after,azqueue,4,idle,64,PASS,lifecycle,DeleteMessage,DELETE,204,false,false,8
live,live-read64-round1-after.log,after,azqueue,4,idle,64,PASS,lifecycle,DeleteQueue,DELETE,204,false,false,10
live,live-read64-round1-after.log,after,azqueue,4,idle,64,PASS,lifecycle,DequeueMessages,GET,0,false,true,4
live,live-read64-round1-after.log,after,azqueue,4,idle,64,PASS,lifecycle,DequeueMessages,GET,200,false,false,120
live,live-read64-round1-after.log,after,azqueue,4,idle,64,PASS,lifecycle,EnqueueMessage,POST,201,false,false,12
live,live-read64-round1-after.log,after,azqueue,4,idle,64,PASS,lifecycle,PeekMessages,GET,200,false,false,19
live,live-read64-round1-after.log,after,azqueue,4,interactive,64,PASS,workload,DeleteMessage,DELETE,204,false,false,132
live,live-read64-round1-after.log,after,azqueue,4,interactive,64,PASS,workload,DequeueMessages,GET,200,false,false,128
live,live-read64-round1-after.log,after,azqueue,4,interactive,64,PASS,workload,EnqueueMessage,POST,201,false,false,128
live,live-read64-round1-after.log,after,azqueue,4,interactive,64,PASS,lifecycle,CreateQueue,PUT,201,false,false,10
live,live-read64-round1-after.log,after,azqueue,4,interactive,64,PASS,lifecycle,DeleteMessage,DELETE,204,false,false,136
live,live-read64-round1-after.log,after,azqueue,4,interactive,64,PASS,lifecycle,DeleteQueue,DELETE,204,false,false,10
live,live-read64-round1-after.log,after,azqueue,4,interactive,64,PASS,lifecycle,DequeueMessages,GET,200,false,false,136
live,live-read64-round1-after.log,after,azqueue,4,interactive,64,PASS,lifecycle,EnqueueMessage,POST,201,false,false,140
live,live-read64-round1-after.log,after,azqueue,4,interactive,64,PASS,lifecycle,PeekMessages,GET,200,false,false,18
live,live-read64-round1-after.log,after,azqueue,4,stream,64,PASS,workload,DeleteMessage,DELETE,204,false,false,520
live,live-read64-round1-after.log,after,azqueue,4,stream,64,PASS,workload,DequeueMessages,GET,200,false,false,203
live,live-read64-round1-after.log,after,azqueue,4,stream,64,PASS,workload,EnqueueMessage,POST,201,false,false,516
live,live-read64-round1-after.log,after,azqueue,4,stream,64,PASS,lifecycle,CreateQueue,PUT,201,false,false,10
live,live-read64-round1-after.log,after,azqueue,4,stream,64,PASS,lifecycle,DeleteMessage,DELETE,204,false,false,524
live,live-read64-round1-after.log,after,azqueue,4,stream,64,PASS,lifecycle,DeleteQueue,DELETE,204,false,false,10
live,live-read64-round1-after.log,after,azqueue,4,stream,64,PASS,lifecycle,DequeueMessages,GET,200,false,false,211
live,live-read64-round1-after.log,after,azqueue,4,stream,64,PASS,lifecycle,EnqueueMessage,POST,201,false,false,524
live,live-read64-round1-after.log,after,azqueue,4,stream,64,PASS,lifecycle,PeekMessages,GET,200,false,false,18
live,live-read64-round1-after.log,after,azqueue,4,duplex,64,PASS,workload,DeleteMessage,DELETE,204,false,false,1036
live,live-read64-round1-after.log,after,azqueue,4,duplex,64,PASS,workload,DequeueMessages,GET,200,false,false,429
live,live-read64-round1-after.log,after,azqueue,4,duplex,64,PASS,workload,EnqueueMessage,POST,201,false,false,1032
live,live-read64-round1-after.log,after,azqueue,4,duplex,64,PASS,lifecycle,CreateQueue,PUT,201,false,false,10
live,live-read64-round1-after.log,after,azqueue,4,duplex,64,PASS,lifecycle,DeleteMessage,DELETE,204,false,false,1040
live,live-read64-round1-after.log,after,azqueue,4,duplex,64,PASS,lifecycle,DeleteQueue,DELETE,204,false,false,10
live,live-read64-round1-after.log,after,azqueue,4,duplex,64,PASS,lifecycle,DequeueMessages,GET,200,false,false,437
live,live-read64-round1-after.log,after,azqueue,4,duplex,64,PASS,lifecycle,EnqueueMessage,POST,201,false,false,1040
live,live-read64-round1-after.log,after,azqueue,4,duplex,64,PASS,lifecycle,PeekMessages,GET,200,false,false,18
live,live-read64-round1-after.log,after,azqueue,4,wake,64,PASS,workload,DeleteMessage,DELETE,204,false,false,4
live,live-read64-round1-after.log,after,azqueue,4,wake,64,PASS,workload,DequeueMessages,GET,200,false,false,116
live,live-read64-round1-after.log,after,azqueue,4,wake,64,PASS,workload,EnqueueMessage,POST,201,false,false,4
live,live-read64-round1-after.log,after,azqueue,4,wake,64,PASS,lifecycle,CreateQueue,PUT,201,false,false,10
live,live-read64-round1-after.log,after,azqueue,4,wake,64,PASS,lifecycle,DeleteMessage,DELETE,204,false,false,12
live,live-read64-round1-after.log,after,azqueue,4,wake,64,PASS,lifecycle,DeleteQueue,DELETE,204,false,false,10
live,live-read64-round1-after.log,after,azqueue,4,wake,64,PASS,lifecycle,DequeueMessages,GET,200,false,false,123
live,live-read64-round1-after.log,after,azqueue,4,wake,64,PASS,lifecycle,EnqueueMessage,POST,201,false,false,16
live,live-read64-round1-after.log,after,azqueue,4,wake,64,PASS,lifecycle,PeekMessages,GET,200,false,false,16
live,live-read64-round1-after.log,after,aztable,1,idle,64,PASS,workload,QueryEntities,GET,0,false,true,1
live,live-read64-round1-after.log,after,aztable,1,idle,64,PASS,workload,QueryEntities,GET,200,false,false,27
live,live-read64-round1-after.log,after,aztable,1,idle,64,PASS,lifecycle,AddEntity,POST,201,false,false,2
live,live-read64-round1-after.log,after,aztable,1,idle,64,PASS,lifecycle,AddEntity,POST,204,false,false,1
live,live-read64-round1-after.log,after,aztable,1,idle,64,PASS,lifecycle,CreateTable,POST,201,false,false,4
live,live-read64-round1-after.log,after,aztable,1,idle,64,PASS,lifecycle,DeleteEntity,DELETE,204,false,false,2
live,live-read64-round1-after.log,after,aztable,1,idle,64,PASS,lifecycle,DeleteTable,DELETE,204,false,false,4
live,live-read64-round1-after.log,after,aztable,1,idle,64,PASS,lifecycle,GetEntity,GET,200,false,false,1
live,live-read64-round1-after.log,after,aztable,1,idle,64,PASS,lifecycle,GetEntity,GET,404,false,true,4
live,live-read64-round1-after.log,after,aztable,1,idle,64,PASS,lifecycle,QueryEntities,GET,0,false,true,1
live,live-read64-round1-after.log,after,aztable,1,idle,64,PASS,lifecycle,QueryEntities,GET,200,false,false,29
live,live-read64-round1-after.log,after,aztable,1,interactive,64,PASS,workload,AddEntity,POST,204,false,false,32
live,live-read64-round1-after.log,after,aztable,1,interactive,64,PASS,workload,DeleteEntity,DELETE,204,false,false,1
live,live-read64-round1-after.log,after,aztable,1,interactive,64,PASS,workload,QueryEntities,GET,200,false,false,32
live,live-read64-round1-after.log,after,aztable,1,interactive,64,PASS,lifecycle,AddEntity,POST,201,false,false,2
live,live-read64-round1-after.log,after,aztable,1,interactive,64,PASS,lifecycle,AddEntity,POST,204,false,false,33
live,live-read64-round1-after.log,after,aztable,1,interactive,64,PASS,lifecycle,CreateTable,POST,201,false,false,4
live,live-read64-round1-after.log,after,aztable,1,interactive,64,PASS,lifecycle,DeleteEntity,DELETE,204,false,false,2
live,live-read64-round1-after.log,after,aztable,1,interactive,64,PASS,lifecycle,DeleteTable,DELETE,204,false,false,4
live,live-read64-round1-after.log,after,aztable,1,interactive,64,PASS,lifecycle,GetEntity,GET,200,false,false,1
live,live-read64-round1-after.log,after,aztable,1,interactive,64,PASS,lifecycle,GetEntity,GET,404,false,true,3
live,live-read64-round1-after.log,after,aztable,1,interactive,64,PASS,lifecycle,QueryEntities,GET,200,false,false,34
live,live-read64-round1-after.log,after,aztable,1,stream,64,PASS,workload,AddEntity,POST,204,false,false,65
live,live-read64-round1-after.log,after,aztable,1,stream,64,PASS,workload,DeleteEntity,DELETE,204,false,false,1
live,live-read64-round1-after.log,after,aztable,1,stream,64,PASS,workload,QueryEntities,GET,200,false,false,44
live,live-read64-round1-after.log,after,aztable,1,stream,64,PASS,lifecycle,AddEntity,POST,201,false,false,2
live,live-read64-round1-after.log,after,aztable,1,stream,64,PASS,lifecycle,AddEntity,POST,204,false,false,65
live,live-read64-round1-after.log,after,aztable,1,stream,64,PASS,lifecycle,CreateTable,POST,201,false,false,4
live,live-read64-round1-after.log,after,aztable,1,stream,64,PASS,lifecycle,DeleteEntity,DELETE,204,false,false,2
live,live-read64-round1-after.log,after,aztable,1,stream,64,PASS,lifecycle,DeleteTable,DELETE,204,false,false,4
live,live-read64-round1-after.log,after,aztable,1,stream,64,PASS,lifecycle,GetEntity,GET,200,false,false,1
live,live-read64-round1-after.log,after,aztable,1,stream,64,PASS,lifecycle,GetEntity,GET,404,false,true,4
live,live-read64-round1-after.log,after,aztable,1,stream,64,PASS,lifecycle,QueryEntities,GET,200,false,false,46
live,live-read64-round1-after.log,after,aztable,1,duplex,64,PASS,workload,AddEntity,POST,204,false,false,130
live,live-read64-round1-after.log,after,aztable,1,duplex,64,PASS,workload,DeleteEntity,DELETE,204,false,false,1
live,live-read64-round1-after.log,after,aztable,1,duplex,64,PASS,workload,QueryEntities,GET,200,false,false,100
live,live-read64-round1-after.log,after,aztable,1,duplex,64,PASS,lifecycle,AddEntity,POST,201,false,false,2
live,live-read64-round1-after.log,after,aztable,1,duplex,64,PASS,lifecycle,AddEntity,POST,204,false,false,130
live,live-read64-round1-after.log,after,aztable,1,duplex,64,PASS,lifecycle,CreateTable,POST,201,false,false,4
live,live-read64-round1-after.log,after,aztable,1,duplex,64,PASS,lifecycle,DeleteEntity,DELETE,204,false,false,2
live,live-read64-round1-after.log,after,aztable,1,duplex,64,PASS,lifecycle,DeleteTable,DELETE,204,false,false,4
live,live-read64-round1-after.log,after,aztable,1,duplex,64,PASS,lifecycle,GetEntity,GET,200,false,false,1
live,live-read64-round1-after.log,after,aztable,1,duplex,64,PASS,lifecycle,GetEntity,GET,404,false,true,4
live,live-read64-round1-after.log,after,aztable,1,duplex,64,PASS,lifecycle,QueryEntities,GET,200,false,false,102
live,live-read64-round1-after.log,after,aztable,1,wake,64,PASS,workload,AddEntity,POST,204,false,false,1
live,live-read64-round1-after.log,after,aztable,1,wake,64,PASS,workload,QueryEntities,GET,200,false,false,29
live,live-read64-round1-after.log,after,aztable,1,wake,64,PASS,lifecycle,AddEntity,POST,201,false,false,2
live,live-read64-round1-after.log,after,aztable,1,wake,64,PASS,lifecycle,AddEntity,POST,204,false,false,2
live,live-read64-round1-after.log,after,aztable,1,wake,64,PASS,lifecycle,CreateTable,POST,201,false,false,4
live,live-read64-round1-after.log,after,aztable,1,wake,64,PASS,lifecycle,DeleteEntity,DELETE,204,false,false,2
live,live-read64-round1-after.log,after,aztable,1,wake,64,PASS,lifecycle,DeleteTable,DELETE,204,false,false,4
live,live-read64-round1-after.log,after,aztable,1,wake,64,PASS,lifecycle,GetEntity,GET,200,false,false,1
live,live-read64-round1-after.log,after,aztable,1,wake,64,PASS,lifecycle,GetEntity,GET,404,false,true,3
live,live-read64-round1-after.log,after,aztable,1,wake,64,PASS,lifecycle,QueryEntities,GET,200,false,false,31
live,live-read64-round1-after.log,after,aztable,4,idle,64,PASS,workload,QueryEntities,GET,0,false,true,4
live,live-read64-round1-after.log,after,aztable,4,idle,64,PASS,workload,QueryEntities,GET,200,false,false,108
live,live-read64-round1-after.log,after,aztable,4,idle,64,PASS,lifecycle,AddEntity,POST,201,false,false,8
live,live-read64-round1-after.log,after,aztable,4,idle,64,PASS,lifecycle,AddEntity,POST,204,false,false,4
live,live-read64-round1-after.log,after,aztable,4,idle,64,PASS,lifecycle,CreateTable,POST,201,false,false,10
live,live-read64-round1-after.log,after,aztable,4,idle,64,PASS,lifecycle,DeleteEntity,DELETE,204,false,false,8
live,live-read64-round1-after.log,after,aztable,4,idle,64,PASS,lifecycle,DeleteTable,DELETE,204,false,false,10
live,live-read64-round1-after.log,after,aztable,4,idle,64,PASS,lifecycle,GetEntity,GET,200,false,false,4
live,live-read64-round1-after.log,after,aztable,4,idle,64,PASS,lifecycle,GetEntity,GET,404,false,true,15
live,live-read64-round1-after.log,after,aztable,4,idle,64,PASS,lifecycle,QueryEntities,GET,0,false,true,4
live,live-read64-round1-after.log,after,aztable,4,idle,64,PASS,lifecycle,QueryEntities,GET,200,false,false,116
live,live-read64-round1-after.log,after,aztable,4,interactive,64,PASS,workload,AddEntity,POST,204,false,false,128
live,live-read64-round1-after.log,after,aztable,4,interactive,64,PASS,workload,DeleteEntity,DELETE,204,false,false,4
live,live-read64-round1-after.log,after,aztable,4,interactive,64,PASS,workload,QueryEntities,GET,200,false,false,128
live,live-read64-round1-after.log,after,aztable,4,interactive,64,PASS,lifecycle,AddEntity,POST,201,false,false,8
live,live-read64-round1-after.log,after,aztable,4,interactive,64,PASS,lifecycle,AddEntity,POST,204,false,false,132
live,live-read64-round1-after.log,after,aztable,4,interactive,64,PASS,lifecycle,CreateTable,POST,201,false,false,10
live,live-read64-round1-after.log,after,aztable,4,interactive,64,PASS,lifecycle,DeleteEntity,DELETE,204,false,false,8
live,live-read64-round1-after.log,after,aztable,4,interactive,64,PASS,lifecycle,DeleteTable,DELETE,204,false,false,10
live,live-read64-round1-after.log,after,aztable,4,interactive,64,PASS,lifecycle,GetEntity,GET,200,false,false,4
live,live-read64-round1-after.log,after,aztable,4,interactive,64,PASS,lifecycle,GetEntity,GET,404,false,true,20
live,live-read64-round1-after.log,after,aztable,4,interactive,64,PASS,lifecycle,QueryEntities,GET,200,false,false,136
live,live-read64-round1-after.log,after,aztable,4,stream,64,PASS,workload,AddEntity,POST,204,false,false,260
live,live-read64-round1-after.log,after,aztable,4,stream,64,PASS,workload,DeleteEntity,DELETE,204,false,false,4
live,live-read64-round1-after.log,after,aztable,4,stream,64,PASS,workload,QueryEntities,GET,200,false,false,182
live,live-read64-round1-after.log,after,aztable,4,stream,64,PASS,lifecycle,AddEntity,POST,201,false,false,8
live,live-read64-round1-after.log,after,aztable,4,stream,64,PASS,lifecycle,AddEntity,POST,204,false,false,260
live,live-read64-round1-after.log,after,aztable,4,stream,64,PASS,lifecycle,CreateTable,POST,201,false,false,10
live,live-read64-round1-after.log,after,aztable,4,stream,64,PASS,lifecycle,DeleteEntity,DELETE,204,false,false,8
live,live-read64-round1-after.log,after,aztable,4,stream,64,PASS,lifecycle,DeleteTable,DELETE,204,false,false,10
live,live-read64-round1-after.log,after,aztable,4,stream,64,PASS,lifecycle,GetEntity,GET,200,false,false,4
live,live-read64-round1-after.log,after,aztable,4,stream,64,PASS,lifecycle,GetEntity,GET,404,false,true,16
live,live-read64-round1-after.log,after,aztable,4,stream,64,PASS,lifecycle,QueryEntities,GET,200,false,false,190
live,live-read64-round1-after.log,after,aztable,4,duplex,64,PASS,workload,AddEntity,POST,204,false,false,520
live,live-read64-round1-after.log,after,aztable,4,duplex,64,PASS,workload,DeleteEntity,DELETE,204,false,false,4
live,live-read64-round1-after.log,after,aztable,4,duplex,64,PASS,workload,QueryEntities,GET,200,false,false,347
live,live-read64-round1-after.log,after,aztable,4,duplex,64,PASS,lifecycle,AddEntity,POST,201,false,false,8
live,live-read64-round1-after.log,after,aztable,4,duplex,64,PASS,lifecycle,AddEntity,POST,204,false,false,520
live,live-read64-round1-after.log,after,aztable,4,duplex,64,PASS,lifecycle,CreateTable,POST,201,false,false,10
live,live-read64-round1-after.log,after,aztable,4,duplex,64,PASS,lifecycle,DeleteEntity,DELETE,204,false,false,8
live,live-read64-round1-after.log,after,aztable,4,duplex,64,PASS,lifecycle,DeleteTable,DELETE,204,false,false,10
live,live-read64-round1-after.log,after,aztable,4,duplex,64,PASS,lifecycle,GetEntity,GET,200,false,false,4
live,live-read64-round1-after.log,after,aztable,4,duplex,64,PASS,lifecycle,GetEntity,GET,404,false,true,14
live,live-read64-round1-after.log,after,aztable,4,duplex,64,PASS,lifecycle,QueryEntities,GET,200,false,false,355
live,live-read64-round1-after.log,after,aztable,4,wake,64,PASS,workload,AddEntity,POST,204,false,false,4
live,live-read64-round1-after.log,after,aztable,4,wake,64,PASS,workload,DeleteEntity,DELETE,204,false,false,2
live,live-read64-round1-after.log,after,aztable,4,wake,64,PASS,workload,QueryEntities,GET,200,false,false,114
live,live-read64-round1-after.log,after,aztable,4,wake,64,PASS,lifecycle,AddEntity,POST,201,false,false,8
live,live-read64-round1-after.log,after,aztable,4,wake,64,PASS,lifecycle,AddEntity,POST,204,false,false,8
live,live-read64-round1-after.log,after,aztable,4,wake,64,PASS,lifecycle,CreateTable,POST,201,false,false,10
live,live-read64-round1-after.log,after,aztable,4,wake,64,PASS,lifecycle,DeleteEntity,DELETE,204,false,false,8
live,live-read64-round1-after.log,after,aztable,4,wake,64,PASS,lifecycle,DeleteTable,DELETE,204,false,false,10
live,live-read64-round1-after.log,after,aztable,4,wake,64,PASS,lifecycle,GetEntity,GET,200,false,false,4
live,live-read64-round1-after.log,after,aztable,4,wake,64,PASS,lifecycle,GetEntity,GET,404,false,true,16
live,live-read64-round1-after.log,after,aztable,4,wake,64,PASS,lifecycle,QueryEntities,GET,200,false,false,122
live,live-read64-round1-before.log,before,azblob,1,idle,64,PASS,workload,DownloadBlob,GET,0,false,true,1
live,live-read64-round1-before.log,before,azblob,1,idle,64,PASS,workload,DownloadBlob,GET,416,false,true,8
live,live-read64-round1-before.log,before,azblob,1,idle,64,PASS,lifecycle,AppendBlock,PUT,201,false,false,1
live,live-read64-round1-before.log,before,azblob,1,idle,64,PASS,lifecycle,CreateContainer,PUT,201,false,false,3
live,live-read64-round1-before.log,before,azblob,1,idle,64,PASS,lifecycle,DeleteBlob,DELETE,202,false,false,2
live,live-read64-round1-before.log,before,azblob,1,idle,64,PASS,lifecycle,DeleteContainer,DELETE,202,false,false,3
live,live-read64-round1-before.log,before,azblob,1,idle,64,PASS,lifecycle,DownloadBlob,GET,0,false,true,1
live,live-read64-round1-before.log,before,azblob,1,idle,64,PASS,lifecycle,DownloadBlob,GET,200,false,false,1
live,live-read64-round1-before.log,before,azblob,1,idle,64,PASS,lifecycle,DownloadBlob,GET,404,false,true,5
live,live-read64-round1-before.log,before,azblob,1,idle,64,PASS,lifecycle,DownloadBlob,GET,416,false,true,8
live,live-read64-round1-before.log,before,azblob,1,idle,64,PASS,lifecycle,ListBlobs,GET,200,false,false,2
live,live-read64-round1-before.log,before,azblob,1,idle,64,PASS,lifecycle,PutBlob,PUT,201,false,false,4
live,live-read64-round1-before.log,before,azblob,1,interactive,64,PASS,workload,AppendBlock,PUT,201,false,false,32
live,live-read64-round1-before.log,before,azblob,1,interactive,64,PASS,workload,DeleteBlob,DELETE,202,false,false,1
live,live-read64-round1-before.log,before,azblob,1,interactive,64,PASS,workload,DownloadBlob,GET,206,false,false,32
live,live-read64-round1-before.log,before,azblob,1,interactive,64,PASS,lifecycle,AppendBlock,PUT,201,false,false,33
live,live-read64-round1-before.log,before,azblob,1,interactive,64,PASS,lifecycle,CreateContainer,PUT,201,false,false,3
live,live-read64-round1-before.log,before,azblob,1,interactive,64,PASS,lifecycle,DeleteBlob,DELETE,202,false,false,2
live,live-read64-round1-before.log,before,azblob,1,interactive,64,PASS,lifecycle,DeleteContainer,DELETE,202,false,false,3
live,live-read64-round1-before.log,before,azblob,1,interactive,64,PASS,lifecycle,DownloadBlob,GET,200,false,false,1
live,live-read64-round1-before.log,before,azblob,1,interactive,64,PASS,lifecycle,DownloadBlob,GET,206,false,false,32
live,live-read64-round1-before.log,before,azblob,1,interactive,64,PASS,lifecycle,DownloadBlob,GET,404,false,true,5
live,live-read64-round1-before.log,before,azblob,1,interactive,64,PASS,lifecycle,ListBlobs,GET,200,false,false,2
live,live-read64-round1-before.log,before,azblob,1,interactive,64,PASS,lifecycle,PutBlob,PUT,201,false,false,4
live,live-read64-round1-before.log,before,azblob,1,stream,64,PASS,workload,AppendBlock,PUT,201,false,false,65
live,live-read64-round1-before.log,before,azblob,1,stream,64,PASS,workload,DeleteBlob,DELETE,202,false,false,1
live,live-read64-round1-before.log,before,azblob,1,stream,64,PASS,workload,DownloadBlob,GET,206,false,false,57
live,live-read64-round1-before.log,before,azblob,1,stream,64,PASS,workload,DownloadBlob,GET,416,false,true,8
live,live-read64-round1-before.log,before,azblob,1,stream,64,PASS,lifecycle,AppendBlock,PUT,201,false,false,65
live,live-read64-round1-before.log,before,azblob,1,stream,64,PASS,lifecycle,CreateContainer,PUT,201,false,false,3
live,live-read64-round1-before.log,before,azblob,1,stream,64,PASS,lifecycle,DeleteBlob,DELETE,202,false,false,2
live,live-read64-round1-before.log,before,azblob,1,stream,64,PASS,lifecycle,DeleteContainer,DELETE,202,false,false,3
live,live-read64-round1-before.log,before,azblob,1,stream,64,PASS,lifecycle,DownloadBlob,GET,200,false,false,1
live,live-read64-round1-before.log,before,azblob,1,stream,64,PASS,lifecycle,DownloadBlob,GET,206,false,false,57
live,live-read64-round1-before.log,before,azblob,1,stream,64,PASS,lifecycle,DownloadBlob,GET,404,false,true,5
live,live-read64-round1-before.log,before,azblob,1,stream,64,PASS,lifecycle,DownloadBlob,GET,416,false,true,8
live,live-read64-round1-before.log,before,azblob,1,stream,64,PASS,lifecycle,ListBlobs,GET,200,false,false,1
live,live-read64-round1-before.log,before,azblob,1,stream,64,PASS,lifecycle,PutBlob,PUT,201,false,false,4
live,live-read64-round1-before.log,before,azblob,1,duplex,64,PASS,workload,AppendBlock,PUT,201,false,false,130
live,live-read64-round1-before.log,before,azblob,1,duplex,64,PASS,workload,DeleteBlob,DELETE,202,false,false,1
live,live-read64-round1-before.log,before,azblob,1,duplex,64,PASS,workload,DownloadBlob,GET,206,false,false,127
live,live-read64-round1-before.log,before,azblob,1,duplex,64,PASS,workload,DownloadBlob,GET,416,false,true,12
live,live-read64-round1-before.log,before,azblob,1,duplex,64,PASS,lifecycle,AppendBlock,PUT,201,false,false,130
live,live-read64-round1-before.log,before,azblob,1,duplex,64,PASS,lifecycle,CreateContainer,PUT,201,false,false,3
live,live-read64-round1-before.log,before,azblob,1,duplex,64,PASS,lifecycle,DeleteBlob,DELETE,202,false,false,2
live,live-read64-round1-before.log,before,azblob,1,duplex,64,PASS,lifecycle,DeleteContainer,DELETE,202,false,false,3
live,live-read64-round1-before.log,before,azblob,1,duplex,64,PASS,lifecycle,DownloadBlob,GET,200,false,false,1
live,live-read64-round1-before.log,before,azblob,1,duplex,64,PASS,lifecycle,DownloadBlob,GET,206,false,false,127
live,live-read64-round1-before.log,before,azblob,1,duplex,64,PASS,lifecycle,DownloadBlob,GET,404,false,true,5
live,live-read64-round1-before.log,before,azblob,1,duplex,64,PASS,lifecycle,DownloadBlob,GET,416,false,true,12
live,live-read64-round1-before.log,before,azblob,1,duplex,64,PASS,lifecycle,ListBlobs,GET,200,false,false,2
live,live-read64-round1-before.log,before,azblob,1,duplex,64,PASS,lifecycle,PutBlob,PUT,201,false,false,4
live,live-read64-round1-before.log,before,azblob,1,wake,64,PASS,workload,AppendBlock,PUT,201,false,false,1
live,live-read64-round1-before.log,before,azblob,1,wake,64,PASS,workload,DownloadBlob,GET,206,false,false,1
live,live-read64-round1-before.log,before,azblob,1,wake,64,PASS,workload,DownloadBlob,GET,416,false,true,7
live,live-read64-round1-before.log,before,azblob,1,wake,64,PASS,lifecycle,AppendBlock,PUT,201,false,false,2
live,live-read64-round1-before.log,before,azblob,1,wake,64,PASS,lifecycle,CreateContainer,PUT,201,false,false,3
live,live-read64-round1-before.log,before,azblob,1,wake,64,PASS,lifecycle,DeleteBlob,DELETE,202,false,false,2
live,live-read64-round1-before.log,before,azblob,1,wake,64,PASS,lifecycle,DeleteContainer,DELETE,202,false,false,3
live,live-read64-round1-before.log,before,azblob,1,wake,64,PASS,lifecycle,DownloadBlob,GET,200,false,false,1
live,live-read64-round1-before.log,before,azblob,1,wake,64,PASS,lifecycle,DownloadBlob,GET,206,false,false,1
live,live-read64-round1-before.log,before,azblob,1,wake,64,PASS,lifecycle,DownloadBlob,GET,404,false,true,5
live,live-read64-round1-before.log,before,azblob,1,wake,64,PASS,lifecycle,DownloadBlob,GET,416,false,true,7
live,live-read64-round1-before.log,before,azblob,1,wake,64,PASS,lifecycle,ListBlobs,GET,200,false,false,2
live,live-read64-round1-before.log,before,azblob,1,wake,64,PASS,lifecycle,PutBlob,PUT,201,false,false,4
live,live-read64-round1-before.log,before,azblob,4,idle,64,PASS,workload,DownloadBlob,GET,0,false,true,4
live,live-read64-round1-before.log,before,azblob,4,idle,64,PASS,workload,DownloadBlob,GET,416,false,true,28
live,live-read64-round1-before.log,before,azblob,4,idle,64,PASS,lifecycle,AppendBlock,PUT,0,false,true,3
live,live-read64-round1-before.log,before,azblob,4,idle,64,PASS,lifecycle,AppendBlock,PUT,201,false,false,1
live,live-read64-round1-before.log,before,azblob,4,idle,64,PASS,lifecycle,CreateContainer,PUT,201,false,false,6
live,live-read64-round1-before.log,before,azblob,4,idle,64,PASS,lifecycle,DeleteBlob,DELETE,202,false,false,8
live,live-read64-round1-before.log,before,azblob,4,idle,64,PASS,lifecycle,DeleteContainer,DELETE,202,false,false,6
live,live-read64-round1-before.log,before,azblob,4,idle,64,PASS,lifecycle,DownloadBlob,GET,0,false,true,4
live,live-read64-round1-before.log,before,azblob,4,idle,64,PASS,lifecycle,DownloadBlob,GET,200,false,false,4
live,live-read64-round1-before.log,before,azblob,4,idle,64,PASS,lifecycle,DownloadBlob,GET,404,false,true,18
live,live-read64-round1-before.log,before,azblob,4,idle,64,PASS,lifecycle,DownloadBlob,GET,416,false,true,28
live,live-read64-round1-before.log,before,azblob,4,idle,64,PASS,lifecycle,ListBlobs,GET,200,false,false,4
live,live-read64-round1-before.log,before,azblob,4,idle,64,PASS,lifecycle,PutBlob,PUT,201,false,false,16
live,live-read64-round1-before.log,before,azblob,4,interactive,64,PASS,workload,AppendBlock,PUT,201,false,false,128
live,live-read64-round1-before.log,before,azblob,4,interactive,64,PASS,workload,DeleteBlob,DELETE,202,false,false,4
live,live-read64-round1-before.log,before,azblob,4,interactive,64,PASS,workload,DownloadBlob,GET,206,false,false,128
live,live-read64-round1-before.log,before,azblob,4,interactive,64,PASS,lifecycle,AppendBlock,PUT,201,false,false,132
live,live-read64-round1-before.log,before,azblob,4,interactive,64,PASS,lifecycle,CreateContainer,PUT,201,false,false,6
live,live-read64-round1-before.log,before,azblob,4,interactive,64,PASS,lifecycle,DeleteBlob,DELETE,202,false,false,8
live,live-read64-round1-before.log,before,azblob,4,interactive,64,PASS,lifecycle,DeleteContainer,DELETE,202,false,false,6
live,live-read64-round1-before.log,before,azblob,4,interactive,64,PASS,lifecycle,DownloadBlob,GET,200,false,false,4
live,live-read64-round1-before.log,before,azblob,4,interactive,64,PASS,lifecycle,DownloadBlob,GET,206,false,false,128
live,live-read64-round1-before.log,before,azblob,4,interactive,64,PASS,lifecycle,DownloadBlob,GET,404,false,true,21
live,live-read64-round1-before.log,before,azblob,4,interactive,64,PASS,lifecycle,ListBlobs,GET,200,false,false,8
live,live-read64-round1-before.log,before,azblob,4,interactive,64,PASS,lifecycle,PutBlob,PUT,201,false,false,16
live,live-read64-round1-before.log,before,azblob,4,stream,64,PASS,workload,AppendBlock,PUT,201,false,false,260
live,live-read64-round1-before.log,before,azblob,4,stream,64,PASS,workload,DeleteBlob,DELETE,202,false,false,4
live,live-read64-round1-before.log,before,azblob,4,stream,64,PASS,workload,DownloadBlob,GET,206,false,false,221
live,live-read64-round1-before.log,before,azblob,4,stream,64,PASS,workload,DownloadBlob,GET,416,false,true,18
live,live-read64-round1-before.log,before,azblob,4,stream,64,PASS,lifecycle,AppendBlock,PUT,201,false,false,260
live,live-read64-round1-before.log,before,azblob,4,stream,64,PASS,lifecycle,CreateContainer,PUT,201,false,false,6
live,live-read64-round1-before.log,before,azblob,4,stream,64,PASS,lifecycle,DeleteBlob,DELETE,202,false,false,8
live,live-read64-round1-before.log,before,azblob,4,stream,64,PASS,lifecycle,DeleteContainer,DELETE,202,false,false,6
live,live-read64-round1-before.log,before,azblob,4,stream,64,PASS,lifecycle,DownloadBlob,GET,200,false,false,4
live,live-read64-round1-before.log,before,azblob,4,stream,64,PASS,lifecycle,DownloadBlob,GET,206,false,false,221
live,live-read64-round1-before.log,before,azblob,4,stream,64,PASS,lifecycle,DownloadBlob,GET,404,false,true,20
live,live-read64-round1-before.log,before,azblob,4,stream,64,PASS,lifecycle,DownloadBlob,GET,416,false,true,18
live,live-read64-round1-before.log,before,azblob,4,stream,64,PASS,lifecycle,ListBlobs,GET,200,false,false,8
live,live-read64-round1-before.log,before,azblob,4,stream,64,PASS,lifecycle,PutBlob,PUT,201,false,false,16
live,live-read64-round1-before.log,before,azblob,4,duplex,64,PASS,workload,AppendBlock,PUT,201,false,false,520
live,live-read64-round1-before.log,before,azblob,4,duplex,64,PASS,workload,DeleteBlob,DELETE,202,false,false,4
live,live-read64-round1-before.log,before,azblob,4,duplex,64,PASS,workload,DownloadBlob,GET,206,false,false,470
live,live-read64-round1-before.log,before,azblob,4,duplex,64,PASS,workload,DownloadBlob,GET,416,false,true,48
live,live-read64-round1-before.log,before,azblob,4,duplex,64,PASS,lifecycle,AppendBlock,PUT,201,false,false,520
live,live-read64-round1-before.log,before,azblob,4,duplex,64,PASS,lifecycle,CreateContainer,PUT,201,false,false,6
live,live-read64-round1-before.log,before,azblob,4,duplex,64,PASS,lifecycle,DeleteBlob,DELETE,202,false,false,8
live,live-read64-round1-before.log,before,azblob,4,duplex,64,PASS,lifecycle,DeleteContainer,DELETE,202,false,false,6
live,live-read64-round1-before.log,before,azblob,4,duplex,64,PASS,lifecycle,DownloadBlob,GET,200,false,false,4
live,live-read64-round1-before.log,before,azblob,4,duplex,64,PASS,lifecycle,DownloadBlob,GET,206,false,false,470
live,live-read64-round1-before.log,before,azblob,4,duplex,64,PASS,lifecycle,DownloadBlob,GET,404,false,true,19
live,live-read64-round1-before.log,before,azblob,4,duplex,64,PASS,lifecycle,DownloadBlob,GET,416,false,true,48
live,live-read64-round1-before.log,before,azblob,4,duplex,64,PASS,lifecycle,ListBlobs,GET,200,false,false,7
live,live-read64-round1-before.log,before,azblob,4,duplex,64,PASS,lifecycle,PutBlob,PUT,201,false,false,16
live,live-read64-round1-before.log,before,azblob,4,wake,64,PASS,workload,AppendBlock,PUT,201,false,false,4
live,live-read64-round1-before.log,before,azblob,4,wake,64,PASS,workload,DownloadBlob,GET,206,false,false,4
live,live-read64-round1-before.log,before,azblob,4,wake,64,PASS,workload,DownloadBlob,GET,416,false,true,34
live,live-read64-round1-before.log,before,azblob,4,wake,64,PASS,lifecycle,AppendBlock,PUT,201,false,false,8
live,live-read64-round1-before.log,before,azblob,4,wake,64,PASS,lifecycle,CreateContainer,PUT,201,false,false,6
live,live-read64-round1-before.log,before,azblob,4,wake,64,PASS,lifecycle,DeleteBlob,DELETE,202,false,false,8
live,live-read64-round1-before.log,before,azblob,4,wake,64,PASS,lifecycle,DeleteContainer,DELETE,202,false,false,6
live,live-read64-round1-before.log,before,azblob,4,wake,64,PASS,lifecycle,DownloadBlob,GET,200,false,false,4
live,live-read64-round1-before.log,before,azblob,4,wake,64,PASS,lifecycle,DownloadBlob,GET,206,false,false,4
live,live-read64-round1-before.log,before,azblob,4,wake,64,PASS,lifecycle,DownloadBlob,GET,404,false,true,20
live,live-read64-round1-before.log,before,azblob,4,wake,64,PASS,lifecycle,DownloadBlob,GET,416,false,true,34
live,live-read64-round1-before.log,before,azblob,4,wake,64,PASS,lifecycle,ListBlobs,GET,200,false,false,8
live,live-read64-round1-before.log,before,azblob,4,wake,64,PASS,lifecycle,PutBlob,PUT,201,false,false,16
live,live-read64-round1-before.log,before,azqueue,1,idle,64,PASS,workload,DequeueMessages,GET,0,false,true,1
live,live-read64-round1-before.log,before,azqueue,1,idle,64,PASS,workload,DequeueMessages,GET,200,false,false,28
live,live-read64-round1-before.log,before,azqueue,1,idle,64,PASS,lifecycle,CreateQueue,PUT,201,false,false,4
live,live-read64-round1-before.log,before,azqueue,1,idle,64,PASS,lifecycle,DeleteMessage,DELETE,204,false,false,2
live,live-read64-round1-before.log,before,azqueue,1,idle,64,PASS,lifecycle,DeleteQueue,DELETE,204,false,false,4
live,live-read64-round1-before.log,before,azqueue,1,idle,64,PASS,lifecycle,DequeueMessages,GET,0,false,true,1
live,live-read64-round1-before.log,before,azqueue,1,idle,64,PASS,lifecycle,DequeueMessages,GET,200,false,false,30
live,live-read64-round1-before.log,before,azqueue,1,idle,64,PASS,lifecycle,EnqueueMessage,POST,201,false,false,3
live,live-read64-round1-before.log,before,azqueue,1,idle,64,PASS,lifecycle,PeekMessages,GET,200,false,false,4
live,live-read64-round1-before.log,before,azqueue,1,interactive,64,PASS,workload,DeleteMessage,DELETE,204,false,false,33
live,live-read64-round1-before.log,before,azqueue,1,interactive,64,PASS,workload,DequeueMessages,GET,200,false,false,32
live,live-read64-round1-before.log,before,azqueue,1,interactive,64,PASS,workload,EnqueueMessage,POST,201,false,false,32
live,live-read64-round1-before.log,before,azqueue,1,interactive,64,PASS,lifecycle,CreateQueue,PUT,201,false,false,4
live,live-read64-round1-before.log,before,azqueue,1,interactive,64,PASS,lifecycle,DeleteMessage,DELETE,204,false,false,34
live,live-read64-round1-before.log,before,azqueue,1,interactive,64,PASS,lifecycle,DeleteQueue,DELETE,204,false,false,4
live,live-read64-round1-before.log,before,azqueue,1,interactive,64,PASS,lifecycle,DequeueMessages,GET,200,false,false,34
live,live-read64-round1-before.log,before,azqueue,1,interactive,64,PASS,lifecycle,EnqueueMessage,POST,201,false,false,35
live,live-read64-round1-before.log,before,azqueue,1,interactive,64,PASS,lifecycle,PeekMessages,GET,200,false,false,5
live,live-read64-round1-before.log,before,azqueue,1,stream,64,PASS,workload,DeleteMessage,DELETE,204,false,false,130
live,live-read64-round1-before.log,before,azqueue,1,stream,64,PASS,workload,DequeueMessages,GET,200,false,false,49
live,live-read64-round1-before.log,before,azqueue,1,stream,64,PASS,workload,EnqueueMessage,POST,201,false,false,129
live,live-read64-round1-before.log,before,azqueue,1,stream,64,PASS,lifecycle,CreateQueue,PUT,201,false,false,4
live,live-read64-round1-before.log,before,azqueue,1,stream,64,PASS,lifecycle,DeleteMessage,DELETE,204,false,false,131
live,live-read64-round1-before.log,before,azqueue,1,stream,64,PASS,lifecycle,DeleteQueue,DELETE,204,false,false,4
live,live-read64-round1-before.log,before,azqueue,1,stream,64,PASS,lifecycle,DequeueMessages,GET,200,false,false,51
live,live-read64-round1-before.log,before,azqueue,1,stream,64,PASS,lifecycle,EnqueueMessage,POST,201,false,false,131
live,live-read64-round1-before.log,before,azqueue,1,stream,64,PASS,lifecycle,PeekMessages,GET,200,false,false,5
live,live-read64-round1-before.log,before,azqueue,1,duplex,64,PASS,workload,DeleteMessage,DELETE,204,false,false,259
live,live-read64-round1-before.log,before,azqueue,1,duplex,64,PASS,workload,DequeueMessages,GET,200,false,false,103
live,live-read64-round1-before.log,before,azqueue,1,duplex,64,PASS,workload,EnqueueMessage,POST,201,false,false,258
live,live-read64-round1-before.log,before,azqueue,1,duplex,64,PASS,lifecycle,CreateQueue,PUT,201,false,false,4
live,live-read64-round1-before.log,before,azqueue,1,duplex,64,PASS,lifecycle,DeleteMessage,DELETE,204,false,false,260
live,live-read64-round1-before.log,before,azqueue,1,duplex,64,PASS,lifecycle,DeleteQueue,DELETE,204,false,false,4
live,live-read64-round1-before.log,before,azqueue,1,duplex,64,PASS,lifecycle,DequeueMessages,GET,200,false,false,105
live,live-read64-round1-before.log,before,azqueue,1,duplex,64,PASS,lifecycle,EnqueueMessage,POST,201,false,false,260
live,live-read64-round1-before.log,before,azqueue,1,duplex,64,PASS,lifecycle,PeekMessages,GET,200,false,false,5
live,live-read64-round1-before.log,before,azqueue,1,wake,64,PASS,workload,DeleteMessage,DELETE,204,false,false,1
live,live-read64-round1-before.log,before,azqueue,1,wake,64,PASS,workload,DequeueMessages,GET,200,false,false,30
live,live-read64-round1-before.log,before,azqueue,1,wake,64,PASS,workload,EnqueueMessage,POST,201,false,false,1
live,live-read64-round1-before.log,before,azqueue,1,wake,64,PASS,lifecycle,CreateQueue,PUT,201,false,false,4
live,live-read64-round1-before.log,before,azqueue,1,wake,64,PASS,lifecycle,DeleteMessage,DELETE,204,false,false,3
live,live-read64-round1-before.log,before,azqueue,1,wake,64,PASS,lifecycle,DeleteQueue,DELETE,204,false,false,4
live,live-read64-round1-before.log,before,azqueue,1,wake,64,PASS,lifecycle,DequeueMessages,GET,200,false,false,32
live,live-read64-round1-before.log,before,azqueue,1,wake,64,PASS,lifecycle,EnqueueMessage,POST,201,false,false,4
live,live-read64-round1-before.log,before,azqueue,1,wake,64,PASS,lifecycle,PeekMessages,GET,200,false,false,5
live,live-read64-round1-before.log,before,azqueue,4,idle,64,PASS,workload,DequeueMessages,GET,200,false,false,112
live,live-read64-round1-before.log,before,azqueue,4,idle,64,PASS,lifecycle,CreateQueue,PUT,201,false,false,10
live,live-read64-round1-before.log,before,azqueue,4,idle,64,PASS,lifecycle,DeleteMessage,DELETE,204,false,false,8
live,live-read64-round1-before.log,before,azqueue,4,idle,64,PASS,lifecycle,DeleteQueue,DELETE,204,false,false,10
live,live-read64-round1-before.log,before,azqueue,4,idle,64,PASS,lifecycle,DequeueMessages,GET,200,false,false,120
live,live-read64-round1-before.log,before,azqueue,4,idle,64,PASS,lifecycle,EnqueueMessage,POST,201,false,false,12
live,live-read64-round1-before.log,before,azqueue,4,idle,64,PASS,lifecycle,PeekMessages,GET,200,false,false,18
live,live-read64-round1-before.log,before,azqueue,4,interactive,64,PASS,workload,DeleteMessage,DELETE,204,false,false,132
live,live-read64-round1-before.log,before,azqueue,4,interactive,64,PASS,workload,DequeueMessages,GET,200,false,false,128
live,live-read64-round1-before.log,before,azqueue,4,interactive,64,PASS,workload,EnqueueMessage,POST,201,false,false,128
live,live-read64-round1-before.log,before,azqueue,4,interactive,64,PASS,lifecycle,CreateQueue,PUT,201,false,false,10
live,live-read64-round1-before.log,before,azqueue,4,interactive,64,PASS,lifecycle,DeleteMessage,DELETE,204,false,false,136
live,live-read64-round1-before.log,before,azqueue,4,interactive,64,PASS,lifecycle,DeleteQueue,DELETE,204,false,false,10
live,live-read64-round1-before.log,before,azqueue,4,interactive,64,PASS,lifecycle,DequeueMessages,GET,200,false,false,136
live,live-read64-round1-before.log,before,azqueue,4,interactive,64,PASS,lifecycle,EnqueueMessage,POST,201,false,false,140
live,live-read64-round1-before.log,before,azqueue,4,interactive,64,PASS,lifecycle,PeekMessages,GET,200,false,false,19
live,live-read64-round1-before.log,before,azqueue,4,stream,64,PASS,workload,DeleteMessage,DELETE,204,false,false,520
live,live-read64-round1-before.log,before,azqueue,4,stream,64,PASS,workload,DequeueMessages,GET,200,false,false,208
live,live-read64-round1-before.log,before,azqueue,4,stream,64,PASS,workload,EnqueueMessage,POST,201,false,false,516
live,live-read64-round1-before.log,before,azqueue,4,stream,64,PASS,lifecycle,CreateQueue,PUT,201,false,false,10
live,live-read64-round1-before.log,before,azqueue,4,stream,64,PASS,lifecycle,DeleteMessage,DELETE,204,false,false,524
live,live-read64-round1-before.log,before,azqueue,4,stream,64,PASS,lifecycle,DeleteQueue,DELETE,204,false,false,10
live,live-read64-round1-before.log,before,azqueue,4,stream,64,PASS,lifecycle,DequeueMessages,GET,200,false,false,216
live,live-read64-round1-before.log,before,azqueue,4,stream,64,PASS,lifecycle,EnqueueMessage,POST,201,false,false,524
live,live-read64-round1-before.log,before,azqueue,4,stream,64,PASS,lifecycle,PeekMessages,GET,200,false,false,19
live,live-read64-round1-before.log,before,azqueue,4,duplex,64,PASS,workload,DeleteMessage,DELETE,204,false,false,1036
live,live-read64-round1-before.log,before,azqueue,4,duplex,64,PASS,workload,DequeueMessages,GET,200,false,false,473
live,live-read64-round1-before.log,before,azqueue,4,duplex,64,PASS,workload,EnqueueMessage,POST,201,false,false,1032
live,live-read64-round1-before.log,before,azqueue,4,duplex,64,PASS,lifecycle,CreateQueue,PUT,201,false,false,10
live,live-read64-round1-before.log,before,azqueue,4,duplex,64,PASS,lifecycle,DeleteMessage,DELETE,204,false,false,1040
live,live-read64-round1-before.log,before,azqueue,4,duplex,64,PASS,lifecycle,DeleteQueue,DELETE,204,false,false,10
live,live-read64-round1-before.log,before,azqueue,4,duplex,64,PASS,lifecycle,DequeueMessages,GET,200,false,false,481
live,live-read64-round1-before.log,before,azqueue,4,duplex,64,PASS,lifecycle,EnqueueMessage,POST,201,false,false,1040
live,live-read64-round1-before.log,before,azqueue,4,duplex,64,PASS,lifecycle,PeekMessages,GET,200,false,false,19
live,live-read64-round1-before.log,before,azqueue,4,wake,64,PASS,workload,DeleteMessage,DELETE,204,false,false,4
live,live-read64-round1-before.log,before,azqueue,4,wake,64,PASS,workload,DequeueMessages,GET,200,false,false,120
live,live-read64-round1-before.log,before,azqueue,4,wake,64,PASS,workload,EnqueueMessage,POST,201,false,false,4
live,live-read64-round1-before.log,before,azqueue,4,wake,64,PASS,lifecycle,CreateQueue,PUT,201,false,false,10
live,live-read64-round1-before.log,before,azqueue,4,wake,64,PASS,lifecycle,DeleteMessage,DELETE,204,false,false,12
live,live-read64-round1-before.log,before,azqueue,4,wake,64,PASS,lifecycle,DeleteQueue,DELETE,204,false,false,10
live,live-read64-round1-before.log,before,azqueue,4,wake,64,PASS,lifecycle,DequeueMessages,GET,200,false,false,128
live,live-read64-round1-before.log,before,azqueue,4,wake,64,PASS,lifecycle,EnqueueMessage,POST,201,false,false,16
live,live-read64-round1-before.log,before,azqueue,4,wake,64,PASS,lifecycle,PeekMessages,GET,200,false,false,18
live,live-read64-round1-before.log,before,aztable,1,idle,64,PASS,workload,QueryEntities,GET,200,false,false,28
live,live-read64-round1-before.log,before,aztable,1,idle,64,PASS,lifecycle,AddEntity,POST,201,false,false,2
live,live-read64-round1-before.log,before,aztable,1,idle,64,PASS,lifecycle,AddEntity,POST,204,false,false,1
live,live-read64-round1-before.log,before,aztable,1,idle,64,PASS,lifecycle,CreateTable,POST,201,false,false,4
live,live-read64-round1-before.log,before,aztable,1,idle,64,PASS,lifecycle,DeleteEntity,DELETE,204,false,false,2
live,live-read64-round1-before.log,before,aztable,1,idle,64,PASS,lifecycle,DeleteTable,DELETE,204,false,false,4
live,live-read64-round1-before.log,before,aztable,1,idle,64,PASS,lifecycle,GetEntity,GET,200,false,false,1
live,live-read64-round1-before.log,before,aztable,1,idle,64,PASS,lifecycle,GetEntity,GET,404,false,true,4
live,live-read64-round1-before.log,before,aztable,1,idle,64,PASS,lifecycle,QueryEntities,GET,200,false,false,30
live,live-read64-round1-before.log,before,aztable,1,interactive,64,PASS,workload,AddEntity,POST,204,false,false,32
live,live-read64-round1-before.log,before,aztable,1,interactive,64,PASS,workload,DeleteEntity,DELETE,204,false,false,1
live,live-read64-round1-before.log,before,aztable,1,interactive,64,PASS,workload,QueryEntities,GET,200,false,false,32
live,live-read64-round1-before.log,before,aztable,1,interactive,64,PASS,lifecycle,AddEntity,POST,201,false,false,2
live,live-read64-round1-before.log,before,aztable,1,interactive,64,PASS,lifecycle,AddEntity,POST,204,false,false,33
live,live-read64-round1-before.log,before,aztable,1,interactive,64,PASS,lifecycle,CreateTable,POST,201,false,false,4
live,live-read64-round1-before.log,before,aztable,1,interactive,64,PASS,lifecycle,DeleteEntity,DELETE,204,false,false,2
live,live-read64-round1-before.log,before,aztable,1,interactive,64,PASS,lifecycle,DeleteTable,DELETE,204,false,false,4
live,live-read64-round1-before.log,before,aztable,1,interactive,64,PASS,lifecycle,GetEntity,GET,200,false,false,1
live,live-read64-round1-before.log,before,aztable,1,interactive,64,PASS,lifecycle,GetEntity,GET,404,false,true,4
live,live-read64-round1-before.log,before,aztable,1,interactive,64,PASS,lifecycle,QueryEntities,GET,200,false,false,35
live,live-read64-round1-before.log,before,aztable,1,stream,64,PASS,workload,AddEntity,POST,204,false,false,65
live,live-read64-round1-before.log,before,aztable,1,stream,64,PASS,workload,DeleteEntity,DELETE,204,false,false,1
live,live-read64-round1-before.log,before,aztable,1,stream,64,PASS,workload,QueryEntities,GET,200,false,false,46
live,live-read64-round1-before.log,before,aztable,1,stream,64,PASS,lifecycle,AddEntity,POST,201,false,false,2
live,live-read64-round1-before.log,before,aztable,1,stream,64,PASS,lifecycle,AddEntity,POST,204,false,false,65
live,live-read64-round1-before.log,before,aztable,1,stream,64,PASS,lifecycle,CreateTable,POST,201,false,false,4
live,live-read64-round1-before.log,before,aztable,1,stream,64,PASS,lifecycle,DeleteEntity,DELETE,204,false,false,2
live,live-read64-round1-before.log,before,aztable,1,stream,64,PASS,lifecycle,DeleteTable,DELETE,204,false,false,4
live,live-read64-round1-before.log,before,aztable,1,stream,64,PASS,lifecycle,GetEntity,GET,200,false,false,1
live,live-read64-round1-before.log,before,aztable,1,stream,64,PASS,lifecycle,GetEntity,GET,404,false,true,4
live,live-read64-round1-before.log,before,aztable,1,stream,64,PASS,lifecycle,QueryEntities,GET,200,false,false,48
live,live-read64-round1-before.log,before,aztable,1,duplex,64,PASS,workload,AddEntity,POST,204,false,false,130
live,live-read64-round1-before.log,before,aztable,1,duplex,64,PASS,workload,DeleteEntity,DELETE,204,false,false,1
live,live-read64-round1-before.log,before,aztable,1,duplex,64,PASS,workload,QueryEntities,GET,200,false,false,85
live,live-read64-round1-before.log,before,aztable,1,duplex,64,PASS,lifecycle,AddEntity,POST,201,false,false,2
live,live-read64-round1-before.log,before,aztable,1,duplex,64,PASS,lifecycle,AddEntity,POST,204,false,false,130
live,live-read64-round1-before.log,before,aztable,1,duplex,64,PASS,lifecycle,CreateTable,POST,201,false,false,4
live,live-read64-round1-before.log,before,aztable,1,duplex,64,PASS,lifecycle,DeleteEntity,DELETE,204,false,false,2
live,live-read64-round1-before.log,before,aztable,1,duplex,64,PASS,lifecycle,DeleteTable,DELETE,204,false,false,4
live,live-read64-round1-before.log,before,aztable,1,duplex,64,PASS,lifecycle,GetEntity,GET,200,false,false,1
live,live-read64-round1-before.log,before,aztable,1,duplex,64,PASS,lifecycle,GetEntity,GET,404,false,true,4
live,live-read64-round1-before.log,before,aztable,1,duplex,64,PASS,lifecycle,QueryEntities,GET,200,false,false,87
live,live-read64-round1-before.log,before,aztable,1,wake,64,PASS,workload,AddEntity,POST,204,false,false,1
live,live-read64-round1-before.log,before,aztable,1,wake,64,PASS,workload,QueryEntities,GET,200,false,false,29
live,live-read64-round1-before.log,before,aztable,1,wake,64,PASS,lifecycle,AddEntity,POST,201,false,false,2
live,live-read64-round1-before.log,before,aztable,1,wake,64,PASS,lifecycle,AddEntity,POST,204,false,false,2
live,live-read64-round1-before.log,before,aztable,1,wake,64,PASS,lifecycle,CreateTable,POST,201,false,false,4
live,live-read64-round1-before.log,before,aztable,1,wake,64,PASS,lifecycle,DeleteEntity,DELETE,204,false,false,2
live,live-read64-round1-before.log,before,aztable,1,wake,64,PASS,lifecycle,DeleteTable,DELETE,204,false,false,4
live,live-read64-round1-before.log,before,aztable,1,wake,64,PASS,lifecycle,GetEntity,GET,200,false,false,1
live,live-read64-round1-before.log,before,aztable,1,wake,64,PASS,lifecycle,GetEntity,GET,404,false,true,4
live,live-read64-round1-before.log,before,aztable,1,wake,64,PASS,lifecycle,QueryEntities,GET,200,false,false,31
live,live-read64-round1-before.log,before,aztable,4,idle,64,PASS,workload,QueryEntities,GET,0,false,true,3
live,live-read64-round1-before.log,before,aztable,4,idle,64,PASS,workload,QueryEntities,GET,200,false,false,109
live,live-read64-round1-before.log,before,aztable,4,idle,64,PASS,lifecycle,AddEntity,POST,201,false,false,8
live,live-read64-round1-before.log,before,aztable,4,idle,64,PASS,lifecycle,AddEntity,POST,204,false,false,4
live,live-read64-round1-before.log,before,aztable,4,idle,64,PASS,lifecycle,CreateTable,POST,201,false,false,10
live,live-read64-round1-before.log,before,aztable,4,idle,64,PASS,lifecycle,DeleteEntity,DELETE,204,false,false,8
live,live-read64-round1-before.log,before,aztable,4,idle,64,PASS,lifecycle,DeleteTable,DELETE,204,false,false,10
live,live-read64-round1-before.log,before,aztable,4,idle,64,PASS,lifecycle,GetEntity,GET,200,false,false,4
live,live-read64-round1-before.log,before,aztable,4,idle,64,PASS,lifecycle,GetEntity,GET,404,false,true,14
live,live-read64-round1-before.log,before,aztable,4,idle,64,PASS,lifecycle,QueryEntities,GET,0,false,true,3
live,live-read64-round1-before.log,before,aztable,4,idle,64,PASS,lifecycle,QueryEntities,GET,200,false,false,116
live,live-read64-round1-before.log,before,aztable,4,interactive,64,PASS,workload,AddEntity,POST,204,false,false,128
live,live-read64-round1-before.log,before,aztable,4,interactive,64,PASS,workload,DeleteEntity,DELETE,204,false,false,4
live,live-read64-round1-before.log,before,aztable,4,interactive,64,PASS,workload,QueryEntities,GET,200,false,false,128
live,live-read64-round1-before.log,before,aztable,4,interactive,64,PASS,lifecycle,AddEntity,POST,201,false,false,8
live,live-read64-round1-before.log,before,aztable,4,interactive,64,PASS,lifecycle,AddEntity,POST,204,false,false,132
live,live-read64-round1-before.log,before,aztable,4,interactive,64,PASS,lifecycle,CreateTable,POST,201,false,false,10
live,live-read64-round1-before.log,before,aztable,4,interactive,64,PASS,lifecycle,DeleteEntity,DELETE,204,false,false,8
live,live-read64-round1-before.log,before,aztable,4,interactive,64,PASS,lifecycle,DeleteTable,DELETE,204,false,false,10
live,live-read64-round1-before.log,before,aztable,4,interactive,64,PASS,lifecycle,GetEntity,GET,200,false,false,4
live,live-read64-round1-before.log,before,aztable,4,interactive,64,PASS,lifecycle,GetEntity,GET,404,false,true,15
live,live-read64-round1-before.log,before,aztable,4,interactive,64,PASS,lifecycle,QueryEntities,GET,200,false,false,136
live,live-read64-round1-before.log,before,aztable,4,stream,64,PASS,workload,AddEntity,POST,204,false,false,260
live,live-read64-round1-before.log,before,aztable,4,stream,64,PASS,workload,DeleteEntity,DELETE,204,false,false,4
live,live-read64-round1-before.log,before,aztable,4,stream,64,PASS,workload,QueryEntities,GET,200,false,false,168
live,live-read64-round1-before.log,before,aztable,4,stream,64,PASS,lifecycle,AddEntity,POST,201,false,false,8
live,live-read64-round1-before.log,before,aztable,4,stream,64,PASS,lifecycle,AddEntity,POST,204,false,false,260
live,live-read64-round1-before.log,before,aztable,4,stream,64,PASS,lifecycle,CreateTable,POST,201,false,false,10
live,live-read64-round1-before.log,before,aztable,4,stream,64,PASS,lifecycle,DeleteEntity,DELETE,204,false,false,8
live,live-read64-round1-before.log,before,aztable,4,stream,64,PASS,lifecycle,DeleteTable,DELETE,204,false,false,10
live,live-read64-round1-before.log,before,aztable,4,stream,64,PASS,lifecycle,GetEntity,GET,200,false,false,4
live,live-read64-round1-before.log,before,aztable,4,stream,64,PASS,lifecycle,GetEntity,GET,404,false,true,16
live,live-read64-round1-before.log,before,aztable,4,stream,64,PASS,lifecycle,QueryEntities,GET,200,false,false,176
live,live-read64-round1-before.log,before,aztable,4,duplex,64,PASS,workload,AddEntity,POST,204,false,false,520
live,live-read64-round1-before.log,before,aztable,4,duplex,64,PASS,workload,DeleteEntity,DELETE,204,false,false,4
live,live-read64-round1-before.log,before,aztable,4,duplex,64,PASS,workload,QueryEntities,GET,200,false,false,451
live,live-read64-round1-before.log,before,aztable,4,duplex,64,PASS,lifecycle,AddEntity,POST,201,false,false,8
live,live-read64-round1-before.log,before,aztable,4,duplex,64,PASS,lifecycle,AddEntity,POST,204,false,false,520
live,live-read64-round1-before.log,before,aztable,4,duplex,64,PASS,lifecycle,CreateTable,POST,201,false,false,10
live,live-read64-round1-before.log,before,aztable,4,duplex,64,PASS,lifecycle,DeleteEntity,DELETE,204,false,false,8
live,live-read64-round1-before.log,before,aztable,4,duplex,64,PASS,lifecycle,DeleteTable,DELETE,204,false,false,10
live,live-read64-round1-before.log,before,aztable,4,duplex,64,PASS,lifecycle,GetEntity,GET,200,false,false,4
live,live-read64-round1-before.log,before,aztable,4,duplex,64,PASS,lifecycle,GetEntity,GET,404,false,true,15
live,live-read64-round1-before.log,before,aztable,4,duplex,64,PASS,lifecycle,QueryEntities,GET,200,false,false,459
live,live-read64-round1-before.log,before,aztable,4,wake,64,PASS,workload,AddEntity,POST,204,false,false,4
live,live-read64-round1-before.log,before,aztable,4,wake,64,PASS,workload,QueryEntities,GET,200,false,false,112
live,live-read64-round1-before.log,before,aztable,4,wake,64,PASS,lifecycle,AddEntity,POST,201,false,false,8
live,live-read64-round1-before.log,before,aztable,4,wake,64,PASS,lifecycle,AddEntity,POST,204,false,false,8
live,live-read64-round1-before.log,before,aztable,4,wake,64,PASS,lifecycle,CreateTable,POST,201,false,false,10
live,live-read64-round1-before.log,before,aztable,4,wake,64,PASS,lifecycle,DeleteEntity,DELETE,204,false,false,8
live,live-read64-round1-before.log,before,aztable,4,wake,64,PASS,lifecycle,DeleteTable,DELETE,204,false,false,10
live,live-read64-round1-before.log,before,aztable,4,wake,64,PASS,lifecycle,GetEntity,GET,200,false,false,4
live,live-read64-round1-before.log,before,aztable,4,wake,64,PASS,lifecycle,GetEntity,GET,404,false,true,16
live,live-read64-round1-before.log,before,aztable,4,wake,64,PASS,lifecycle,QueryEntities,GET,200,false,false,120
live,live-read64-round2-after.log,after,azblob,1,idle,64,PASS,workload,DownloadBlob,GET,0,false,true,1
live,live-read64-round2-after.log,after,azblob,1,idle,64,PASS,workload,DownloadBlob,GET,416,false,true,7
live,live-read64-round2-after.log,after,azblob,1,idle,64,PASS,lifecycle,AppendBlock,PUT,201,false,false,1
live,live-read64-round2-after.log,after,azblob,1,idle,64,PASS,lifecycle,CreateContainer,PUT,201,false,false,3
live,live-read64-round2-after.log,after,azblob,1,idle,64,PASS,lifecycle,DeleteBlob,DELETE,202,false,false,2
live,live-read64-round2-after.log,after,azblob,1,idle,64,PASS,lifecycle,DeleteContainer,DELETE,202,false,false,3
live,live-read64-round2-after.log,after,azblob,1,idle,64,PASS,lifecycle,DownloadBlob,GET,0,false,true,1
live,live-read64-round2-after.log,after,azblob,1,idle,64,PASS,lifecycle,DownloadBlob,GET,200,false,false,1
live,live-read64-round2-after.log,after,azblob,1,idle,64,PASS,lifecycle,DownloadBlob,GET,404,false,true,5
live,live-read64-round2-after.log,after,azblob,1,idle,64,PASS,lifecycle,DownloadBlob,GET,416,false,true,7
live,live-read64-round2-after.log,after,azblob,1,idle,64,PASS,lifecycle,ListBlobs,GET,200,false,false,2
live,live-read64-round2-after.log,after,azblob,1,idle,64,PASS,lifecycle,PutBlob,PUT,201,false,false,4
live,live-read64-round2-after.log,after,azblob,1,interactive,64,PASS,workload,AppendBlock,PUT,201,false,false,32
live,live-read64-round2-after.log,after,azblob,1,interactive,64,PASS,workload,DeleteBlob,DELETE,202,false,false,1
live,live-read64-round2-after.log,after,azblob,1,interactive,64,PASS,workload,DownloadBlob,GET,206,false,false,32
live,live-read64-round2-after.log,after,azblob,1,interactive,64,PASS,lifecycle,AppendBlock,PUT,201,false,false,33
live,live-read64-round2-after.log,after,azblob,1,interactive,64,PASS,lifecycle,CreateContainer,PUT,201,false,false,3
live,live-read64-round2-after.log,after,azblob,1,interactive,64,PASS,lifecycle,DeleteBlob,DELETE,202,false,false,2
live,live-read64-round2-after.log,after,azblob,1,interactive,64,PASS,lifecycle,DeleteContainer,DELETE,202,false,false,3
live,live-read64-round2-after.log,after,azblob,1,interactive,64,PASS,lifecycle,DownloadBlob,GET,200,false,false,1
live,live-read64-round2-after.log,after,azblob,1,interactive,64,PASS,lifecycle,DownloadBlob,GET,206,false,false,32
live,live-read64-round2-after.log,after,azblob,1,interactive,64,PASS,lifecycle,DownloadBlob,GET,404,false,true,5
live,live-read64-round2-after.log,after,azblob,1,interactive,64,PASS,lifecycle,ListBlobs,GET,200,false,false,2
live,live-read64-round2-after.log,after,azblob,1,interactive,64,PASS,lifecycle,PutBlob,PUT,201,false,false,4
live,live-read64-round2-after.log,after,azblob,1,stream,64,PASS,workload,AppendBlock,PUT,201,false,false,65
live,live-read64-round2-after.log,after,azblob,1,stream,64,PASS,workload,DeleteBlob,DELETE,202,false,false,1
live,live-read64-round2-after.log,after,azblob,1,stream,64,PASS,workload,DownloadBlob,GET,206,false,false,60
live,live-read64-round2-after.log,after,azblob,1,stream,64,PASS,workload,DownloadBlob,GET,416,false,true,6
live,live-read64-round2-after.log,after,azblob,1,stream,64,PASS,lifecycle,AppendBlock,PUT,201,false,false,65
live,live-read64-round2-after.log,after,azblob,1,stream,64,PASS,lifecycle,CreateContainer,PUT,201,false,false,3
live,live-read64-round2-after.log,after,azblob,1,stream,64,PASS,lifecycle,DeleteBlob,DELETE,202,false,false,2
live,live-read64-round2-after.log,after,azblob,1,stream,64,PASS,lifecycle,DeleteContainer,DELETE,202,false,false,3
live,live-read64-round2-after.log,after,azblob,1,stream,64,PASS,lifecycle,DownloadBlob,GET,200,false,false,1
live,live-read64-round2-after.log,after,azblob,1,stream,64,PASS,lifecycle,DownloadBlob,GET,206,false,false,60
live,live-read64-round2-after.log,after,azblob,1,stream,64,PASS,lifecycle,DownloadBlob,GET,404,false,true,5
live,live-read64-round2-after.log,after,azblob,1,stream,64,PASS,lifecycle,DownloadBlob,GET,416,false,true,6
live,live-read64-round2-after.log,after,azblob,1,stream,64,PASS,lifecycle,ListBlobs,GET,200,false,false,2
live,live-read64-round2-after.log,after,azblob,1,stream,64,PASS,lifecycle,PutBlob,PUT,201,false,false,4
live,live-read64-round2-after.log,after,azblob,1,duplex,64,PASS,workload,AppendBlock,PUT,201,false,false,130
live,live-read64-round2-after.log,after,azblob,1,duplex,64,PASS,workload,DeleteBlob,DELETE,202,false,false,1
live,live-read64-round2-after.log,after,azblob,1,duplex,64,PASS,workload,DownloadBlob,GET,206,false,false,119
live,live-read64-round2-after.log,after,azblob,1,duplex,64,PASS,workload,DownloadBlob,GET,416,false,true,12
live,live-read64-round2-after.log,after,azblob,1,duplex,64,PASS,lifecycle,AppendBlock,PUT,201,false,false,130
live,live-read64-round2-after.log,after,azblob,1,duplex,64,PASS,lifecycle,CreateContainer,PUT,201,false,false,3
live,live-read64-round2-after.log,after,azblob,1,duplex,64,PASS,lifecycle,DeleteBlob,DELETE,202,false,false,2
live,live-read64-round2-after.log,after,azblob,1,duplex,64,PASS,lifecycle,DeleteContainer,DELETE,202,false,false,3
live,live-read64-round2-after.log,after,azblob,1,duplex,64,PASS,lifecycle,DownloadBlob,GET,200,false,false,1
live,live-read64-round2-after.log,after,azblob,1,duplex,64,PASS,lifecycle,DownloadBlob,GET,206,false,false,119
live,live-read64-round2-after.log,after,azblob,1,duplex,64,PASS,lifecycle,DownloadBlob,GET,404,false,true,5
live,live-read64-round2-after.log,after,azblob,1,duplex,64,PASS,lifecycle,DownloadBlob,GET,416,false,true,12
live,live-read64-round2-after.log,after,azblob,1,duplex,64,PASS,lifecycle,ListBlobs,GET,200,false,false,2
live,live-read64-round2-after.log,after,azblob,1,duplex,64,PASS,lifecycle,PutBlob,PUT,201,false,false,4
live,live-read64-round2-after.log,after,azblob,1,wake,64,PASS,workload,AppendBlock,PUT,201,false,false,1
live,live-read64-round2-after.log,after,azblob,1,wake,64,PASS,workload,DownloadBlob,GET,206,false,false,1
live,live-read64-round2-after.log,after,azblob,1,wake,64,PASS,workload,DownloadBlob,GET,416,false,true,8
live,live-read64-round2-after.log,after,azblob,1,wake,64,PASS,lifecycle,AppendBlock,PUT,201,false,false,2
live,live-read64-round2-after.log,after,azblob,1,wake,64,PASS,lifecycle,CreateContainer,PUT,201,false,false,3
live,live-read64-round2-after.log,after,azblob,1,wake,64,PASS,lifecycle,DeleteBlob,DELETE,202,false,false,2
live,live-read64-round2-after.log,after,azblob,1,wake,64,PASS,lifecycle,DeleteContainer,DELETE,202,false,false,3
live,live-read64-round2-after.log,after,azblob,1,wake,64,PASS,lifecycle,DownloadBlob,GET,200,false,false,1
live,live-read64-round2-after.log,after,azblob,1,wake,64,PASS,lifecycle,DownloadBlob,GET,206,false,false,1
live,live-read64-round2-after.log,after,azblob,1,wake,64,PASS,lifecycle,DownloadBlob,GET,404,false,true,6
live,live-read64-round2-after.log,after,azblob,1,wake,64,PASS,lifecycle,DownloadBlob,GET,416,false,true,8
live,live-read64-round2-after.log,after,azblob,1,wake,64,PASS,lifecycle,ListBlobs,GET,200,false,false,2
live,live-read64-round2-after.log,after,azblob,1,wake,64,PASS,lifecycle,PutBlob,PUT,201,false,false,4
live,live-read64-round2-after.log,after,azblob,4,idle,64,PASS,workload,DownloadBlob,GET,0,false,true,4
live,live-read64-round2-after.log,after,azblob,4,idle,64,PASS,workload,DownloadBlob,GET,416,false,true,28
live,live-read64-round2-after.log,after,azblob,4,idle,64,PASS,lifecycle,AppendBlock,PUT,201,false,false,4
live,live-read64-round2-after.log,after,azblob,4,idle,64,PASS,lifecycle,CreateContainer,PUT,201,false,false,6
live,live-read64-round2-after.log,after,azblob,4,idle,64,PASS,lifecycle,DeleteBlob,DELETE,202,false,false,8
live,live-read64-round2-after.log,after,azblob,4,idle,64,PASS,lifecycle,DeleteContainer,DELETE,202,false,false,6
live,live-read64-round2-after.log,after,azblob,4,idle,64,PASS,lifecycle,DownloadBlob,GET,0,false,true,4
live,live-read64-round2-after.log,after,azblob,4,idle,64,PASS,lifecycle,DownloadBlob,GET,200,false,false,4
live,live-read64-round2-after.log,after,azblob,4,idle,64,PASS,lifecycle,DownloadBlob,GET,404,false,true,22
live,live-read64-round2-after.log,after,azblob,4,idle,64,PASS,lifecycle,DownloadBlob,GET,416,false,true,28
live,live-read64-round2-after.log,after,azblob,4,idle,64,PASS,lifecycle,ListBlobs,GET,200,false,false,8
live,live-read64-round2-after.log,after,azblob,4,idle,64,PASS,lifecycle,PutBlob,PUT,201,false,false,16
live,live-read64-round2-after.log,after,azblob,4,interactive,64,PASS,workload,AppendBlock,PUT,201,false,false,128
live,live-read64-round2-after.log,after,azblob,4,interactive,64,PASS,workload,DeleteBlob,DELETE,202,false,false,4
live,live-read64-round2-after.log,after,azblob,4,interactive,64,PASS,workload,DownloadBlob,GET,206,false,false,128
live,live-read64-round2-after.log,after,azblob,4,interactive,64,PASS,lifecycle,AppendBlock,PUT,201,false,false,132
live,live-read64-round2-after.log,after,azblob,4,interactive,64,PASS,lifecycle,CreateContainer,PUT,201,false,false,6
live,live-read64-round2-after.log,after,azblob,4,interactive,64,PASS,lifecycle,DeleteBlob,DELETE,202,false,false,8
live,live-read64-round2-after.log,after,azblob,4,interactive,64,PASS,lifecycle,DeleteContainer,DELETE,202,false,false,6
live,live-read64-round2-after.log,after,azblob,4,interactive,64,PASS,lifecycle,DownloadBlob,GET,200,false,false,4
live,live-read64-round2-after.log,after,azblob,4,interactive,64,PASS,lifecycle,DownloadBlob,GET,206,false,false,128
live,live-read64-round2-after.log,after,azblob,4,interactive,64,PASS,lifecycle,DownloadBlob,GET,404,false,true,20
live,live-read64-round2-after.log,after,azblob,4,interactive,64,PASS,lifecycle,ListBlobs,GET,200,false,false,8
live,live-read64-round2-after.log,after,azblob,4,interactive,64,PASS,lifecycle,PutBlob,PUT,201,false,false,16
live,live-read64-round2-after.log,after,azblob,4,stream,64,PASS,workload,AppendBlock,PUT,201,false,false,260
live,live-read64-round2-after.log,after,azblob,4,stream,64,PASS,workload,DeleteBlob,DELETE,202,false,false,4
live,live-read64-round2-after.log,after,azblob,4,stream,64,PASS,workload,DownloadBlob,GET,206,false,false,252
live,live-read64-round2-after.log,after,azblob,4,stream,64,PASS,workload,DownloadBlob,GET,416,false,true,42
live,live-read64-round2-after.log,after,azblob,4,stream,64,PASS,lifecycle,AppendBlock,PUT,201,false,false,260
live,live-read64-round2-after.log,after,azblob,4,stream,64,PASS,lifecycle,CreateContainer,PUT,201,false,false,6
live,live-read64-round2-after.log,after,azblob,4,stream,64,PASS,lifecycle,DeleteBlob,DELETE,202,false,false,8
live,live-read64-round2-after.log,after,azblob,4,stream,64,PASS,lifecycle,DeleteContainer,DELETE,202,false,false,6
live,live-read64-round2-after.log,after,azblob,4,stream,64,PASS,lifecycle,DownloadBlob,GET,200,false,false,4
live,live-read64-round2-after.log,after,azblob,4,stream,64,PASS,lifecycle,DownloadBlob,GET,206,false,false,252
live,live-read64-round2-after.log,after,azblob,4,stream,64,PASS,lifecycle,DownloadBlob,GET,404,false,true,20
live,live-read64-round2-after.log,after,azblob,4,stream,64,PASS,lifecycle,DownloadBlob,GET,416,false,true,42
live,live-read64-round2-after.log,after,azblob,4,stream,64,PASS,lifecycle,ListBlobs,GET,200,false,false,6
live,live-read64-round2-after.log,after,azblob,4,stream,64,PASS,lifecycle,PutBlob,PUT,201,false,false,16
live,live-read64-round2-after.log,after,azblob,4,duplex,64,PASS,workload,AppendBlock,PUT,201,false,false,520
live,live-read64-round2-after.log,after,azblob,4,duplex,64,PASS,workload,DeleteBlob,DELETE,202,false,false,4
live,live-read64-round2-after.log,after,azblob,4,duplex,64,PASS,workload,DownloadBlob,GET,206,false,false,479
live,live-read64-round2-after.log,after,azblob,4,duplex,64,PASS,workload,DownloadBlob,GET,416,false,true,71
live,live-read64-round2-after.log,after,azblob,4,duplex,64,PASS,lifecycle,AppendBlock,PUT,201,false,false,520
live,live-read64-round2-after.log,after,azblob,4,duplex,64,PASS,lifecycle,CreateContainer,PUT,201,false,false,6
live,live-read64-round2-after.log,after,azblob,4,duplex,64,PASS,lifecycle,DeleteBlob,DELETE,202,false,false,8
live,live-read64-round2-after.log,after,azblob,4,duplex,64,PASS,lifecycle,DeleteContainer,DELETE,202,false,false,6
live,live-read64-round2-after.log,after,azblob,4,duplex,64,PASS,lifecycle,DownloadBlob,GET,200,false,false,4
live,live-read64-round2-after.log,after,azblob,4,duplex,64,PASS,lifecycle,DownloadBlob,GET,206,false,false,479
live,live-read64-round2-after.log,after,azblob,4,duplex,64,PASS,lifecycle,DownloadBlob,GET,404,false,true,20
live,live-read64-round2-after.log,after,azblob,4,duplex,64,PASS,lifecycle,DownloadBlob,GET,416,false,true,71
live,live-read64-round2-after.log,after,azblob,4,duplex,64,PASS,lifecycle,ListBlobs,GET,200,false,false,8
live,live-read64-round2-after.log,after,azblob,4,duplex,64,PASS,lifecycle,PutBlob,PUT,201,false,false,16
live,live-read64-round2-after.log,after,azblob,4,wake,64,PASS,workload,AppendBlock,PUT,201,false,false,4
live,live-read64-round2-after.log,after,azblob,4,wake,64,PASS,workload,DownloadBlob,GET,206,false,false,4
live,live-read64-round2-after.log,after,azblob,4,wake,64,PASS,workload,DownloadBlob,GET,416,false,true,33
live,live-read64-round2-after.log,after,azblob,4,wake,64,PASS,lifecycle,AppendBlock,PUT,201,false,false,8
live,live-read64-round2-after.log,after,azblob,4,wake,64,PASS,lifecycle,CreateContainer,PUT,201,false,false,6
live,live-read64-round2-after.log,after,azblob,4,wake,64,PASS,lifecycle,DeleteBlob,DELETE,202,false,false,8
live,live-read64-round2-after.log,after,azblob,4,wake,64,PASS,lifecycle,DeleteContainer,DELETE,202,false,false,6
live,live-read64-round2-after.log,after,azblob,4,wake,64,PASS,lifecycle,DownloadBlob,GET,200,false,false,4
live,live-read64-round2-after.log,after,azblob,4,wake,64,PASS,lifecycle,DownloadBlob,GET,206,false,false,4
live,live-read64-round2-after.log,after,azblob,4,wake,64,PASS,lifecycle,DownloadBlob,GET,404,false,true,19
live,live-read64-round2-after.log,after,azblob,4,wake,64,PASS,lifecycle,DownloadBlob,GET,416,false,true,33
live,live-read64-round2-after.log,after,azblob,4,wake,64,PASS,lifecycle,ListBlobs,GET,200,false,false,5
live,live-read64-round2-after.log,after,azblob,4,wake,64,PASS,lifecycle,PutBlob,PUT,201,false,false,16
live,live-read64-round2-after.log,after,azqueue,1,idle,64,PASS,workload,DequeueMessages,GET,200,false,false,29
live,live-read64-round2-after.log,after,azqueue,1,idle,64,PASS,lifecycle,CreateQueue,PUT,201,false,false,4
live,live-read64-round2-after.log,after,azqueue,1,idle,64,PASS,lifecycle,DeleteMessage,DELETE,204,false,false,2
live,live-read64-round2-after.log,after,azqueue,1,idle,64,PASS,lifecycle,DeleteQueue,DELETE,204,false,false,4
live,live-read64-round2-after.log,after,azqueue,1,idle,64,PASS,lifecycle,DequeueMessages,GET,200,false,false,31
live,live-read64-round2-after.log,after,azqueue,1,idle,64,PASS,lifecycle,EnqueueMessage,POST,201,false,false,3
live,live-read64-round2-after.log,after,azqueue,1,idle,64,PASS,lifecycle,PeekMessages,GET,200,false,false,4
live,live-read64-round2-after.log,after,azqueue,1,interactive,64,PASS,workload,DeleteMessage,DELETE,204,false,false,33
live,live-read64-round2-after.log,after,azqueue,1,interactive,64,PASS,workload,DequeueMessages,GET,200,false,false,32
live,live-read64-round2-after.log,after,azqueue,1,interactive,64,PASS,workload,EnqueueMessage,POST,201,false,false,32
live,live-read64-round2-after.log,after,azqueue,1,interactive,64,PASS,lifecycle,CreateQueue,PUT,201,false,false,4
live,live-read64-round2-after.log,after,azqueue,1,interactive,64,PASS,lifecycle,DeleteMessage,DELETE,204,false,false,34
live,live-read64-round2-after.log,after,azqueue,1,interactive,64,PASS,lifecycle,DeleteQueue,DELETE,204,false,false,4
live,live-read64-round2-after.log,after,azqueue,1,interactive,64,PASS,lifecycle,DequeueMessages,GET,200,false,false,34
live,live-read64-round2-after.log,after,azqueue,1,interactive,64,PASS,lifecycle,EnqueueMessage,POST,201,false,false,35
live,live-read64-round2-after.log,after,azqueue,1,interactive,64,PASS,lifecycle,PeekMessages,GET,200,false,false,5
live,live-read64-round2-after.log,after,azqueue,1,stream,64,PASS,workload,DeleteMessage,DELETE,204,false,false,130
live,live-read64-round2-after.log,after,azqueue,1,stream,64,PASS,workload,DequeueMessages,GET,200,false,false,52
live,live-read64-round2-after.log,after,azqueue,1,stream,64,PASS,workload,EnqueueMessage,POST,201,false,false,129
live,live-read64-round2-after.log,after,azqueue,1,stream,64,PASS,lifecycle,CreateQueue,PUT,201,false,false,4
live,live-read64-round2-after.log,after,azqueue,1,stream,64,PASS,lifecycle,DeleteMessage,DELETE,204,false,false,131
live,live-read64-round2-after.log,after,azqueue,1,stream,64,PASS,lifecycle,DeleteQueue,DELETE,204,false,false,4
live,live-read64-round2-after.log,after,azqueue,1,stream,64,PASS,lifecycle,DequeueMessages,GET,200,false,false,54
live,live-read64-round2-after.log,after,azqueue,1,stream,64,PASS,lifecycle,EnqueueMessage,POST,201,false,false,131
live,live-read64-round2-after.log,after,azqueue,1,stream,64,PASS,lifecycle,PeekMessages,GET,200,false,false,5
live,live-read64-round2-after.log,after,azqueue,1,duplex,64,PASS,workload,DeleteMessage,DELETE,204,false,false,259
live,live-read64-round2-after.log,after,azqueue,1,duplex,64,PASS,workload,DequeueMessages,GET,200,false,false,101
live,live-read64-round2-after.log,after,azqueue,1,duplex,64,PASS,workload,EnqueueMessage,POST,201,false,false,258
live,live-read64-round2-after.log,after,azqueue,1,duplex,64,PASS,lifecycle,CreateQueue,PUT,201,false,false,4
live,live-read64-round2-after.log,after,azqueue,1,duplex,64,PASS,lifecycle,DeleteMessage,DELETE,204,false,false,260
live,live-read64-round2-after.log,after,azqueue,1,duplex,64,PASS,lifecycle,DeleteQueue,DELETE,204,false,false,4
live,live-read64-round2-after.log,after,azqueue,1,duplex,64,PASS,lifecycle,DequeueMessages,GET,200,false,false,103
live,live-read64-round2-after.log,after,azqueue,1,duplex,64,PASS,lifecycle,EnqueueMessage,POST,201,false,false,260
live,live-read64-round2-after.log,after,azqueue,1,duplex,64,PASS,lifecycle,PeekMessages,GET,200,false,false,5
live,live-read64-round2-after.log,after,azqueue,1,wake,64,PASS,workload,DeleteMessage,DELETE,204,false,false,1
live,live-read64-round2-after.log,after,azqueue,1,wake,64,PASS,workload,DequeueMessages,GET,200,false,false,30
live,live-read64-round2-after.log,after,azqueue,1,wake,64,PASS,workload,EnqueueMessage,POST,201,false,false,1
live,live-read64-round2-after.log,after,azqueue,1,wake,64,PASS,lifecycle,CreateQueue,PUT,201,false,false,4
live,live-read64-round2-after.log,after,azqueue,1,wake,64,PASS,lifecycle,DeleteMessage,DELETE,204,false,false,3
live,live-read64-round2-after.log,after,azqueue,1,wake,64,PASS,lifecycle,DeleteQueue,DELETE,204,false,false,4
live,live-read64-round2-after.log,after,azqueue,1,wake,64,PASS,lifecycle,DequeueMessages,GET,200,false,false,32
live,live-read64-round2-after.log,after,azqueue,1,wake,64,PASS,lifecycle,EnqueueMessage,POST,201,false,false,4
live,live-read64-round2-after.log,after,azqueue,1,wake,64,PASS,lifecycle,PeekMessages,GET,200,false,false,4
live,live-read64-round2-after.log,after,azqueue,4,idle,64,PASS,workload,DequeueMessages,GET,0,false,true,2
live,live-read64-round2-after.log,after,azqueue,4,idle,64,PASS,workload,DequeueMessages,GET,200,false,false,110
live,live-read64-round2-after.log,after,azqueue,4,idle,64,PASS,lifecycle,CreateQueue,PUT,201,false,false,10
live,live-read64-round2-after.log,after,azqueue,4,idle,64,PASS,lifecycle,DeleteMessage,DELETE,204,false,false,8
live,live-read64-round2-after.log,after,azqueue,4,idle,64,PASS,lifecycle,DeleteQueue,DELETE,204,false,false,10
live,live-read64-round2-after.log,after,azqueue,4,idle,64,PASS,lifecycle,DequeueMessages,GET,0,false,true,2
live,live-read64-round2-after.log,after,azqueue,4,idle,64,PASS,lifecycle,DequeueMessages,GET,200,false,false,118
live,live-read64-round2-after.log,after,azqueue,4,idle,64,PASS,lifecycle,EnqueueMessage,POST,201,false,false,12
live,live-read64-round2-after.log,after,azqueue,4,idle,64,PASS,lifecycle,PeekMessages,GET,200,false,false,18
live,live-read64-round2-after.log,after,azqueue,4,interactive,64,PASS,workload,DeleteMessage,DELETE,204,false,false,132
live,live-read64-round2-after.log,after,azqueue,4,interactive,64,PASS,workload,DequeueMessages,GET,200,false,false,128
live,live-read64-round2-after.log,after,azqueue,4,interactive,64,PASS,workload,EnqueueMessage,POST,201,false,false,128
live,live-read64-round2-after.log,after,azqueue,4,interactive,64,PASS,lifecycle,CreateQueue,PUT,201,false,false,10
live,live-read64-round2-after.log,after,azqueue,4,interactive,64,PASS,lifecycle,DeleteMessage,DELETE,204,false,false,136
live,live-read64-round2-after.log,after,azqueue,4,interactive,64,PASS,lifecycle,DeleteQueue,DELETE,204,false,false,10
live,live-read64-round2-after.log,after,azqueue,4,interactive,64,PASS,lifecycle,DequeueMessages,GET,200,false,false,136
live,live-read64-round2-after.log,after,azqueue,4,interactive,64,PASS,lifecycle,EnqueueMessage,POST,201,false,false,140
live,live-read64-round2-after.log,after,azqueue,4,interactive,64,PASS,lifecycle,PeekMessages,GET,200,false,false,19
live,live-read64-round2-after.log,after,azqueue,4,stream,64,PASS,workload,DeleteMessage,DELETE,204,false,false,520
live,live-read64-round2-after.log,after,azqueue,4,stream,64,PASS,workload,DequeueMessages,GET,200,false,false,203
live,live-read64-round2-after.log,after,azqueue,4,stream,64,PASS,workload,EnqueueMessage,POST,201,false,false,516
live,live-read64-round2-after.log,after,azqueue,4,stream,64,PASS,lifecycle,CreateQueue,PUT,201,false,false,10
live,live-read64-round2-after.log,after,azqueue,4,stream,64,PASS,lifecycle,DeleteMessage,DELETE,204,false,false,524
live,live-read64-round2-after.log,after,azqueue,4,stream,64,PASS,lifecycle,DeleteQueue,DELETE,204,false,false,10
live,live-read64-round2-after.log,after,azqueue,4,stream,64,PASS,lifecycle,DequeueMessages,GET,200,false,false,211
live,live-read64-round2-after.log,after,azqueue,4,stream,64,PASS,lifecycle,EnqueueMessage,POST,201,false,false,524
live,live-read64-round2-after.log,after,azqueue,4,stream,64,PASS,lifecycle,PeekMessages,GET,200,false,false,17
live,live-read64-round2-after.log,after,azqueue,4,duplex,64,PASS,workload,DeleteMessage,DELETE,204,false,false,1036
live,live-read64-round2-after.log,after,azqueue,4,duplex,64,PASS,workload,DequeueMessages,GET,200,false,false,435
live,live-read64-round2-after.log,after,azqueue,4,duplex,64,PASS,workload,EnqueueMessage,POST,201,false,false,1032
live,live-read64-round2-after.log,after,azqueue,4,duplex,64,PASS,lifecycle,CreateQueue,PUT,201,false,false,10
live,live-read64-round2-after.log,after,azqueue,4,duplex,64,PASS,lifecycle,DeleteMessage,DELETE,204,false,false,1040
live,live-read64-round2-after.log,after,azqueue,4,duplex,64,PASS,lifecycle,DeleteQueue,DELETE,204,false,false,10
live,live-read64-round2-after.log,after,azqueue,4,duplex,64,PASS,lifecycle,DequeueMessages,GET,200,false,false,443
live,live-read64-round2-after.log,after,azqueue,4,duplex,64,PASS,lifecycle,EnqueueMessage,POST,201,false,false,1040
live,live-read64-round2-after.log,after,azqueue,4,duplex,64,PASS,lifecycle,PeekMessages,GET,200,false,false,19
live,live-read64-round2-after.log,after,azqueue,4,wake,64,PASS,workload,DeleteMessage,DELETE,204,false,false,4
live,live-read64-round2-after.log,after,azqueue,4,wake,64,PASS,workload,DequeueMessages,GET,200,false,false,116
live,live-read64-round2-after.log,after,azqueue,4,wake,64,PASS,workload,EnqueueMessage,POST,201,false,false,4
live,live-read64-round2-after.log,after,azqueue,4,wake,64,PASS,lifecycle,CreateQueue,PUT,201,false,false,10
live,live-read64-round2-after.log,after,azqueue,4,wake,64,PASS,lifecycle,DeleteMessage,DELETE,204,false,false,12
live,live-read64-round2-after.log,after,azqueue,4,wake,64,PASS,lifecycle,DeleteQueue,DELETE,204,false,false,10
live,live-read64-round2-after.log,after,azqueue,4,wake,64,PASS,lifecycle,DequeueMessages,GET,200,false,false,124
live,live-read64-round2-after.log,after,azqueue,4,wake,64,PASS,lifecycle,EnqueueMessage,POST,201,false,false,16
live,live-read64-round2-after.log,after,azqueue,4,wake,64,PASS,lifecycle,PeekMessages,GET,200,false,false,21
live,live-read64-round2-after.log,after,aztable,1,idle,64,PASS,workload,QueryEntities,GET,200,false,false,28
live,live-read64-round2-after.log,after,aztable,1,idle,64,PASS,lifecycle,AddEntity,POST,201,false,false,2
live,live-read64-round2-after.log,after,aztable,1,idle,64,PASS,lifecycle,AddEntity,POST,204,false,false,1
live,live-read64-round2-after.log,after,aztable,1,idle,64,PASS,lifecycle,CreateTable,POST,201,false,false,4
live,live-read64-round2-after.log,after,aztable,1,idle,64,PASS,lifecycle,DeleteEntity,DELETE,204,false,false,2
live,live-read64-round2-after.log,after,aztable,1,idle,64,PASS,lifecycle,DeleteTable,DELETE,204,false,false,4
live,live-read64-round2-after.log,after,aztable,1,idle,64,PASS,lifecycle,GetEntity,GET,200,false,false,1
live,live-read64-round2-after.log,after,aztable,1,idle,64,PASS,lifecycle,GetEntity,GET,404,false,true,3
live,live-read64-round2-after.log,after,aztable,1,idle,64,PASS,lifecycle,QueryEntities,GET,200,false,false,30
live,live-read64-round2-after.log,after,aztable,1,interactive,64,PASS,workload,AddEntity,POST,204,false,false,32
live,live-read64-round2-after.log,after,aztable,1,interactive,64,PASS,workload,DeleteEntity,DELETE,204,false,false,1
live,live-read64-round2-after.log,after,aztable,1,interactive,64,PASS,workload,QueryEntities,GET,200,false,false,32
live,live-read64-round2-after.log,after,aztable,1,interactive,64,PASS,lifecycle,AddEntity,POST,201,false,false,2
live,live-read64-round2-after.log,after,aztable,1,interactive,64,PASS,lifecycle,AddEntity,POST,204,false,false,33
live,live-read64-round2-after.log,after,aztable,1,interactive,64,PASS,lifecycle,CreateTable,POST,201,false,false,4
live,live-read64-round2-after.log,after,aztable,1,interactive,64,PASS,lifecycle,DeleteEntity,DELETE,204,false,false,2
live,live-read64-round2-after.log,after,aztable,1,interactive,64,PASS,lifecycle,DeleteTable,DELETE,204,false,false,4
live,live-read64-round2-after.log,after,aztable,1,interactive,64,PASS,lifecycle,GetEntity,GET,200,false,false,1
live,live-read64-round2-after.log,after,aztable,1,interactive,64,PASS,lifecycle,GetEntity,GET,404,false,true,4
live,live-read64-round2-after.log,after,aztable,1,interactive,64,PASS,lifecycle,QueryEntities,GET,200,false,false,34
live,live-read64-round2-after.log,after,aztable,1,stream,64,PASS,workload,AddEntity,POST,204,false,false,65
live,live-read64-round2-after.log,after,aztable,1,stream,64,PASS,workload,DeleteEntity,DELETE,204,false,false,1
live,live-read64-round2-after.log,after,aztable,1,stream,64,PASS,workload,QueryEntities,GET,200,false,false,51
live,live-read64-round2-after.log,after,aztable,1,stream,64,PASS,lifecycle,AddEntity,POST,201,false,false,2
live,live-read64-round2-after.log,after,aztable,1,stream,64,PASS,lifecycle,AddEntity,POST,204,false,false,65
live,live-read64-round2-after.log,after,aztable,1,stream,64,PASS,lifecycle,CreateTable,POST,201,false,false,4
live,live-read64-round2-after.log,after,aztable,1,stream,64,PASS,lifecycle,DeleteEntity,DELETE,204,false,false,2
live,live-read64-round2-after.log,after,aztable,1,stream,64,PASS,lifecycle,DeleteTable,DELETE,204,false,false,4
live,live-read64-round2-after.log,after,aztable,1,stream,64,PASS,lifecycle,GetEntity,GET,200,false,false,1
live,live-read64-round2-after.log,after,aztable,1,stream,64,PASS,lifecycle,GetEntity,GET,404,false,true,4
live,live-read64-round2-after.log,after,aztable,1,stream,64,PASS,lifecycle,QueryEntities,GET,200,false,false,53
live,live-read64-round2-after.log,after,aztable,1,duplex,64,PASS,workload,AddEntity,POST,204,false,false,130
live,live-read64-round2-after.log,after,aztable,1,duplex,64,PASS,workload,DeleteEntity,DELETE,204,false,false,1
live,live-read64-round2-after.log,after,aztable,1,duplex,64,PASS,workload,QueryEntities,GET,200,false,false,89
live,live-read64-round2-after.log,after,aztable,1,duplex,64,PASS,lifecycle,AddEntity,POST,201,false,false,2
live,live-read64-round2-after.log,after,aztable,1,duplex,64,PASS,lifecycle,AddEntity,POST,204,false,false,130
live,live-read64-round2-after.log,after,aztable,1,duplex,64,PASS,lifecycle,CreateTable,POST,201,false,false,4
live,live-read64-round2-after.log,after,aztable,1,duplex,64,PASS,lifecycle,DeleteEntity,DELETE,204,false,false,2
live,live-read64-round2-after.log,after,aztable,1,duplex,64,PASS,lifecycle,DeleteTable,DELETE,204,false,false,4
live,live-read64-round2-after.log,after,aztable,1,duplex,64,PASS,lifecycle,GetEntity,GET,200,false,false,1
live,live-read64-round2-after.log,after,aztable,1,duplex,64,PASS,lifecycle,GetEntity,GET,404,false,true,4
live,live-read64-round2-after.log,after,aztable,1,duplex,64,PASS,lifecycle,QueryEntities,GET,200,false,false,91
live,live-read64-round2-after.log,after,aztable,1,wake,64,PASS,workload,AddEntity,POST,204,false,false,1
live,live-read64-round2-after.log,after,aztable,1,wake,64,PASS,workload,QueryEntities,GET,200,false,false,29
live,live-read64-round2-after.log,after,aztable,1,wake,64,PASS,lifecycle,AddEntity,POST,201,false,false,2
live,live-read64-round2-after.log,after,aztable,1,wake,64,PASS,lifecycle,AddEntity,POST,204,false,false,2
live,live-read64-round2-after.log,after,aztable,1,wake,64,PASS,lifecycle,CreateTable,POST,201,false,false,4
live,live-read64-round2-after.log,after,aztable,1,wake,64,PASS,lifecycle,DeleteEntity,DELETE,204,false,false,2
live,live-read64-round2-after.log,after,aztable,1,wake,64,PASS,lifecycle,DeleteTable,DELETE,204,false,false,4
live,live-read64-round2-after.log,after,aztable,1,wake,64,PASS,lifecycle,GetEntity,GET,200,false,false,1
live,live-read64-round2-after.log,after,aztable,1,wake,64,PASS,lifecycle,GetEntity,GET,404,false,true,3
live,live-read64-round2-after.log,after,aztable,1,wake,64,PASS,lifecycle,QueryEntities,GET,200,false,false,31
live,live-read64-round2-after.log,after,aztable,4,idle,64,PASS,workload,QueryEntities,GET,0,false,true,4
live,live-read64-round2-after.log,after,aztable,4,idle,64,PASS,workload,QueryEntities,GET,200,false,false,106
live,live-read64-round2-after.log,after,aztable,4,idle,64,PASS,lifecycle,AddEntity,POST,201,false,false,8
live,live-read64-round2-after.log,after,aztable,4,idle,64,PASS,lifecycle,AddEntity,POST,204,false,false,4
live,live-read64-round2-after.log,after,aztable,4,idle,64,PASS,lifecycle,CreateTable,POST,201,false,false,10
live,live-read64-round2-after.log,after,aztable,4,idle,64,PASS,lifecycle,DeleteEntity,DELETE,204,false,false,8
live,live-read64-round2-after.log,after,aztable,4,idle,64,PASS,lifecycle,DeleteTable,DELETE,204,false,false,10
live,live-read64-round2-after.log,after,aztable,4,idle,64,PASS,lifecycle,GetEntity,GET,200,false,false,4
live,live-read64-round2-after.log,after,aztable,4,idle,64,PASS,lifecycle,GetEntity,GET,404,false,true,15
live,live-read64-round2-after.log,after,aztable,4,idle,64,PASS,lifecycle,QueryEntities,GET,0,false,true,4
live,live-read64-round2-after.log,after,aztable,4,idle,64,PASS,lifecycle,QueryEntities,GET,200,false,false,114
live,live-read64-round2-after.log,after,aztable,4,interactive,64,PASS,workload,AddEntity,POST,204,false,false,128
live,live-read64-round2-after.log,after,aztable,4,interactive,64,PASS,workload,DeleteEntity,DELETE,204,false,false,4
live,live-read64-round2-after.log,after,aztable,4,interactive,64,PASS,workload,QueryEntities,GET,200,false,false,128
live,live-read64-round2-after.log,after,aztable,4,interactive,64,PASS,lifecycle,AddEntity,POST,201,false,false,8
live,live-read64-round2-after.log,after,aztable,4,interactive,64,PASS,lifecycle,AddEntity,POST,204,false,false,132
live,live-read64-round2-after.log,after,aztable,4,interactive,64,PASS,lifecycle,CreateTable,POST,201,false,false,10
live,live-read64-round2-after.log,after,aztable,4,interactive,64,PASS,lifecycle,DeleteEntity,DELETE,204,false,false,8
live,live-read64-round2-after.log,after,aztable,4,interactive,64,PASS,lifecycle,DeleteTable,DELETE,204,false,false,10
live,live-read64-round2-after.log,after,aztable,4,interactive,64,PASS,lifecycle,GetEntity,GET,200,false,false,4
live,live-read64-round2-after.log,after,aztable,4,interactive,64,PASS,lifecycle,GetEntity,GET,404,false,true,16
live,live-read64-round2-after.log,after,aztable,4,interactive,64,PASS,lifecycle,QueryEntities,GET,200,false,false,136
live,live-read64-round2-after.log,after,aztable,4,stream,64,PASS,workload,AddEntity,POST,204,false,false,260
live,live-read64-round2-after.log,after,aztable,4,stream,64,PASS,workload,DeleteEntity,DELETE,204,false,false,4
live,live-read64-round2-after.log,after,aztable,4,stream,64,PASS,workload,QueryEntities,GET,200,false,false,174
live,live-read64-round2-after.log,after,aztable,4,stream,64,PASS,lifecycle,AddEntity,POST,201,false,false,8
live,live-read64-round2-after.log,after,aztable,4,stream,64,PASS,lifecycle,AddEntity,POST,204,false,false,260
live,live-read64-round2-after.log,after,aztable,4,stream,64,PASS,lifecycle,CreateTable,POST,201,false,false,10
live,live-read64-round2-after.log,after,aztable,4,stream,64,PASS,lifecycle,DeleteEntity,DELETE,204,false,false,8
live,live-read64-round2-after.log,after,aztable,4,stream,64,PASS,lifecycle,DeleteTable,DELETE,204,false,false,10
live,live-read64-round2-after.log,after,aztable,4,stream,64,PASS,lifecycle,GetEntity,GET,200,false,false,4
live,live-read64-round2-after.log,after,aztable,4,stream,64,PASS,lifecycle,GetEntity,GET,404,false,true,16
live,live-read64-round2-after.log,after,aztable,4,stream,64,PASS,lifecycle,QueryEntities,GET,200,false,false,182
live,live-read64-round2-after.log,after,aztable,4,duplex,64,PASS,workload,AddEntity,POST,204,false,false,520
live,live-read64-round2-after.log,after,aztable,4,duplex,64,PASS,workload,DeleteEntity,DELETE,204,false,false,4
live,live-read64-round2-after.log,after,aztable,4,duplex,64,PASS,workload,QueryEntities,GET,200,false,false,519
live,live-read64-round2-after.log,after,aztable,4,duplex,64,PASS,lifecycle,AddEntity,POST,201,false,false,8
live,live-read64-round2-after.log,after,aztable,4,duplex,64,PASS,lifecycle,AddEntity,POST,204,false,false,520
live,live-read64-round2-after.log,after,aztable,4,duplex,64,PASS,lifecycle,CreateTable,POST,201,false,false,10
live,live-read64-round2-after.log,after,aztable,4,duplex,64,PASS,lifecycle,DeleteEntity,DELETE,204,false,false,8
live,live-read64-round2-after.log,after,aztable,4,duplex,64,PASS,lifecycle,DeleteTable,DELETE,204,false,false,10
live,live-read64-round2-after.log,after,aztable,4,duplex,64,PASS,lifecycle,GetEntity,GET,200,false,false,4
live,live-read64-round2-after.log,after,aztable,4,duplex,64,PASS,lifecycle,GetEntity,GET,404,false,true,16
live,live-read64-round2-after.log,after,aztable,4,duplex,64,PASS,lifecycle,QueryEntities,GET,200,false,false,527
live,live-read64-round2-after.log,after,aztable,4,wake,64,PASS,workload,AddEntity,POST,204,false,false,4
live,live-read64-round2-after.log,after,aztable,4,wake,64,PASS,workload,QueryEntities,GET,200,false,false,112
live,live-read64-round2-after.log,after,aztable,4,wake,64,PASS,lifecycle,AddEntity,POST,201,false,false,8
live,live-read64-round2-after.log,after,aztable,4,wake,64,PASS,lifecycle,AddEntity,POST,204,false,false,8
live,live-read64-round2-after.log,after,aztable,4,wake,64,PASS,lifecycle,CreateTable,POST,201,false,false,10
live,live-read64-round2-after.log,after,aztable,4,wake,64,PASS,lifecycle,DeleteEntity,DELETE,204,false,false,8
live,live-read64-round2-after.log,after,aztable,4,wake,64,PASS,lifecycle,DeleteTable,DELETE,204,false,false,10
live,live-read64-round2-after.log,after,aztable,4,wake,64,PASS,lifecycle,GetEntity,GET,200,false,false,4
live,live-read64-round2-after.log,after,aztable,4,wake,64,PASS,lifecycle,GetEntity,GET,404,false,true,16
live,live-read64-round2-after.log,after,aztable,4,wake,64,PASS,lifecycle,QueryEntities,GET,200,false,false,120
live,live-read64-round2-before.log,before,azblob,1,idle,64,PASS,workload,DownloadBlob,GET,0,false,true,1
live,live-read64-round2-before.log,before,azblob,1,idle,64,PASS,workload,DownloadBlob,GET,416,false,true,6
live,live-read64-round2-before.log,before,azblob,1,idle,64,PASS,lifecycle,AppendBlock,PUT,201,false,false,1
live,live-read64-round2-before.log,before,azblob,1,idle,64,PASS,lifecycle,CreateContainer,PUT,201,false,false,3
live,live-read64-round2-before.log,before,azblob,1,idle,64,PASS,lifecycle,DeleteBlob,DELETE,202,false,false,2
live,live-read64-round2-before.log,before,azblob,1,idle,64,PASS,lifecycle,DeleteContainer,DELETE,202,false,false,3
live,live-read64-round2-before.log,before,azblob,1,idle,64,PASS,lifecycle,DownloadBlob,GET,0,false,true,1
live,live-read64-round2-before.log,before,azblob,1,idle,64,PASS,lifecycle,DownloadBlob,GET,200,false,false,1
live,live-read64-round2-before.log,before,azblob,1,idle,64,PASS,lifecycle,DownloadBlob,GET,404,false,true,4
live,live-read64-round2-before.log,before,azblob,1,idle,64,PASS,lifecycle,DownloadBlob,GET,416,false,true,6
live,live-read64-round2-before.log,before,azblob,1,idle,64,PASS,lifecycle,ListBlobs,GET,200,false,false,2
live,live-read64-round2-before.log,before,azblob,1,idle,64,PASS,lifecycle,PutBlob,PUT,201,false,false,4
live,live-read64-round2-before.log,before,azblob,1,interactive,64,PASS,workload,AppendBlock,PUT,201,false,false,32
live,live-read64-round2-before.log,before,azblob,1,interactive,64,PASS,workload,DeleteBlob,DELETE,202,false,false,1
live,live-read64-round2-before.log,before,azblob,1,interactive,64,PASS,workload,DownloadBlob,GET,206,false,false,32
live,live-read64-round2-before.log,before,azblob,1,interactive,64,PASS,lifecycle,AppendBlock,PUT,201,false,false,33
live,live-read64-round2-before.log,before,azblob,1,interactive,64,PASS,lifecycle,CreateContainer,PUT,201,false,false,3
live,live-read64-round2-before.log,before,azblob,1,interactive,64,PASS,lifecycle,DeleteBlob,DELETE,202,false,false,2
live,live-read64-round2-before.log,before,azblob,1,interactive,64,PASS,lifecycle,DeleteContainer,DELETE,202,false,false,3
live,live-read64-round2-before.log,before,azblob,1,interactive,64,PASS,lifecycle,DownloadBlob,GET,200,false,false,1
live,live-read64-round2-before.log,before,azblob,1,interactive,64,PASS,lifecycle,DownloadBlob,GET,206,false,false,32
live,live-read64-round2-before.log,before,azblob,1,interactive,64,PASS,lifecycle,DownloadBlob,GET,404,false,true,4
live,live-read64-round2-before.log,before,azblob,1,interactive,64,PASS,lifecycle,ListBlobs,GET,200,false,false,1
live,live-read64-round2-before.log,before,azblob,1,interactive,64,PASS,lifecycle,PutBlob,PUT,201,false,false,4
live,live-read64-round2-before.log,before,azblob,1,stream,64,PASS,workload,AppendBlock,PUT,201,false,false,65
live,live-read64-round2-before.log,before,azblob,1,stream,64,PASS,workload,DeleteBlob,DELETE,202,false,false,1
live,live-read64-round2-before.log,before,azblob,1,stream,64,PASS,workload,DownloadBlob,GET,206,false,false,62
live,live-read64-round2-before.log,before,azblob,1,stream,64,PASS,workload,DownloadBlob,GET,416,false,true,11
live,live-read64-round2-before.log,before,azblob,1,stream,64,PASS,lifecycle,AppendBlock,PUT,201,false,false,65
live,live-read64-round2-before.log,before,azblob,1,stream,64,PASS,lifecycle,CreateContainer,PUT,201,false,false,3
live,live-read64-round2-before.log,before,azblob,1,stream,64,PASS,lifecycle,DeleteBlob,DELETE,202,false,false,2
live,live-read64-round2-before.log,before,azblob,1,stream,64,PASS,lifecycle,DeleteContainer,DELETE,202,false,false,3
live,live-read64-round2-before.log,before,azblob,1,stream,64,PASS,lifecycle,DownloadBlob,GET,200,false,false,1
live,live-read64-round2-before.log,before,azblob,1,stream,64,PASS,lifecycle,DownloadBlob,GET,206,false,false,62
live,live-read64-round2-before.log,before,azblob,1,stream,64,PASS,lifecycle,DownloadBlob,GET,404,false,true,5
live,live-read64-round2-before.log,before,azblob,1,stream,64,PASS,lifecycle,DownloadBlob,GET,416,false,true,11
live,live-read64-round2-before.log,before,azblob,1,stream,64,PASS,lifecycle,ListBlobs,GET,200,false,false,1
live,live-read64-round2-before.log,before,azblob,1,stream,64,PASS,lifecycle,PutBlob,PUT,201,false,false,4
live,live-read64-round2-before.log,before,azblob,1,duplex,64,PASS,workload,AppendBlock,PUT,201,false,false,130
live,live-read64-round2-before.log,before,azblob,1,duplex,64,PASS,workload,DeleteBlob,DELETE,202,false,false,1
live,live-read64-round2-before.log,before,azblob,1,duplex,64,PASS,workload,DownloadBlob,GET,206,false,false,122
live,live-read64-round2-before.log,before,azblob,1,duplex,64,PASS,workload,DownloadBlob,GET,416,false,true,16
live,live-read64-round2-before.log,before,azblob,1,duplex,64,PASS,lifecycle,AppendBlock,PUT,201,false,false,130
live,live-read64-round2-before.log,before,azblob,1,duplex,64,PASS,lifecycle,CreateContainer,PUT,201,false,false,3
live,live-read64-round2-before.log,before,azblob,1,duplex,64,PASS,lifecycle,DeleteBlob,DELETE,202,false,false,2
live,live-read64-round2-before.log,before,azblob,1,duplex,64,PASS,lifecycle,DeleteContainer,DELETE,202,false,false,3
live,live-read64-round2-before.log,before,azblob,1,duplex,64,PASS,lifecycle,DownloadBlob,GET,200,false,false,1
live,live-read64-round2-before.log,before,azblob,1,duplex,64,PASS,lifecycle,DownloadBlob,GET,206,false,false,122
live,live-read64-round2-before.log,before,azblob,1,duplex,64,PASS,lifecycle,DownloadBlob,GET,404,false,true,4
live,live-read64-round2-before.log,before,azblob,1,duplex,64,PASS,lifecycle,DownloadBlob,GET,416,false,true,16
live,live-read64-round2-before.log,before,azblob,1,duplex,64,PASS,lifecycle,ListBlobs,GET,200,false,false,2
live,live-read64-round2-before.log,before,azblob,1,duplex,64,PASS,lifecycle,PutBlob,PUT,201,false,false,4
live,live-read64-round2-before.log,before,azblob,1,wake,64,PASS,workload,AppendBlock,PUT,201,false,false,1
live,live-read64-round2-before.log,before,azblob,1,wake,64,PASS,workload,DownloadBlob,GET,206,false,false,1
live,live-read64-round2-before.log,before,azblob,1,wake,64,PASS,workload,DownloadBlob,GET,416,false,true,8
live,live-read64-round2-before.log,before,azblob,1,wake,64,PASS,lifecycle,AppendBlock,PUT,201,false,false,2
live,live-read64-round2-before.log,before,azblob,1,wake,64,PASS,lifecycle,CreateContainer,PUT,201,false,false,3
live,live-read64-round2-before.log,before,azblob,1,wake,64,PASS,lifecycle,DeleteBlob,DELETE,202,false,false,2
live,live-read64-round2-before.log,before,azblob,1,wake,64,PASS,lifecycle,DeleteContainer,DELETE,202,false,false,3
live,live-read64-round2-before.log,before,azblob,1,wake,64,PASS,lifecycle,DownloadBlob,GET,200,false,false,1
live,live-read64-round2-before.log,before,azblob,1,wake,64,PASS,lifecycle,DownloadBlob,GET,206,false,false,1
live,live-read64-round2-before.log,before,azblob,1,wake,64,PASS,lifecycle,DownloadBlob,GET,404,false,true,5
live,live-read64-round2-before.log,before,azblob,1,wake,64,PASS,lifecycle,DownloadBlob,GET,416,false,true,8
live,live-read64-round2-before.log,before,azblob,1,wake,64,PASS,lifecycle,ListBlobs,GET,200,false,false,2
live,live-read64-round2-before.log,before,azblob,1,wake,64,PASS,lifecycle,PutBlob,PUT,201,false,false,4
live,live-read64-round2-before.log,before,azblob,4,idle,64,PASS,workload,DownloadBlob,GET,0,false,true,4
live,live-read64-round2-before.log,before,azblob,4,idle,64,PASS,workload,DownloadBlob,GET,416,false,true,28
live,live-read64-round2-before.log,before,azblob,4,idle,64,PASS,lifecycle,AppendBlock,PUT,201,false,false,4
live,live-read64-round2-before.log,before,azblob,4,idle,64,PASS,lifecycle,CreateContainer,PUT,201,false,false,6
live,live-read64-round2-before.log,before,azblob,4,idle,64,PASS,lifecycle,DeleteBlob,DELETE,202,false,false,8
live,live-read64-round2-before.log,before,azblob,4,idle,64,PASS,lifecycle,DeleteContainer,DELETE,202,false,false,6
live,live-read64-round2-before.log,before,azblob,4,idle,64,PASS,lifecycle,DownloadBlob,GET,0,false,true,4
live,live-read64-round2-before.log,before,azblob,4,idle,64,PASS,lifecycle,DownloadBlob,GET,200,false,false,4
live,live-read64-round2-before.log,before,azblob,4,idle,64,PASS,lifecycle,DownloadBlob,GET,404,false,true,20
live,live-read64-round2-before.log,before,azblob,4,idle,64,PASS,lifecycle,DownloadBlob,GET,416,false,true,28
live,live-read64-round2-before.log,before,azblob,4,idle,64,PASS,lifecycle,ListBlobs,GET,200,false,false,8
live,live-read64-round2-before.log,before,azblob,4,idle,64,PASS,lifecycle,PutBlob,PUT,201,false,false,16
live,live-read64-round2-before.log,before,azblob,4,interactive,64,PASS,workload,AppendBlock,PUT,201,false,false,128
live,live-read64-round2-before.log,before,azblob,4,interactive,64,PASS,workload,DeleteBlob,DELETE,202,false,false,4
live,live-read64-round2-before.log,before,azblob,4,interactive,64,PASS,workload,DownloadBlob,GET,206,false,false,128
live,live-read64-round2-before.log,before,azblob,4,interactive,64,PASS,lifecycle,AppendBlock,PUT,201,false,false,132
live,live-read64-round2-before.log,before,azblob,4,interactive,64,PASS,lifecycle,CreateContainer,PUT,201,false,false,6
live,live-read64-round2-before.log,before,azblob,4,interactive,64,PASS,lifecycle,DeleteBlob,DELETE,202,false,false,8
live,live-read64-round2-before.log,before,azblob,4,interactive,64,PASS,lifecycle,DeleteContainer,DELETE,202,false,false,6
live,live-read64-round2-before.log,before,azblob,4,interactive,64,PASS,lifecycle,DownloadBlob,GET,200,false,false,4
live,live-read64-round2-before.log,before,azblob,4,interactive,64,PASS,lifecycle,DownloadBlob,GET,206,false,false,128
live,live-read64-round2-before.log,before,azblob,4,interactive,64,PASS,lifecycle,DownloadBlob,GET,404,false,true,20
live,live-read64-round2-before.log,before,azblob,4,interactive,64,PASS,lifecycle,ListBlobs,GET,200,false,false,8
live,live-read64-round2-before.log,before,azblob,4,interactive,64,PASS,lifecycle,PutBlob,PUT,201,false,false,16
live,live-read64-round2-before.log,before,azblob,4,stream,64,PASS,workload,AppendBlock,PUT,201,false,false,260
live,live-read64-round2-before.log,before,azblob,4,stream,64,PASS,workload,DeleteBlob,DELETE,202,false,false,4
live,live-read64-round2-before.log,before,azblob,4,stream,64,PASS,workload,DownloadBlob,GET,206,false,false,247
live,live-read64-round2-before.log,before,azblob,4,stream,64,PASS,workload,DownloadBlob,GET,416,false,true,22
live,live-read64-round2-before.log,before,azblob,4,stream,64,PASS,lifecycle,AppendBlock,PUT,201,false,false,260
live,live-read64-round2-before.log,before,azblob,4,stream,64,PASS,lifecycle,CreateContainer,PUT,201,false,false,6
live,live-read64-round2-before.log,before,azblob,4,stream,64,PASS,lifecycle,DeleteBlob,DELETE,202,false,false,8
live,live-read64-round2-before.log,before,azblob,4,stream,64,PASS,lifecycle,DeleteContainer,DELETE,202,false,false,6
live,live-read64-round2-before.log,before,azblob,4,stream,64,PASS,lifecycle,DownloadBlob,GET,200,false,false,4
live,live-read64-round2-before.log,before,azblob,4,stream,64,PASS,lifecycle,DownloadBlob,GET,206,false,false,247
live,live-read64-round2-before.log,before,azblob,4,stream,64,PASS,lifecycle,DownloadBlob,GET,404,false,true,19
live,live-read64-round2-before.log,before,azblob,4,stream,64,PASS,lifecycle,DownloadBlob,GET,416,false,true,22
live,live-read64-round2-before.log,before,azblob,4,stream,64,PASS,lifecycle,ListBlobs,GET,200,false,false,7
live,live-read64-round2-before.log,before,azblob,4,stream,64,PASS,lifecycle,PutBlob,PUT,201,false,false,16
live,live-read64-round2-before.log,before,azblob,4,duplex,64,PASS,workload,AppendBlock,PUT,201,false,false,520
live,live-read64-round2-before.log,before,azblob,4,duplex,64,PASS,workload,DeleteBlob,DELETE,202,false,false,4
live,live-read64-round2-before.log,before,azblob,4,duplex,64,PASS,workload,DownloadBlob,GET,206,false,false,464
live,live-read64-round2-before.log,before,azblob,4,duplex,64,PASS,workload,DownloadBlob,GET,416,false,true,60
live,live-read64-round2-before.log,before,azblob,4,duplex,64,PASS,lifecycle,AppendBlock,PUT,201,false,false,520
live,live-read64-round2-before.log,before,azblob,4,duplex,64,PASS,lifecycle,CreateContainer,PUT,201,false,false,6
live,live-read64-round2-before.log,before,azblob,4,duplex,64,PASS,lifecycle,DeleteBlob,DELETE,202,false,false,8
live,live-read64-round2-before.log,before,azblob,4,duplex,64,PASS,lifecycle,DeleteContainer,DELETE,202,false,false,6
live,live-read64-round2-before.log,before,azblob,4,duplex,64,PASS,lifecycle,DownloadBlob,GET,200,false,false,4
live,live-read64-round2-before.log,before,azblob,4,duplex,64,PASS,lifecycle,DownloadBlob,GET,206,false,false,464
live,live-read64-round2-before.log,before,azblob,4,duplex,64,PASS,lifecycle,DownloadBlob,GET,404,false,true,20
live,live-read64-round2-before.log,before,azblob,4,duplex,64,PASS,lifecycle,DownloadBlob,GET,416,false,true,60
live,live-read64-round2-before.log,before,azblob,4,duplex,64,PASS,lifecycle,ListBlobs,GET,200,false,false,8
live,live-read64-round2-before.log,before,azblob,4,duplex,64,PASS,lifecycle,PutBlob,PUT,201,false,false,16
live,live-read64-round2-before.log,before,azblob,4,wake,64,PASS,workload,AppendBlock,PUT,201,false,false,4
live,live-read64-round2-before.log,before,azblob,4,wake,64,PASS,workload,DownloadBlob,GET,206,false,false,4
live,live-read64-round2-before.log,before,azblob,4,wake,64,PASS,workload,DownloadBlob,GET,416,false,true,33
live,live-read64-round2-before.log,before,azblob,4,wake,64,PASS,lifecycle,AppendBlock,PUT,201,false,false,8
live,live-read64-round2-before.log,before,azblob,4,wake,64,PASS,lifecycle,CreateContainer,PUT,201,false,false,6
live,live-read64-round2-before.log,before,azblob,4,wake,64,PASS,lifecycle,DeleteBlob,DELETE,202,false,false,8
live,live-read64-round2-before.log,before,azblob,4,wake,64,PASS,lifecycle,DeleteContainer,DELETE,202,false,false,6
live,live-read64-round2-before.log,before,azblob,4,wake,64,PASS,lifecycle,DownloadBlob,GET,200,false,false,4
live,live-read64-round2-before.log,before,azblob,4,wake,64,PASS,lifecycle,DownloadBlob,GET,206,false,false,4
live,live-read64-round2-before.log,before,azblob,4,wake,64,PASS,lifecycle,DownloadBlob,GET,404,false,true,23
live,live-read64-round2-before.log,before,azblob,4,wake,64,PASS,lifecycle,DownloadBlob,GET,416,false,true,33
live,live-read64-round2-before.log,before,azblob,4,wake,64,PASS,lifecycle,ListBlobs,GET,200,false,false,8
live,live-read64-round2-before.log,before,azblob,4,wake,64,PASS,lifecycle,PutBlob,PUT,201,false,false,16
live,live-read64-round2-before.log,before,azqueue,1,idle,64,PASS,workload,DequeueMessages,GET,0,false,true,1
live,live-read64-round2-before.log,before,azqueue,1,idle,64,PASS,workload,DequeueMessages,GET,200,false,false,29
live,live-read64-round2-before.log,before,azqueue,1,idle,64,PASS,lifecycle,CreateQueue,PUT,201,false,false,4
live,live-read64-round2-before.log,before,azqueue,1,idle,64,PASS,lifecycle,DeleteMessage,DELETE,204,false,false,2
live,live-read64-round2-before.log,before,azqueue,1,idle,64,PASS,lifecycle,DeleteQueue,DELETE,204,false,false,4
live,live-read64-round2-before.log,before,azqueue,1,idle,64,PASS,lifecycle,DequeueMessages,GET,0,false,true,1
live,live-read64-round2-before.log,before,azqueue,1,idle,64,PASS,lifecycle,DequeueMessages,GET,200,false,false,31
live,live-read64-round2-before.log,before,azqueue,1,idle,64,PASS,lifecycle,EnqueueMessage,POST,201,false,false,3
live,live-read64-round2-before.log,before,azqueue,1,idle,64,PASS,lifecycle,PeekMessages,GET,200,false,false,5
live,live-read64-round2-before.log,before,azqueue,1,interactive,64,PASS,workload,DeleteMessage,DELETE,204,false,false,33
live,live-read64-round2-before.log,before,azqueue,1,interactive,64,PASS,workload,DequeueMessages,GET,200,false,false,32
live,live-read64-round2-before.log,before,azqueue,1,interactive,64,PASS,workload,EnqueueMessage,POST,201,false,false,32
live,live-read64-round2-before.log,before,azqueue,1,interactive,64,PASS,lifecycle,CreateQueue,PUT,201,false,false,4
live,live-read64-round2-before.log,before,azqueue,1,interactive,64,PASS,lifecycle,DeleteMessage,DELETE,204,false,false,34
live,live-read64-round2-before.log,before,azqueue,1,interactive,64,PASS,lifecycle,DeleteQueue,DELETE,204,false,false,4
live,live-read64-round2-before.log,before,azqueue,1,interactive,64,PASS,lifecycle,DequeueMessages,GET,200,false,false,34
live,live-read64-round2-before.log,before,azqueue,1,interactive,64,PASS,lifecycle,EnqueueMessage,POST,201,false,false,35
live,live-read64-round2-before.log,before,azqueue,1,interactive,64,PASS,lifecycle,PeekMessages,GET,200,false,false,5
live,live-read64-round2-before.log,before,azqueue,1,stream,64,PASS,workload,DeleteMessage,DELETE,204,false,false,130
live,live-read64-round2-before.log,before,azqueue,1,stream,64,PASS,workload,DequeueMessages,GET,200,false,false,48
live,live-read64-round2-before.log,before,azqueue,1,stream,64,PASS,workload,EnqueueMessage,POST,201,false,false,129
live,live-read64-round2-before.log,before,azqueue,1,stream,64,PASS,lifecycle,CreateQueue,PUT,201,false,false,4
live,live-read64-round2-before.log,before,azqueue,1,stream,64,PASS,lifecycle,DeleteMessage,DELETE,204,false,false,131
live,live-read64-round2-before.log,before,azqueue,1,stream,64,PASS,lifecycle,DeleteQueue,DELETE,204,false,false,4
live,live-read64-round2-before.log,before,azqueue,1,stream,64,PASS,lifecycle,DequeueMessages,GET,200,false,false,50
live,live-read64-round2-before.log,before,azqueue,1,stream,64,PASS,lifecycle,EnqueueMessage,POST,201,false,false,131
live,live-read64-round2-before.log,before,azqueue,1,stream,64,PASS,lifecycle,PeekMessages,GET,200,false,false,5
live,live-read64-round2-before.log,before,azqueue,1,duplex,64,PASS,workload,DeleteMessage,DELETE,204,false,false,259
live,live-read64-round2-before.log,before,azqueue,1,duplex,64,PASS,workload,DequeueMessages,GET,200,false,false,104
live,live-read64-round2-before.log,before,azqueue,1,duplex,64,PASS,workload,EnqueueMessage,POST,201,false,false,258
live,live-read64-round2-before.log,before,azqueue,1,duplex,64,PASS,lifecycle,CreateQueue,PUT,201,false,false,4
live,live-read64-round2-before.log,before,azqueue,1,duplex,64,PASS,lifecycle,DeleteMessage,DELETE,204,false,false,260
live,live-read64-round2-before.log,before,azqueue,1,duplex,64,PASS,lifecycle,DeleteQueue,DELETE,204,false,false,4
live,live-read64-round2-before.log,before,azqueue,1,duplex,64,PASS,lifecycle,DequeueMessages,GET,200,false,false,106
live,live-read64-round2-before.log,before,azqueue,1,duplex,64,PASS,lifecycle,EnqueueMessage,POST,201,false,false,260
live,live-read64-round2-before.log,before,azqueue,1,duplex,64,PASS,lifecycle,PeekMessages,GET,200,false,false,5
live,live-read64-round2-before.log,before,azqueue,1,wake,64,PASS,workload,DeleteMessage,DELETE,204,false,false,1
live,live-read64-round2-before.log,before,azqueue,1,wake,64,PASS,workload,DequeueMessages,GET,200,false,false,30
live,live-read64-round2-before.log,before,azqueue,1,wake,64,PASS,workload,EnqueueMessage,POST,201,false,false,1
live,live-read64-round2-before.log,before,azqueue,1,wake,64,PASS,lifecycle,CreateQueue,PUT,201,false,false,4
live,live-read64-round2-before.log,before,azqueue,1,wake,64,PASS,lifecycle,DeleteMessage,DELETE,204,false,false,3
live,live-read64-round2-before.log,before,azqueue,1,wake,64,PASS,lifecycle,DeleteQueue,DELETE,204,false,false,4
live,live-read64-round2-before.log,before,azqueue,1,wake,64,PASS,lifecycle,DequeueMessages,GET,200,false,false,32
live,live-read64-round2-before.log,before,azqueue,1,wake,64,PASS,lifecycle,EnqueueMessage,POST,201,false,false,4
live,live-read64-round2-before.log,before,azqueue,1,wake,64,PASS,lifecycle,PeekMessages,GET,200,false,false,5
live,live-read64-round2-before.log,before,azqueue,4,idle,64,PASS,workload,DequeueMessages,GET,200,false,false,112
live,live-read64-round2-before.log,before,azqueue,4,idle,64,PASS,lifecycle,CreateQueue,PUT,201,false,false,10
live,live-read64-round2-before.log,before,azqueue,4,idle,64,PASS,lifecycle,DeleteMessage,DELETE,204,false,false,8
live,live-read64-round2-before.log,before,azqueue,4,idle,64,PASS,lifecycle,DeleteQueue,DELETE,204,false,false,10
live,live-read64-round2-before.log,before,azqueue,4,idle,64,PASS,lifecycle,DequeueMessages,GET,200,false,false,120
live,live-read64-round2-before.log,before,azqueue,4,idle,64,PASS,lifecycle,EnqueueMessage,POST,201,false,false,12
live,live-read64-round2-before.log,before,azqueue,4,idle,64,PASS,lifecycle,PeekMessages,GET,200,false,false,18
live,live-read64-round2-before.log,before,azqueue,4,interactive,64,PASS,workload,DeleteMessage,DELETE,204,false,false,132
live,live-read64-round2-before.log,before,azqueue,4,interactive,64,PASS,workload,DequeueMessages,GET,200,false,false,128
live,live-read64-round2-before.log,before,azqueue,4,interactive,64,PASS,workload,EnqueueMessage,POST,201,false,false,128
live,live-read64-round2-before.log,before,azqueue,4,interactive,64,PASS,lifecycle,CreateQueue,PUT,201,false,false,10
live,live-read64-round2-before.log,before,azqueue,4,interactive,64,PASS,lifecycle,DeleteMessage,DELETE,204,false,false,136
live,live-read64-round2-before.log,before,azqueue,4,interactive,64,PASS,lifecycle,DeleteQueue,DELETE,204,false,false,10
live,live-read64-round2-before.log,before,azqueue,4,interactive,64,PASS,lifecycle,DequeueMessages,GET,200,false,false,136
live,live-read64-round2-before.log,before,azqueue,4,interactive,64,PASS,lifecycle,EnqueueMessage,POST,201,false,false,140
live,live-read64-round2-before.log,before,azqueue,4,interactive,64,PASS,lifecycle,PeekMessages,GET,200,false,false,19
live,live-read64-round2-before.log,before,azqueue,4,stream,64,PASS,workload,DeleteMessage,DELETE,204,false,false,520
live,live-read64-round2-before.log,before,azqueue,4,stream,64,PASS,workload,DequeueMessages,GET,200,false,false,188
live,live-read64-round2-before.log,before,azqueue,4,stream,64,PASS,workload,EnqueueMessage,POST,201,false,false,516
live,live-read64-round2-before.log,before,azqueue,4,stream,64,PASS,lifecycle,CreateQueue,PUT,201,false,false,10
live,live-read64-round2-before.log,before,azqueue,4,stream,64,PASS,lifecycle,DeleteMessage,DELETE,204,false,false,524
live,live-read64-round2-before.log,before,azqueue,4,stream,64,PASS,lifecycle,DeleteQueue,DELETE,204,false,false,10
live,live-read64-round2-before.log,before,azqueue,4,stream,64,PASS,lifecycle,DequeueMessages,GET,200,false,false,197
live,live-read64-round2-before.log,before,azqueue,4,stream,64,PASS,lifecycle,EnqueueMessage,POST,201,false,false,524
live,live-read64-round2-before.log,before,azqueue,4,stream,64,PASS,lifecycle,PeekMessages,GET,200,false,false,18
live,live-read64-round2-before.log,before,azqueue,4,duplex,64,PASS,workload,DeleteMessage,DELETE,204,false,false,1036
live,live-read64-round2-before.log,before,azqueue,4,duplex,64,PASS,workload,DequeueMessages,GET,200,false,false,484
live,live-read64-round2-before.log,before,azqueue,4,duplex,64,PASS,workload,EnqueueMessage,POST,201,false,false,1032
live,live-read64-round2-before.log,before,azqueue,4,duplex,64,PASS,lifecycle,CreateQueue,PUT,201,false,false,10
live,live-read64-round2-before.log,before,azqueue,4,duplex,64,PASS,lifecycle,DeleteMessage,DELETE,204,false,false,1040
live,live-read64-round2-before.log,before,azqueue,4,duplex,64,PASS,lifecycle,DeleteQueue,DELETE,204,false,false,10
live,live-read64-round2-before.log,before,azqueue,4,duplex,64,PASS,lifecycle,DequeueMessages,GET,200,false,false,492
live,live-read64-round2-before.log,before,azqueue,4,duplex,64,PASS,lifecycle,EnqueueMessage,POST,201,false,false,1040
live,live-read64-round2-before.log,before,azqueue,4,duplex,64,PASS,lifecycle,PeekMessages,GET,200,false,false,19
live,live-read64-round2-before.log,before,azqueue,4,wake,64,PASS,workload,DeleteMessage,DELETE,204,false,false,4
live,live-read64-round2-before.log,before,azqueue,4,wake,64,PASS,workload,DequeueMessages,GET,200,false,false,120
live,live-read64-round2-before.log,before,azqueue,4,wake,64,PASS,workload,EnqueueMessage,POST,201,false,false,4
live,live-read64-round2-before.log,before,azqueue,4,wake,64,PASS,lifecycle,CreateQueue,PUT,201,false,false,10
live,live-read64-round2-before.log,before,azqueue,4,wake,64,PASS,lifecycle,DeleteMessage,DELETE,204,false,false,12
live,live-read64-round2-before.log,before,azqueue,4,wake,64,PASS,lifecycle,DeleteQueue,DELETE,204,false,false,10
live,live-read64-round2-before.log,before,azqueue,4,wake,64,PASS,lifecycle,DequeueMessages,GET,200,false,false,128
live,live-read64-round2-before.log,before,azqueue,4,wake,64,PASS,lifecycle,EnqueueMessage,POST,201,false,false,16
live,live-read64-round2-before.log,before,azqueue,4,wake,64,PASS,lifecycle,PeekMessages,GET,200,false,false,18
live,live-read64-round2-before.log,before,aztable,1,idle,64,PASS,workload,QueryEntities,GET,200,false,false,27
live,live-read64-round2-before.log,before,aztable,1,idle,64,PASS,lifecycle,AddEntity,POST,201,false,false,2
live,live-read64-round2-before.log,before,aztable,1,idle,64,PASS,lifecycle,AddEntity,POST,204,false,false,1
live,live-read64-round2-before.log,before,aztable,1,idle,64,PASS,lifecycle,CreateTable,POST,201,false,false,4
live,live-read64-round2-before.log,before,aztable,1,idle,64,PASS,lifecycle,DeleteEntity,DELETE,204,false,false,2
live,live-read64-round2-before.log,before,aztable,1,idle,64,PASS,lifecycle,DeleteTable,DELETE,204,false,false,4
live,live-read64-round2-before.log,before,aztable,1,idle,64,PASS,lifecycle,GetEntity,GET,200,false,false,1
live,live-read64-round2-before.log,before,aztable,1,idle,64,PASS,lifecycle,GetEntity,GET,404,false,true,3
live,live-read64-round2-before.log,before,aztable,1,idle,64,PASS,lifecycle,QueryEntities,GET,200,false,false,29
live,live-read64-round2-before.log,before,aztable,1,interactive,64,PASS,workload,AddEntity,POST,204,false,false,32
live,live-read64-round2-before.log,before,aztable,1,interactive,64,PASS,workload,DeleteEntity,DELETE,204,false,false,1
live,live-read64-round2-before.log,before,aztable,1,interactive,64,PASS,workload,QueryEntities,GET,200,false,false,32
live,live-read64-round2-before.log,before,aztable,1,interactive,64,PASS,lifecycle,AddEntity,POST,201,false,false,2
live,live-read64-round2-before.log,before,aztable,1,interactive,64,PASS,lifecycle,AddEntity,POST,204,false,false,33
live,live-read64-round2-before.log,before,aztable,1,interactive,64,PASS,lifecycle,CreateTable,POST,201,false,false,4
live,live-read64-round2-before.log,before,aztable,1,interactive,64,PASS,lifecycle,DeleteEntity,DELETE,204,false,false,2
live,live-read64-round2-before.log,before,aztable,1,interactive,64,PASS,lifecycle,DeleteTable,DELETE,204,false,false,4
live,live-read64-round2-before.log,before,aztable,1,interactive,64,PASS,lifecycle,GetEntity,GET,200,false,false,1
live,live-read64-round2-before.log,before,aztable,1,interactive,64,PASS,lifecycle,GetEntity,GET,404,false,true,4
live,live-read64-round2-before.log,before,aztable,1,interactive,64,PASS,lifecycle,QueryEntities,GET,200,false,false,34
live,live-read64-round2-before.log,before,aztable,1,stream,64,PASS,workload,AddEntity,POST,204,false,false,65
live,live-read64-round2-before.log,before,aztable,1,stream,64,PASS,workload,DeleteEntity,DELETE,204,false,false,1
live,live-read64-round2-before.log,before,aztable,1,stream,64,PASS,workload,QueryEntities,GET,200,false,false,42
live,live-read64-round2-before.log,before,aztable,1,stream,64,PASS,lifecycle,AddEntity,POST,201,false,false,2
live,live-read64-round2-before.log,before,aztable,1,stream,64,PASS,lifecycle,AddEntity,POST,204,false,false,65
live,live-read64-round2-before.log,before,aztable,1,stream,64,PASS,lifecycle,CreateTable,POST,201,false,false,4
live,live-read64-round2-before.log,before,aztable,1,stream,64,PASS,lifecycle,DeleteEntity,DELETE,204,false,false,2
live,live-read64-round2-before.log,before,aztable,1,stream,64,PASS,lifecycle,DeleteTable,DELETE,204,false,false,4
live,live-read64-round2-before.log,before,aztable,1,stream,64,PASS,lifecycle,GetEntity,GET,200,false,false,1
live,live-read64-round2-before.log,before,aztable,1,stream,64,PASS,lifecycle,GetEntity,GET,404,false,true,4
live,live-read64-round2-before.log,before,aztable,1,stream,64,PASS,lifecycle,QueryEntities,GET,200,false,false,44
live,live-read64-round2-before.log,before,aztable,1,duplex,64,PASS,workload,AddEntity,POST,204,false,false,130
live,live-read64-round2-before.log,before,aztable,1,duplex,64,PASS,workload,DeleteEntity,DELETE,204,false,false,1
live,live-read64-round2-before.log,before,aztable,1,duplex,64,PASS,workload,QueryEntities,GET,200,false,false,84
live,live-read64-round2-before.log,before,aztable,1,duplex,64,PASS,lifecycle,AddEntity,POST,201,false,false,2
live,live-read64-round2-before.log,before,aztable,1,duplex,64,PASS,lifecycle,AddEntity,POST,204,false,false,130
live,live-read64-round2-before.log,before,aztable,1,duplex,64,PASS,lifecycle,CreateTable,POST,201,false,false,4
live,live-read64-round2-before.log,before,aztable,1,duplex,64,PASS,lifecycle,DeleteEntity,DELETE,204,false,false,2
live,live-read64-round2-before.log,before,aztable,1,duplex,64,PASS,lifecycle,DeleteTable,DELETE,204,false,false,4
live,live-read64-round2-before.log,before,aztable,1,duplex,64,PASS,lifecycle,GetEntity,GET,200,false,false,1
live,live-read64-round2-before.log,before,aztable,1,duplex,64,PASS,lifecycle,GetEntity,GET,404,false,true,3
live,live-read64-round2-before.log,before,aztable,1,duplex,64,PASS,lifecycle,QueryEntities,GET,200,false,false,86
live,live-read64-round2-before.log,before,aztable,1,wake,64,PASS,workload,AddEntity,POST,204,false,false,1
live,live-read64-round2-before.log,before,aztable,1,wake,64,PASS,workload,QueryEntities,GET,200,false,false,29
live,live-read64-round2-before.log,before,aztable,1,wake,64,PASS,lifecycle,AddEntity,POST,201,false,false,2
live,live-read64-round2-before.log,before,aztable,1,wake,64,PASS,lifecycle,AddEntity,POST,204,false,false,2
live,live-read64-round2-before.log,before,aztable,1,wake,64,PASS,lifecycle,CreateTable,POST,201,false,false,4
live,live-read64-round2-before.log,before,aztable,1,wake,64,PASS,lifecycle,DeleteEntity,DELETE,204,false,false,2
live,live-read64-round2-before.log,before,aztable,1,wake,64,PASS,lifecycle,DeleteTable,DELETE,204,false,false,4
live,live-read64-round2-before.log,before,aztable,1,wake,64,PASS,lifecycle,GetEntity,GET,200,false,false,1
live,live-read64-round2-before.log,before,aztable,1,wake,64,PASS,lifecycle,GetEntity,GET,404,false,true,4
live,live-read64-round2-before.log,before,aztable,1,wake,64,PASS,lifecycle,QueryEntities,GET,200,false,false,31
live,live-read64-round2-before.log,before,aztable,4,idle,64,PASS,workload,QueryEntities,GET,0,false,true,3
live,live-read64-round2-before.log,before,aztable,4,idle,64,PASS,workload,QueryEntities,GET,200,false,false,108
live,live-read64-round2-before.log,before,aztable,4,idle,64,PASS,lifecycle,AddEntity,POST,201,false,false,8
live,live-read64-round2-before.log,before,aztable,4,idle,64,PASS,lifecycle,AddEntity,POST,204,false,false,4
live,live-read64-round2-before.log,before,aztable,4,idle,64,PASS,lifecycle,CreateTable,POST,201,false,false,10
live,live-read64-round2-before.log,before,aztable,4,idle,64,PASS,lifecycle,DeleteEntity,DELETE,204,false,false,8
live,live-read64-round2-before.log,before,aztable,4,idle,64,PASS,lifecycle,DeleteTable,DELETE,204,false,false,10
live,live-read64-round2-before.log,before,aztable,4,idle,64,PASS,lifecycle,GetEntity,GET,200,false,false,4
live,live-read64-round2-before.log,before,aztable,4,idle,64,PASS,lifecycle,GetEntity,GET,404,false,true,14
live,live-read64-round2-before.log,before,aztable,4,idle,64,PASS,lifecycle,QueryEntities,GET,0,false,true,3
live,live-read64-round2-before.log,before,aztable,4,idle,64,PASS,lifecycle,QueryEntities,GET,200,false,false,116
live,live-read64-round2-before.log,before,aztable,4,interactive,64,PASS,workload,AddEntity,POST,204,false,false,128
live,live-read64-round2-before.log,before,aztable,4,interactive,64,PASS,workload,DeleteEntity,DELETE,204,false,false,4
live,live-read64-round2-before.log,before,aztable,4,interactive,64,PASS,workload,QueryEntities,GET,200,false,false,128
live,live-read64-round2-before.log,before,aztable,4,interactive,64,PASS,lifecycle,AddEntity,POST,201,false,false,8
live,live-read64-round2-before.log,before,aztable,4,interactive,64,PASS,lifecycle,AddEntity,POST,204,false,false,132
live,live-read64-round2-before.log,before,aztable,4,interactive,64,PASS,lifecycle,CreateTable,POST,201,false,false,10
live,live-read64-round2-before.log,before,aztable,4,interactive,64,PASS,lifecycle,DeleteEntity,DELETE,204,false,false,8
live,live-read64-round2-before.log,before,aztable,4,interactive,64,PASS,lifecycle,DeleteTable,DELETE,204,false,false,10
live,live-read64-round2-before.log,before,aztable,4,interactive,64,PASS,lifecycle,GetEntity,GET,200,false,false,4
live,live-read64-round2-before.log,before,aztable,4,interactive,64,PASS,lifecycle,GetEntity,GET,404,false,true,15
live,live-read64-round2-before.log,before,aztable,4,interactive,64,PASS,lifecycle,QueryEntities,GET,200,false,false,136
live,live-read64-round2-before.log,before,aztable,4,stream,64,PASS,workload,AddEntity,POST,204,false,false,260
live,live-read64-round2-before.log,before,aztable,4,stream,64,PASS,workload,DeleteEntity,DELETE,204,false,false,4
live,live-read64-round2-before.log,before,aztable,4,stream,64,PASS,workload,QueryEntities,GET,200,false,false,169
live,live-read64-round2-before.log,before,aztable,4,stream,64,PASS,lifecycle,AddEntity,POST,201,false,false,8
live,live-read64-round2-before.log,before,aztable,4,stream,64,PASS,lifecycle,AddEntity,POST,204,false,false,260
live,live-read64-round2-before.log,before,aztable,4,stream,64,PASS,lifecycle,CreateTable,POST,201,false,false,10
live,live-read64-round2-before.log,before,aztable,4,stream,64,PASS,lifecycle,DeleteEntity,DELETE,204,false,false,8
live,live-read64-round2-before.log,before,aztable,4,stream,64,PASS,lifecycle,DeleteTable,DELETE,204,false,false,10
live,live-read64-round2-before.log,before,aztable,4,stream,64,PASS,lifecycle,GetEntity,GET,200,false,false,4
live,live-read64-round2-before.log,before,aztable,4,stream,64,PASS,lifecycle,GetEntity,GET,404,false,true,14
live,live-read64-round2-before.log,before,aztable,4,stream,64,PASS,lifecycle,QueryEntities,GET,200,false,false,177
live,live-read64-round2-before.log,before,aztable,4,duplex,64,PASS,workload,AddEntity,POST,204,false,false,520
live,live-read64-round2-before.log,before,aztable,4,duplex,64,PASS,workload,DeleteEntity,DELETE,204,false,false,4
live,live-read64-round2-before.log,before,aztable,4,duplex,64,PASS,workload,QueryEntities,GET,200,false,false,488
live,live-read64-round2-before.log,before,aztable,4,duplex,64,PASS,lifecycle,AddEntity,POST,201,false,false,8
live,live-read64-round2-before.log,before,aztable,4,duplex,64,PASS,lifecycle,AddEntity,POST,204,false,false,520
live,live-read64-round2-before.log,before,aztable,4,duplex,64,PASS,lifecycle,CreateTable,POST,201,false,false,10
live,live-read64-round2-before.log,before,aztable,4,duplex,64,PASS,lifecycle,DeleteEntity,DELETE,204,false,false,8
live,live-read64-round2-before.log,before,aztable,4,duplex,64,PASS,lifecycle,DeleteTable,DELETE,204,false,false,10
live,live-read64-round2-before.log,before,aztable,4,duplex,64,PASS,lifecycle,GetEntity,GET,200,false,false,4
live,live-read64-round2-before.log,before,aztable,4,duplex,64,PASS,lifecycle,GetEntity,GET,404,false,true,16
live,live-read64-round2-before.log,before,aztable,4,duplex,64,PASS,lifecycle,QueryEntities,GET,200,false,false,496
live,live-read64-round2-before.log,before,aztable,4,wake,64,PASS,workload,AddEntity,POST,204,false,false,4
live,live-read64-round2-before.log,before,aztable,4,wake,64,PASS,workload,QueryEntities,GET,200,false,false,112
live,live-read64-round2-before.log,before,aztable,4,wake,64,PASS,lifecycle,AddEntity,POST,201,false,false,8
live,live-read64-round2-before.log,before,aztable,4,wake,64,PASS,lifecycle,AddEntity,POST,204,false,false,8
live,live-read64-round2-before.log,before,aztable,4,wake,64,PASS,lifecycle,CreateTable,POST,201,false,false,10
live,live-read64-round2-before.log,before,aztable,4,wake,64,PASS,lifecycle,DeleteEntity,DELETE,204,false,false,8
live,live-read64-round2-before.log,before,aztable,4,wake,64,PASS,lifecycle,DeleteTable,DELETE,204,false,false,10
live,live-read64-round2-before.log,before,aztable,4,wake,64,PASS,lifecycle,GetEntity,GET,200,false,false,4
live,live-read64-round2-before.log,before,aztable,4,wake,64,PASS,lifecycle,GetEntity,GET,404,false,true,14
live,live-read64-round2-before.log,before,aztable,4,wake,64,PASS,lifecycle,QueryEntities,GET,200,false,false,120
live,live-read64-round3-after.log,after,azblob,1,idle,64,PASS,workload,DownloadBlob,GET,0,false,true,1
live,live-read64-round3-after.log,after,azblob,1,idle,64,PASS,workload,DownloadBlob,GET,416,false,true,6
live,live-read64-round3-after.log,after,azblob,1,idle,64,PASS,lifecycle,AppendBlock,PUT,201,false,false,1
live,live-read64-round3-after.log,after,azblob,1,idle,64,PASS,lifecycle,CreateContainer,PUT,201,false,false,3
live,live-read64-round3-after.log,after,azblob,1,idle,64,PASS,lifecycle,DeleteBlob,DELETE,202,false,false,2
live,live-read64-round3-after.log,after,azblob,1,idle,64,PASS,lifecycle,DeleteContainer,DELETE,202,false,false,3
live,live-read64-round3-after.log,after,azblob,1,idle,64,PASS,lifecycle,DownloadBlob,GET,0,false,true,1
live,live-read64-round3-after.log,after,azblob,1,idle,64,PASS,lifecycle,DownloadBlob,GET,200,false,false,1
live,live-read64-round3-after.log,after,azblob,1,idle,64,PASS,lifecycle,DownloadBlob,GET,404,false,true,4
live,live-read64-round3-after.log,after,azblob,1,idle,64,PASS,lifecycle,DownloadBlob,GET,416,false,true,6
live,live-read64-round3-after.log,after,azblob,1,idle,64,PASS,lifecycle,ListBlobs,GET,200,false,false,2
live,live-read64-round3-after.log,after,azblob,1,idle,64,PASS,lifecycle,PutBlob,PUT,201,false,false,4
live,live-read64-round3-after.log,after,azblob,1,interactive,64,PASS,workload,AppendBlock,PUT,201,false,false,32
live,live-read64-round3-after.log,after,azblob,1,interactive,64,PASS,workload,DeleteBlob,DELETE,202,false,false,1
live,live-read64-round3-after.log,after,azblob,1,interactive,64,PASS,workload,DownloadBlob,GET,206,false,false,32
live,live-read64-round3-after.log,after,azblob,1,interactive,64,PASS,lifecycle,AppendBlock,PUT,201,false,false,33
live,live-read64-round3-after.log,after,azblob,1,interactive,64,PASS,lifecycle,CreateContainer,PUT,201,false,false,3
live,live-read64-round3-after.log,after,azblob,1,interactive,64,PASS,lifecycle,DeleteBlob,DELETE,202,false,false,2
live,live-read64-round3-after.log,after,azblob,1,interactive,64,PASS,lifecycle,DeleteContainer,DELETE,202,false,false,3
live,live-read64-round3-after.log,after,azblob,1,interactive,64,PASS,lifecycle,DownloadBlob,GET,200,false,false,1
live,live-read64-round3-after.log,after,azblob,1,interactive,64,PASS,lifecycle,DownloadBlob,GET,206,false,false,32
live,live-read64-round3-after.log,after,azblob,1,interactive,64,PASS,lifecycle,DownloadBlob,GET,404,false,true,5
live,live-read64-round3-after.log,after,azblob,1,interactive,64,PASS,lifecycle,ListBlobs,GET,200,false,false,2
live,live-read64-round3-after.log,after,azblob,1,interactive,64,PASS,lifecycle,PutBlob,PUT,201,false,false,4
live,live-read64-round3-after.log,after,azblob,1,stream,64,PASS,workload,AppendBlock,PUT,201,false,false,65
live,live-read64-round3-after.log,after,azblob,1,stream,64,PASS,workload,DeleteBlob,DELETE,202,false,false,1
live,live-read64-round3-after.log,after,azblob,1,stream,64,PASS,workload,DownloadBlob,GET,206,false,false,62
live,live-read64-round3-after.log,after,azblob,1,stream,64,PASS,workload,DownloadBlob,GET,416,false,true,6
live,live-read64-round3-after.log,after,azblob,1,stream,64,PASS,lifecycle,AppendBlock,PUT,201,false,false,65
live,live-read64-round3-after.log,after,azblob,1,stream,64,PASS,lifecycle,CreateContainer,PUT,201,false,false,3
live,live-read64-round3-after.log,after,azblob,1,stream,64,PASS,lifecycle,DeleteBlob,DELETE,202,false,false,2
live,live-read64-round3-after.log,after,azblob,1,stream,64,PASS,lifecycle,DeleteContainer,DELETE,202,false,false,3
live,live-read64-round3-after.log,after,azblob,1,stream,64,PASS,lifecycle,DownloadBlob,GET,200,false,false,1
live,live-read64-round3-after.log,after,azblob,1,stream,64,PASS,lifecycle,DownloadBlob,GET,206,false,false,62
live,live-read64-round3-after.log,after,azblob,1,stream,64,PASS,lifecycle,DownloadBlob,GET,404,false,true,5
live,live-read64-round3-after.log,after,azblob,1,stream,64,PASS,lifecycle,DownloadBlob,GET,416,false,true,6
live,live-read64-round3-after.log,after,azblob,1,stream,64,PASS,lifecycle,ListBlobs,GET,200,false,false,2
live,live-read64-round3-after.log,after,azblob,1,stream,64,PASS,lifecycle,PutBlob,PUT,201,false,false,4
live,live-read64-round3-after.log,after,azblob,1,duplex,64,PASS,workload,AppendBlock,PUT,201,false,false,130
live,live-read64-round3-after.log,after,azblob,1,duplex,64,PASS,workload,DeleteBlob,DELETE,202,false,false,1
live,live-read64-round3-after.log,after,azblob,1,duplex,64,PASS,workload,DownloadBlob,GET,206,false,false,127
live,live-read64-round3-after.log,after,azblob,1,duplex,64,PASS,workload,DownloadBlob,GET,416,false,true,12
live,live-read64-round3-after.log,after,azblob,1,duplex,64,PASS,lifecycle,AppendBlock,PUT,201,false,false,130
live,live-read64-round3-after.log,after,azblob,1,duplex,64,PASS,lifecycle,CreateContainer,PUT,201,false,false,3
live,live-read64-round3-after.log,after,azblob,1,duplex,64,PASS,lifecycle,DeleteBlob,DELETE,202,false,false,2
live,live-read64-round3-after.log,after,azblob,1,duplex,64,PASS,lifecycle,DeleteContainer,DELETE,202,false,false,3
live,live-read64-round3-after.log,after,azblob,1,duplex,64,PASS,lifecycle,DownloadBlob,GET,200,false,false,1
live,live-read64-round3-after.log,after,azblob,1,duplex,64,PASS,lifecycle,DownloadBlob,GET,206,false,false,127
live,live-read64-round3-after.log,after,azblob,1,duplex,64,PASS,lifecycle,DownloadBlob,GET,404,false,true,5
live,live-read64-round3-after.log,after,azblob,1,duplex,64,PASS,lifecycle,DownloadBlob,GET,416,false,true,12
live,live-read64-round3-after.log,after,azblob,1,duplex,64,PASS,lifecycle,ListBlobs,GET,200,false,false,2
live,live-read64-round3-after.log,after,azblob,1,duplex,64,PASS,lifecycle,PutBlob,PUT,201,false,false,4
live,live-read64-round3-after.log,after,azblob,1,wake,64,PASS,workload,AppendBlock,PUT,201,false,false,1
live,live-read64-round3-after.log,after,azblob,1,wake,64,PASS,workload,DownloadBlob,GET,206,false,false,1
live,live-read64-round3-after.log,after,azblob,1,wake,64,PASS,workload,DownloadBlob,GET,416,false,true,8
live,live-read64-round3-after.log,after,azblob,1,wake,64,PASS,lifecycle,AppendBlock,PUT,201,false,false,2
live,live-read64-round3-after.log,after,azblob,1,wake,64,PASS,lifecycle,CreateContainer,PUT,201,false,false,3
live,live-read64-round3-after.log,after,azblob,1,wake,64,PASS,lifecycle,DeleteBlob,DELETE,202,false,false,2
live,live-read64-round3-after.log,after,azblob,1,wake,64,PASS,lifecycle,DeleteContainer,DELETE,202,false,false,3
live,live-read64-round3-after.log,after,azblob,1,wake,64,PASS,lifecycle,DownloadBlob,GET,200,false,false,1
live,live-read64-round3-after.log,after,azblob,1,wake,64,PASS,lifecycle,DownloadBlob,GET,206,false,false,1
live,live-read64-round3-after.log,after,azblob,1,wake,64,PASS,lifecycle,DownloadBlob,GET,404,false,true,5
live,live-read64-round3-after.log,after,azblob,1,wake,64,PASS,lifecycle,DownloadBlob,GET,416,false,true,8
live,live-read64-round3-after.log,after,azblob,1,wake,64,PASS,lifecycle,ListBlobs,GET,200,false,false,2
live,live-read64-round3-after.log,after,azblob,1,wake,64,PASS,lifecycle,PutBlob,PUT,201,false,false,4
live,live-read64-round3-after.log,after,azblob,4,idle,64,PASS,workload,DownloadBlob,GET,0,false,true,4
live,live-read64-round3-after.log,after,azblob,4,idle,64,PASS,workload,DownloadBlob,GET,416,false,true,28
live,live-read64-round3-after.log,after,azblob,4,idle,64,PASS,lifecycle,AppendBlock,PUT,201,false,false,4
live,live-read64-round3-after.log,after,azblob,4,idle,64,PASS,lifecycle,CreateContainer,PUT,201,false,false,6
live,live-read64-round3-after.log,after,azblob,4,idle,64,PASS,lifecycle,DeleteBlob,DELETE,202,false,false,8
live,live-read64-round3-after.log,after,azblob,4,idle,64,PASS,lifecycle,DeleteContainer,DELETE,202,false,false,6
live,live-read64-round3-after.log,after,azblob,4,idle,64,PASS,lifecycle,DownloadBlob,GET,0,false,true,4
live,live-read64-round3-after.log,after,azblob,4,idle,64,PASS,lifecycle,DownloadBlob,GET,200,false,false,4
live,live-read64-round3-after.log,after,azblob,4,idle,64,PASS,lifecycle,DownloadBlob,GET,404,false,true,20
live,live-read64-round3-after.log,after,azblob,4,idle,64,PASS,lifecycle,DownloadBlob,GET,416,false,true,28
live,live-read64-round3-after.log,after,azblob,4,idle,64,PASS,lifecycle,ListBlobs,GET,200,false,false,8
live,live-read64-round3-after.log,after,azblob,4,idle,64,PASS,lifecycle,PutBlob,PUT,201,false,false,16
live,live-read64-round3-after.log,after,azblob,4,interactive,64,PASS,workload,AppendBlock,PUT,201,false,false,128
live,live-read64-round3-after.log,after,azblob,4,interactive,64,PASS,workload,DeleteBlob,DELETE,202,false,false,4
live,live-read64-round3-after.log,after,azblob,4,interactive,64,PASS,workload,DownloadBlob,GET,206,false,false,128
live,live-read64-round3-after.log,after,azblob,4,interactive,64,PASS,lifecycle,AppendBlock,PUT,201,false,false,132
live,live-read64-round3-after.log,after,azblob,4,interactive,64,PASS,lifecycle,CreateContainer,PUT,201,false,false,6
live,live-read64-round3-after.log,after,azblob,4,interactive,64,PASS,lifecycle,DeleteBlob,DELETE,202,false,false,8
live,live-read64-round3-after.log,after,azblob,4,interactive,64,PASS,lifecycle,DeleteContainer,DELETE,202,false,false,6
live,live-read64-round3-after.log,after,azblob,4,interactive,64,PASS,lifecycle,DownloadBlob,GET,200,false,false,4
live,live-read64-round3-after.log,after,azblob,4,interactive,64,PASS,lifecycle,DownloadBlob,GET,206,false,false,128
live,live-read64-round3-after.log,after,azblob,4,interactive,64,PASS,lifecycle,DownloadBlob,GET,404,false,true,19
live,live-read64-round3-after.log,after,azblob,4,interactive,64,PASS,lifecycle,ListBlobs,GET,200,false,false,7
live,live-read64-round3-after.log,after,azblob,4,interactive,64,PASS,lifecycle,PutBlob,PUT,201,false,false,16
live,live-read64-round3-after.log,after,azblob,4,stream,64,PASS,workload,AppendBlock,PUT,201,false,false,260
live,live-read64-round3-after.log,after,azblob,4,stream,64,PASS,workload,DeleteBlob,DELETE,202,false,false,4
live,live-read64-round3-after.log,after,azblob,4,stream,64,PASS,workload,DownloadBlob,GET,206,false,false,241
live,live-read64-round3-after.log,after,azblob,4,stream,64,PASS,workload,DownloadBlob,GET,416,false,true,25
live,live-read64-round3-after.log,after,azblob,4,stream,64,PASS,lifecycle,AppendBlock,PUT,201,false,false,260
live,live-read64-round3-after.log,after,azblob,4,stream,64,PASS,lifecycle,CreateContainer,PUT,201,false,false,6
live,live-read64-round3-after.log,after,azblob,4,stream,64,PASS,lifecycle,DeleteBlob,DELETE,202,false,false,8
live,live-read64-round3-after.log,after,azblob,4,stream,64,PASS,lifecycle,DeleteContainer,DELETE,202,false,false,6
live,live-read64-round3-after.log,after,azblob,4,stream,64,PASS,lifecycle,DownloadBlob,GET,200,false,false,4
live,live-read64-round3-after.log,after,azblob,4,stream,64,PASS,lifecycle,DownloadBlob,GET,206,false,false,241
live,live-read64-round3-after.log,after,azblob,4,stream,64,PASS,lifecycle,DownloadBlob,GET,404,false,true,20
live,live-read64-round3-after.log,after,azblob,4,stream,64,PASS,lifecycle,DownloadBlob,GET,416,false,true,25
live,live-read64-round3-after.log,after,azblob,4,stream,64,PASS,lifecycle,ListBlobs,GET,200,false,false,8
live,live-read64-round3-after.log,after,azblob,4,stream,64,PASS,lifecycle,PutBlob,PUT,201,false,false,16
live,live-read64-round3-after.log,after,azblob,4,duplex,64,PASS,workload,AppendBlock,PUT,201,false,false,520
live,live-read64-round3-after.log,after,azblob,4,duplex,64,PASS,workload,DeleteBlob,DELETE,202,false,false,4
live,live-read64-round3-after.log,after,azblob,4,duplex,64,PASS,workload,DownloadBlob,GET,206,false,false,487
live,live-read64-round3-after.log,after,azblob,4,duplex,64,PASS,workload,DownloadBlob,GET,416,false,true,75
live,live-read64-round3-after.log,after,azblob,4,duplex,64,PASS,lifecycle,AppendBlock,PUT,201,false,false,520
live,live-read64-round3-after.log,after,azblob,4,duplex,64,PASS,lifecycle,CreateContainer,PUT,201,false,false,6
live,live-read64-round3-after.log,after,azblob,4,duplex,64,PASS,lifecycle,DeleteBlob,DELETE,202,false,false,8
live,live-read64-round3-after.log,after,azblob,4,duplex,64,PASS,lifecycle,DeleteContainer,DELETE,202,false,false,6
live,live-read64-round3-after.log,after,azblob,4,duplex,64,PASS,lifecycle,DownloadBlob,GET,200,false,false,4
live,live-read64-round3-after.log,after,azblob,4,duplex,64,PASS,lifecycle,DownloadBlob,GET,206,false,false,487
live,live-read64-round3-after.log,after,azblob,4,duplex,64,PASS,lifecycle,DownloadBlob,GET,404,false,true,20
live,live-read64-round3-after.log,after,azblob,4,duplex,64,PASS,lifecycle,DownloadBlob,GET,416,false,true,75
live,live-read64-round3-after.log,after,azblob,4,duplex,64,PASS,lifecycle,ListBlobs,GET,200,false,false,8
live,live-read64-round3-after.log,after,azblob,4,duplex,64,PASS,lifecycle,PutBlob,PUT,201,false,false,16
live,live-read64-round3-after.log,after,azblob,4,wake,64,PASS,workload,AppendBlock,PUT,201,false,false,4
live,live-read64-round3-after.log,after,azblob,4,wake,64,PASS,workload,DeleteBlob,DELETE,202,false,false,2
live,live-read64-round3-after.log,after,azblob,4,wake,64,PASS,workload,DownloadBlob,GET,206,false,false,4
live,live-read64-round3-after.log,after,azblob,4,wake,64,PASS,workload,DownloadBlob,GET,416,false,true,34
live,live-read64-round3-after.log,after,azblob,4,wake,64,PASS,lifecycle,AppendBlock,PUT,201,false,false,8
live,live-read64-round3-after.log,after,azblob,4,wake,64,PASS,lifecycle,CreateContainer,PUT,201,false,false,6
live,live-read64-round3-after.log,after,azblob,4,wake,64,PASS,lifecycle,DeleteBlob,DELETE,202,false,false,8
live,live-read64-round3-after.log,after,azblob,4,wake,64,PASS,lifecycle,DeleteContainer,DELETE,202,false,false,6
live,live-read64-round3-after.log,after,azblob,4,wake,64,PASS,lifecycle,DownloadBlob,GET,200,false,false,4
live,live-read64-round3-after.log,after,azblob,4,wake,64,PASS,lifecycle,DownloadBlob,GET,206,false,false,4
live,live-read64-round3-after.log,after,azblob,4,wake,64,PASS,lifecycle,DownloadBlob,GET,404,false,true,21
live,live-read64-round3-after.log,after,azblob,4,wake,64,PASS,lifecycle,DownloadBlob,GET,416,false,true,34
live,live-read64-round3-after.log,after,azblob,4,wake,64,PASS,lifecycle,ListBlobs,GET,200,false,false,7
live,live-read64-round3-after.log,after,azblob,4,wake,64,PASS,lifecycle,PutBlob,PUT,201,false,false,16
live,live-read64-round3-after.log,after,azqueue,1,idle,64,PASS,workload,DequeueMessages,GET,0,false,true,1
live,live-read64-round3-after.log,after,azqueue,1,idle,64,PASS,workload,DequeueMessages,GET,200,false,false,28
live,live-read64-round3-after.log,after,azqueue,1,idle,64,PASS,lifecycle,CreateQueue,PUT,201,false,false,4
live,live-read64-round3-after.log,after,azqueue,1,idle,64,PASS,lifecycle,DeleteMessage,DELETE,204,false,false,2
live,live-read64-round3-after.log,after,azqueue,1,idle,64,PASS,lifecycle,DeleteQueue,DELETE,204,false,false,4
live,live-read64-round3-after.log,after,azqueue,1,idle,64,PASS,lifecycle,DequeueMessages,GET,0,false,true,1
live,live-read64-round3-after.log,after,azqueue,1,idle,64,PASS,lifecycle,DequeueMessages,GET,200,false,false,30
live,live-read64-round3-after.log,after,azqueue,1,idle,64,PASS,lifecycle,EnqueueMessage,POST,201,false,false,3
live,live-read64-round3-after.log,after,azqueue,1,idle,64,PASS,lifecycle,PeekMessages,GET,200,false,false,5
live,live-read64-round3-after.log,after,azqueue,1,interactive,64,PASS,workload,DeleteMessage,DELETE,204,false,false,33
live,live-read64-round3-after.log,after,azqueue,1,interactive,64,PASS,workload,DequeueMessages,GET,200,false,false,32
live,live-read64-round3-after.log,after,azqueue,1,interactive,64,PASS,workload,EnqueueMessage,POST,201,false,false,32
live,live-read64-round3-after.log,after,azqueue,1,interactive,64,PASS,lifecycle,CreateQueue,PUT,201,false,false,4
live,live-read64-round3-after.log,after,azqueue,1,interactive,64,PASS,lifecycle,DeleteMessage,DELETE,204,false,false,34
live,live-read64-round3-after.log,after,azqueue,1,interactive,64,PASS,lifecycle,DeleteQueue,DELETE,204,false,false,4
live,live-read64-round3-after.log,after,azqueue,1,interactive,64,PASS,lifecycle,DequeueMessages,GET,200,false,false,34
live,live-read64-round3-after.log,after,azqueue,1,interactive,64,PASS,lifecycle,EnqueueMessage,POST,201,false,false,35
live,live-read64-round3-after.log,after,azqueue,1,interactive,64,PASS,lifecycle,PeekMessages,GET,200,false,false,5
live,live-read64-round3-after.log,after,azqueue,1,stream,64,PASS,workload,DeleteMessage,DELETE,204,false,false,130
live,live-read64-round3-after.log,after,azqueue,1,stream,64,PASS,workload,DequeueMessages,GET,200,false,false,50
live,live-read64-round3-after.log,after,azqueue,1,stream,64,PASS,workload,EnqueueMessage,POST,201,false,false,129
live,live-read64-round3-after.log,after,azqueue,1,stream,64,PASS,lifecycle,CreateQueue,PUT,201,false,false,4
live,live-read64-round3-after.log,after,azqueue,1,stream,64,PASS,lifecycle,DeleteMessage,DELETE,204,false,false,131
live,live-read64-round3-after.log,after,azqueue,1,stream,64,PASS,lifecycle,DeleteQueue,DELETE,204,false,false,4
live,live-read64-round3-after.log,after,azqueue,1,stream,64,PASS,lifecycle,DequeueMessages,GET,200,false,false,52
live,live-read64-round3-after.log,after,azqueue,1,stream,64,PASS,lifecycle,EnqueueMessage,POST,201,false,false,131
live,live-read64-round3-after.log,after,azqueue,1,stream,64,PASS,lifecycle,PeekMessages,GET,200,false,false,5
live,live-read64-round3-after.log,after,azqueue,1,duplex,64,PASS,workload,DeleteMessage,DELETE,204,false,false,259
live,live-read64-round3-after.log,after,azqueue,1,duplex,64,PASS,workload,DequeueMessages,GET,200,false,false,106
live,live-read64-round3-after.log,after,azqueue,1,duplex,64,PASS,workload,EnqueueMessage,POST,201,false,false,258
live,live-read64-round3-after.log,after,azqueue,1,duplex,64,PASS,lifecycle,CreateQueue,PUT,201,false,false,4
live,live-read64-round3-after.log,after,azqueue,1,duplex,64,PASS,lifecycle,DeleteMessage,DELETE,204,false,false,260
live,live-read64-round3-after.log,after,azqueue,1,duplex,64,PASS,lifecycle,DeleteQueue,DELETE,204,false,false,4
live,live-read64-round3-after.log,after,azqueue,1,duplex,64,PASS,lifecycle,DequeueMessages,GET,200,false,false,108
live,live-read64-round3-after.log,after,azqueue,1,duplex,64,PASS,lifecycle,EnqueueMessage,POST,201,false,false,260
live,live-read64-round3-after.log,after,azqueue,1,duplex,64,PASS,lifecycle,PeekMessages,GET,200,false,false,5
live,live-read64-round3-after.log,after,azqueue,1,wake,64,PASS,workload,DeleteMessage,DELETE,204,false,false,1
live,live-read64-round3-after.log,after,azqueue,1,wake,64,PASS,workload,DequeueMessages,GET,200,false,false,30
live,live-read64-round3-after.log,after,azqueue,1,wake,64,PASS,workload,EnqueueMessage,POST,201,false,false,1
live,live-read64-round3-after.log,after,azqueue,1,wake,64,PASS,lifecycle,CreateQueue,PUT,201,false,false,4
live,live-read64-round3-after.log,after,azqueue,1,wake,64,PASS,lifecycle,DeleteMessage,DELETE,204,false,false,3
live,live-read64-round3-after.log,after,azqueue,1,wake,64,PASS,lifecycle,DeleteQueue,DELETE,204,false,false,4
live,live-read64-round3-after.log,after,azqueue,1,wake,64,PASS,lifecycle,DequeueMessages,GET,200,false,false,32
live,live-read64-round3-after.log,after,azqueue,1,wake,64,PASS,lifecycle,EnqueueMessage,POST,201,false,false,4
live,live-read64-round3-after.log,after,azqueue,1,wake,64,PASS,lifecycle,PeekMessages,GET,200,false,false,5
live,live-read64-round3-after.log,after,azqueue,4,idle,64,PASS,workload,DequeueMessages,GET,200,false,false,112
live,live-read64-round3-after.log,after,azqueue,4,idle,64,PASS,lifecycle,CreateQueue,PUT,201,false,false,10
live,live-read64-round3-after.log,after,azqueue,4,idle,64,PASS,lifecycle,DeleteMessage,DELETE,204,false,false,8
live,live-read64-round3-after.log,after,azqueue,4,idle,64,PASS,lifecycle,DeleteQueue,DELETE,204,false,false,10
live,live-read64-round3-after.log,after,azqueue,4,idle,64,PASS,lifecycle,DequeueMessages,GET,200,false,false,120
live,live-read64-round3-after.log,after,azqueue,4,idle,64,PASS,lifecycle,EnqueueMessage,POST,201,false,false,12
live,live-read64-round3-after.log,after,azqueue,4,idle,64,PASS,lifecycle,PeekMessages,GET,200,false,false,18
live,live-read64-round3-after.log,after,azqueue,4,interactive,64,PASS,workload,DeleteMessage,DELETE,204,false,false,132
live,live-read64-round3-after.log,after,azqueue,4,interactive,64,PASS,workload,DequeueMessages,GET,200,false,false,128
live,live-read64-round3-after.log,after,azqueue,4,interactive,64,PASS,workload,EnqueueMessage,POST,201,false,false,128
live,live-read64-round3-after.log,after,azqueue,4,interactive,64,PASS,lifecycle,CreateQueue,PUT,201,false,false,10
live,live-read64-round3-after.log,after,azqueue,4,interactive,64,PASS,lifecycle,DeleteMessage,DELETE,204,false,false,136
live,live-read64-round3-after.log,after,azqueue,4,interactive,64,PASS,lifecycle,DeleteQueue,DELETE,204,false,false,10
live,live-read64-round3-after.log,after,azqueue,4,interactive,64,PASS,lifecycle,DequeueMessages,GET,200,false,false,136
live,live-read64-round3-after.log,after,azqueue,4,interactive,64,PASS,lifecycle,EnqueueMessage,POST,201,false,false,140
live,live-read64-round3-after.log,after,azqueue,4,interactive,64,PASS,lifecycle,PeekMessages,GET,200,false,false,19
live,live-read64-round3-after.log,after,azqueue,4,stream,64,PASS,workload,DeleteMessage,DELETE,204,false,false,520
live,live-read64-round3-after.log,after,azqueue,4,stream,64,PASS,workload,DequeueMessages,GET,200,false,false,199
live,live-read64-round3-after.log,after,azqueue,4,stream,64,PASS,workload,EnqueueMessage,POST,201,false,false,516
live,live-read64-round3-after.log,after,azqueue,4,stream,64,PASS,lifecycle,CreateQueue,PUT,201,false,false,10
live,live-read64-round3-after.log,after,azqueue,4,stream,64,PASS,lifecycle,DeleteMessage,DELETE,204,false,false,524
live,live-read64-round3-after.log,after,azqueue,4,stream,64,PASS,lifecycle,DeleteQueue,DELETE,204,false,false,10
live,live-read64-round3-after.log,after,azqueue,4,stream,64,PASS,lifecycle,DequeueMessages,GET,200,false,false,207
live,live-read64-round3-after.log,after,azqueue,4,stream,64,PASS,lifecycle,EnqueueMessage,POST,201,false,false,524
live,live-read64-round3-after.log,after,azqueue,4,stream,64,PASS,lifecycle,PeekMessages,GET,200,false,false,22
live,live-read64-round3-after.log,after,azqueue,4,duplex,64,PASS,workload,DeleteMessage,DELETE,204,false,false,1036
live,live-read64-round3-after.log,after,azqueue,4,duplex,64,PASS,workload,DequeueMessages,GET,200,false,false,448
live,live-read64-round3-after.log,after,azqueue,4,duplex,64,PASS,workload,EnqueueMessage,POST,201,false,false,1032
live,live-read64-round3-after.log,after,azqueue,4,duplex,64,PASS,lifecycle,CreateQueue,PUT,201,false,false,10
live,live-read64-round3-after.log,after,azqueue,4,duplex,64,PASS,lifecycle,DeleteMessage,DELETE,204,false,false,1040
live,live-read64-round3-after.log,after,azqueue,4,duplex,64,PASS,lifecycle,DeleteQueue,DELETE,204,false,false,10
live,live-read64-round3-after.log,after,azqueue,4,duplex,64,PASS,lifecycle,DequeueMessages,GET,200,false,false,456
live,live-read64-round3-after.log,after,azqueue,4,duplex,64,PASS,lifecycle,EnqueueMessage,POST,201,false,false,1040
live,live-read64-round3-after.log,after,azqueue,4,duplex,64,PASS,lifecycle,PeekMessages,GET,200,false,false,21
live,live-read64-round3-after.log,after,azqueue,4,wake,64,PASS,workload,DeleteMessage,DELETE,204,false,false,4
live,live-read64-round3-after.log,after,azqueue,4,wake,64,PASS,workload,DequeueMessages,GET,200,false,false,116
live,live-read64-round3-after.log,after,azqueue,4,wake,64,PASS,workload,EnqueueMessage,POST,201,false,false,4
live,live-read64-round3-after.log,after,azqueue,4,wake,64,PASS,lifecycle,CreateQueue,PUT,201,false,false,10
live,live-read64-round3-after.log,after,azqueue,4,wake,64,PASS,lifecycle,DeleteMessage,DELETE,204,false,false,12
live,live-read64-round3-after.log,after,azqueue,4,wake,64,PASS,lifecycle,DeleteQueue,DELETE,204,false,false,10
live,live-read64-round3-after.log,after,azqueue,4,wake,64,PASS,lifecycle,DequeueMessages,GET,200,false,false,126
live,live-read64-round3-after.log,after,azqueue,4,wake,64,PASS,lifecycle,EnqueueMessage,POST,201,false,false,16
live,live-read64-round3-after.log,after,azqueue,4,wake,64,PASS,lifecycle,PeekMessages,GET,200,false,false,18
live,live-read64-round3-after.log,after,aztable,1,idle,64,PASS,workload,QueryEntities,GET,0,false,true,1
live,live-read64-round3-after.log,after,aztable,1,idle,64,PASS,workload,QueryEntities,GET,200,false,false,27
live,live-read64-round3-after.log,after,aztable,1,idle,64,PASS,lifecycle,AddEntity,POST,201,false,false,2
live,live-read64-round3-after.log,after,aztable,1,idle,64,PASS,lifecycle,AddEntity,POST,204,false,false,1
live,live-read64-round3-after.log,after,aztable,1,idle,64,PASS,lifecycle,CreateTable,POST,201,false,false,4
live,live-read64-round3-after.log,after,aztable,1,idle,64,PASS,lifecycle,DeleteEntity,DELETE,204,false,false,2
live,live-read64-round3-after.log,after,aztable,1,idle,64,PASS,lifecycle,DeleteTable,DELETE,204,false,false,4
live,live-read64-round3-after.log,after,aztable,1,idle,64,PASS,lifecycle,GetEntity,GET,200,false,false,1
live,live-read64-round3-after.log,after,aztable,1,idle,64,PASS,lifecycle,GetEntity,GET,404,false,true,3
live,live-read64-round3-after.log,after,aztable,1,idle,64,PASS,lifecycle,QueryEntities,GET,0,false,true,1
live,live-read64-round3-after.log,after,aztable,1,idle,64,PASS,lifecycle,QueryEntities,GET,200,false,false,29
live,live-read64-round3-after.log,after,aztable,1,interactive,64,PASS,workload,AddEntity,POST,204,false,false,32
live,live-read64-round3-after.log,after,aztable,1,interactive,64,PASS,workload,DeleteEntity,DELETE,204,false,false,1
live,live-read64-round3-after.log,after,aztable,1,interactive,64,PASS,workload,QueryEntities,GET,200,false,false,32
live,live-read64-round3-after.log,after,aztable,1,interactive,64,PASS,lifecycle,AddEntity,POST,201,false,false,2
live,live-read64-round3-after.log,after,aztable,1,interactive,64,PASS,lifecycle,AddEntity,POST,204,false,false,33
live,live-read64-round3-after.log,after,aztable,1,interactive,64,PASS,lifecycle,CreateTable,POST,201,false,false,4
live,live-read64-round3-after.log,after,aztable,1,interactive,64,PASS,lifecycle,DeleteEntity,DELETE,204,false,false,2
live,live-read64-round3-after.log,after,aztable,1,interactive,64,PASS,lifecycle,DeleteTable,DELETE,204,false,false,4
live,live-read64-round3-after.log,after,aztable,1,interactive,64,PASS,lifecycle,GetEntity,GET,200,false,false,1
live,live-read64-round3-after.log,after,aztable,1,interactive,64,PASS,lifecycle,GetEntity,GET,404,false,true,4
live,live-read64-round3-after.log,after,aztable,1,interactive,64,PASS,lifecycle,QueryEntities,GET,200,false,false,34
live,live-read64-round3-after.log,after,aztable,1,stream,64,PASS,workload,AddEntity,POST,204,false,false,65
live,live-read64-round3-after.log,after,aztable,1,stream,64,PASS,workload,DeleteEntity,DELETE,204,false,false,1
live,live-read64-round3-after.log,after,aztable,1,stream,64,PASS,workload,QueryEntities,GET,200,false,false,46
live,live-read64-round3-after.log,after,aztable,1,stream,64,PASS,lifecycle,AddEntity,POST,201,false,false,2
live,live-read64-round3-after.log,after,aztable,1,stream,64,PASS,lifecycle,AddEntity,POST,204,false,false,65
live,live-read64-round3-after.log,after,aztable,1,stream,64,PASS,lifecycle,CreateTable,POST,201,false,false,4
live,live-read64-round3-after.log,after,aztable,1,stream,64,PASS,lifecycle,DeleteEntity,DELETE,204,false,false,2
live,live-read64-round3-after.log,after,aztable,1,stream,64,PASS,lifecycle,DeleteTable,DELETE,204,false,false,4
live,live-read64-round3-after.log,after,aztable,1,stream,64,PASS,lifecycle,GetEntity,GET,200,false,false,1
live,live-read64-round3-after.log,after,aztable,1,stream,64,PASS,lifecycle,GetEntity,GET,404,false,true,4
live,live-read64-round3-after.log,after,aztable,1,stream,64,PASS,lifecycle,QueryEntities,GET,200,false,false,48
live,live-read64-round3-after.log,after,aztable,1,duplex,64,PASS,workload,AddEntity,POST,204,false,false,130
live,live-read64-round3-after.log,after,aztable,1,duplex,64,PASS,workload,DeleteEntity,DELETE,204,false,false,1
live,live-read64-round3-after.log,after,aztable,1,duplex,64,PASS,workload,QueryEntities,GET,200,false,false,86
live,live-read64-round3-after.log,after,aztable,1,duplex,64,PASS,lifecycle,AddEntity,POST,201,false,false,2
live,live-read64-round3-after.log,after,aztable,1,duplex,64,PASS,lifecycle,AddEntity,POST,204,false,false,130
live,live-read64-round3-after.log,after,aztable,1,duplex,64,PASS,lifecycle,CreateTable,POST,201,false,false,4
live,live-read64-round3-after.log,after,aztable,1,duplex,64,PASS,lifecycle,DeleteEntity,DELETE,204,false,false,2
live,live-read64-round3-after.log,after,aztable,1,duplex,64,PASS,lifecycle,DeleteTable,DELETE,204,false,false,4
live,live-read64-round3-after.log,after,aztable,1,duplex,64,PASS,lifecycle,GetEntity,GET,200,false,false,1
live,live-read64-round3-after.log,after,aztable,1,duplex,64,PASS,lifecycle,GetEntity,GET,404,false,true,4
live,live-read64-round3-after.log,after,aztable,1,duplex,64,PASS,lifecycle,QueryEntities,GET,200,false,false,88
live,live-read64-round3-after.log,after,aztable,1,wake,64,PASS,workload,AddEntity,POST,204,false,false,1
live,live-read64-round3-after.log,after,aztable,1,wake,64,PASS,workload,QueryEntities,GET,200,false,false,29
live,live-read64-round3-after.log,after,aztable,1,wake,64,PASS,lifecycle,AddEntity,POST,201,false,false,2
live,live-read64-round3-after.log,after,aztable,1,wake,64,PASS,lifecycle,AddEntity,POST,204,false,false,2
live,live-read64-round3-after.log,after,aztable,1,wake,64,PASS,lifecycle,CreateTable,POST,201,false,false,4
live,live-read64-round3-after.log,after,aztable,1,wake,64,PASS,lifecycle,DeleteEntity,DELETE,204,false,false,2
live,live-read64-round3-after.log,after,aztable,1,wake,64,PASS,lifecycle,DeleteTable,DELETE,204,false,false,4
live,live-read64-round3-after.log,after,aztable,1,wake,64,PASS,lifecycle,GetEntity,GET,200,false,false,1
live,live-read64-round3-after.log,after,aztable,1,wake,64,PASS,lifecycle,GetEntity,GET,404,false,true,4
live,live-read64-round3-after.log,after,aztable,1,wake,64,PASS,lifecycle,QueryEntities,GET,200,false,false,31
live,live-read64-round3-after.log,after,aztable,4,idle,64,PASS,workload,QueryEntities,GET,0,false,true,4
live,live-read64-round3-after.log,after,aztable,4,idle,64,PASS,workload,QueryEntities,GET,200,false,false,108
live,live-read64-round3-after.log,after,aztable,4,idle,64,PASS,lifecycle,AddEntity,POST,201,false,false,8
live,live-read64-round3-after.log,after,aztable,4,idle,64,PASS,lifecycle,AddEntity,POST,204,false,false,4
live,live-read64-round3-after.log,after,aztable,4,idle,64,PASS,lifecycle,CreateTable,POST,201,false,false,10
live,live-read64-round3-after.log,after,aztable,4,idle,64,PASS,lifecycle,DeleteEntity,DELETE,204,false,false,8
live,live-read64-round3-after.log,after,aztable,4,idle,64,PASS,lifecycle,DeleteTable,DELETE,204,false,false,10
live,live-read64-round3-after.log,after,aztable,4,idle,64,PASS,lifecycle,GetEntity,GET,200,false,false,4
live,live-read64-round3-after.log,after,aztable,4,idle,64,PASS,lifecycle,GetEntity,GET,404,false,true,16
live,live-read64-round3-after.log,after,aztable,4,idle,64,PASS,lifecycle,QueryEntities,GET,0,false,true,4
live,live-read64-round3-after.log,after,aztable,4,idle,64,PASS,lifecycle,QueryEntities,GET,200,false,false,116
live,live-read64-round3-after.log,after,aztable,4,interactive,64,PASS,workload,AddEntity,POST,204,false,false,128
live,live-read64-round3-after.log,after,aztable,4,interactive,64,PASS,workload,DeleteEntity,DELETE,204,false,false,4
live,live-read64-round3-after.log,after,aztable,4,interactive,64,PASS,workload,QueryEntities,GET,200,false,false,128
live,live-read64-round3-after.log,after,aztable,4,interactive,64,PASS,lifecycle,AddEntity,POST,201,false,false,8
live,live-read64-round3-after.log,after,aztable,4,interactive,64,PASS,lifecycle,AddEntity,POST,204,false,false,132
live,live-read64-round3-after.log,after,aztable,4,interactive,64,PASS,lifecycle,CreateTable,POST,201,false,false,10
live,live-read64-round3-after.log,after,aztable,4,interactive,64,PASS,lifecycle,DeleteEntity,DELETE,204,false,false,8
live,live-read64-round3-after.log,after,aztable,4,interactive,64,PASS,lifecycle,DeleteTable,DELETE,204,false,false,10
live,live-read64-round3-after.log,after,aztable,4,interactive,64,PASS,lifecycle,GetEntity,GET,200,false,false,4
live,live-read64-round3-after.log,after,aztable,4,interactive,64,PASS,lifecycle,GetEntity,GET,404,false,true,18
live,live-read64-round3-after.log,after,aztable,4,interactive,64,PASS,lifecycle,QueryEntities,GET,200,false,false,136
live,live-read64-round3-after.log,after,aztable,4,stream,64,PASS,workload,AddEntity,POST,204,false,false,260
live,live-read64-round3-after.log,after,aztable,4,stream,64,PASS,workload,DeleteEntity,DELETE,204,false,false,4
live,live-read64-round3-after.log,after,aztable,4,stream,64,PASS,workload,QueryEntities,GET,200,false,false,196
live,live-read64-round3-after.log,after,aztable,4,stream,64,PASS,lifecycle,AddEntity,POST,201,false,false,8
live,live-read64-round3-after.log,after,aztable,4,stream,64,PASS,lifecycle,AddEntity,POST,204,false,false,260
live,live-read64-round3-after.log,after,aztable,4,stream,64,PASS,lifecycle,CreateTable,POST,201,false,false,10
live,live-read64-round3-after.log,after,aztable,4,stream,64,PASS,lifecycle,DeleteEntity,DELETE,204,false,false,8
live,live-read64-round3-after.log,after,aztable,4,stream,64,PASS,lifecycle,DeleteTable,DELETE,204,false,false,10
live,live-read64-round3-after.log,after,aztable,4,stream,64,PASS,lifecycle,GetEntity,GET,200,false,false,4
live,live-read64-round3-after.log,after,aztable,4,stream,64,PASS,lifecycle,GetEntity,GET,404,false,true,17
live,live-read64-round3-after.log,after,aztable,4,stream,64,PASS,lifecycle,QueryEntities,GET,200,false,false,204
live,live-read64-round3-after.log,after,aztable,4,duplex,64,PASS,workload,AddEntity,POST,204,false,false,520
live,live-read64-round3-after.log,after,aztable,4,duplex,64,PASS,workload,DeleteEntity,DELETE,204,false,false,4
live,live-read64-round3-after.log,after,aztable,4,duplex,64,PASS,workload,QueryEntities,GET,200,false,false,406
live,live-read64-round3-after.log,after,aztable,4,duplex,64,PASS,lifecycle,AddEntity,POST,201,false,false,8
live,live-read64-round3-after.log,after,aztable,4,duplex,64,PASS,lifecycle,AddEntity,POST,204,false,false,520
live,live-read64-round3-after.log,after,aztable,4,duplex,64,PASS,lifecycle,CreateTable,POST,201,false,false,10
live,live-read64-round3-after.log,after,aztable,4,duplex,64,PASS,lifecycle,DeleteEntity,DELETE,204,false,false,8
live,live-read64-round3-after.log,after,aztable,4,duplex,64,PASS,lifecycle,DeleteTable,DELETE,204,false,false,10
live,live-read64-round3-after.log,after,aztable,4,duplex,64,PASS,lifecycle,GetEntity,GET,200,false,false,4
live,live-read64-round3-after.log,after,aztable,4,duplex,64,PASS,lifecycle,GetEntity,GET,404,false,true,16
live,live-read64-round3-after.log,after,aztable,4,duplex,64,PASS,lifecycle,QueryEntities,GET,200,false,false,414
live,live-read64-round3-after.log,after,aztable,4,wake,64,PASS,workload,AddEntity,POST,204,false,false,4
live,live-read64-round3-after.log,after,aztable,4,wake,64,PASS,workload,QueryEntities,GET,200,false,false,112
live,live-read64-round3-after.log,after,aztable,4,wake,64,PASS,lifecycle,AddEntity,POST,201,false,false,8
live,live-read64-round3-after.log,after,aztable,4,wake,64,PASS,lifecycle,AddEntity,POST,204,false,false,8
live,live-read64-round3-after.log,after,aztable,4,wake,64,PASS,lifecycle,CreateTable,POST,201,false,false,10
live,live-read64-round3-after.log,after,aztable,4,wake,64,PASS,lifecycle,DeleteEntity,DELETE,204,false,false,8
live,live-read64-round3-after.log,after,aztable,4,wake,64,PASS,lifecycle,DeleteTable,DELETE,204,false,false,10
live,live-read64-round3-after.log,after,aztable,4,wake,64,PASS,lifecycle,GetEntity,GET,200,false,false,4
live,live-read64-round3-after.log,after,aztable,4,wake,64,PASS,lifecycle,GetEntity,GET,404,false,true,15
live,live-read64-round3-after.log,after,aztable,4,wake,64,PASS,lifecycle,QueryEntities,GET,200,false,false,121
live,live-read64-round3-before.log,before,azblob,1,idle,64,PASS,workload,DownloadBlob,GET,0,false,true,1
live,live-read64-round3-before.log,before,azblob,1,idle,64,PASS,workload,DownloadBlob,GET,416,false,true,7
live,live-read64-round3-before.log,before,azblob,1,idle,64,PASS,lifecycle,AppendBlock,PUT,201,false,false,1
live,live-read64-round3-before.log,before,azblob,1,idle,64,PASS,lifecycle,CreateContainer,PUT,201,false,false,3
live,live-read64-round3-before.log,before,azblob,1,idle,64,PASS,lifecycle,DeleteBlob,DELETE,202,false,false,2
live,live-read64-round3-before.log,before,azblob,1,idle,64,PASS,lifecycle,DeleteContainer,DELETE,202,false,false,3
live,live-read64-round3-before.log,before,azblob,1,idle,64,PASS,lifecycle,DownloadBlob,GET,0,false,true,1
live,live-read64-round3-before.log,before,azblob,1,idle,64,PASS,lifecycle,DownloadBlob,GET,200,false,false,1
live,live-read64-round3-before.log,before,azblob,1,idle,64,PASS,lifecycle,DownloadBlob,GET,404,false,true,5
live,live-read64-round3-before.log,before,azblob,1,idle,64,PASS,lifecycle,DownloadBlob,GET,416,false,true,7
live,live-read64-round3-before.log,before,azblob,1,idle,64,PASS,lifecycle,ListBlobs,GET,200,false,false,2
live,live-read64-round3-before.log,before,azblob,1,idle,64,PASS,lifecycle,PutBlob,PUT,201,false,false,4
live,live-read64-round3-before.log,before,azblob,1,interactive,64,PASS,workload,AppendBlock,PUT,201,false,false,32
live,live-read64-round3-before.log,before,azblob,1,interactive,64,PASS,workload,DeleteBlob,DELETE,202,false,false,1
live,live-read64-round3-before.log,before,azblob,1,interactive,64,PASS,workload,DownloadBlob,GET,206,false,false,32
live,live-read64-round3-before.log,before,azblob,1,interactive,64,PASS,lifecycle,AppendBlock,PUT,201,false,false,33
live,live-read64-round3-before.log,before,azblob,1,interactive,64,PASS,lifecycle,CreateContainer,PUT,201,false,false,3
live,live-read64-round3-before.log,before,azblob,1,interactive,64,PASS,lifecycle,DeleteBlob,DELETE,202,false,false,2
live,live-read64-round3-before.log,before,azblob,1,interactive,64,PASS,lifecycle,DeleteContainer,DELETE,202,false,false,3
live,live-read64-round3-before.log,before,azblob,1,interactive,64,PASS,lifecycle,DownloadBlob,GET,200,false,false,1
live,live-read64-round3-before.log,before,azblob,1,interactive,64,PASS,lifecycle,DownloadBlob,GET,206,false,false,32
live,live-read64-round3-before.log,before,azblob,1,interactive,64,PASS,lifecycle,DownloadBlob,GET,404,false,true,5
live,live-read64-round3-before.log,before,azblob,1,interactive,64,PASS,lifecycle,ListBlobs,GET,200,false,false,2
live,live-read64-round3-before.log,before,azblob,1,interactive,64,PASS,lifecycle,PutBlob,PUT,201,false,false,4
live,live-read64-round3-before.log,before,azblob,1,stream,64,PASS,workload,AppendBlock,PUT,201,false,false,65
live,live-read64-round3-before.log,before,azblob,1,stream,64,PASS,workload,DeleteBlob,DELETE,202,false,false,1
live,live-read64-round3-before.log,before,azblob,1,stream,64,PASS,workload,DownloadBlob,GET,206,false,false,63
live,live-read64-round3-before.log,before,azblob,1,stream,64,PASS,workload,DownloadBlob,GET,416,false,true,3
live,live-read64-round3-before.log,before,azblob,1,stream,64,PASS,lifecycle,AppendBlock,PUT,201,false,false,65
live,live-read64-round3-before.log,before,azblob,1,stream,64,PASS,lifecycle,CreateContainer,PUT,201,false,false,3
live,live-read64-round3-before.log,before,azblob,1,stream,64,PASS,lifecycle,DeleteBlob,DELETE,202,false,false,2
live,live-read64-round3-before.log,before,azblob,1,stream,64,PASS,lifecycle,DeleteContainer,DELETE,202,false,false,3
live,live-read64-round3-before.log,before,azblob,1,stream,64,PASS,lifecycle,DownloadBlob,GET,200,false,false,1
live,live-read64-round3-before.log,before,azblob,1,stream,64,PASS,lifecycle,DownloadBlob,GET,206,false,false,63
live,live-read64-round3-before.log,before,azblob,1,stream,64,PASS,lifecycle,DownloadBlob,GET,404,false,true,5
live,live-read64-round3-before.log,before,azblob,1,stream,64,PASS,lifecycle,DownloadBlob,GET,416,false,true,3
live,live-read64-round3-before.log,before,azblob,1,stream,64,PASS,lifecycle,ListBlobs,GET,200,false,false,2
live,live-read64-round3-before.log,before,azblob,1,stream,64,PASS,lifecycle,PutBlob,PUT,201,false,false,4
live,live-read64-round3-before.log,before,azblob,1,duplex,64,PASS,workload,AppendBlock,PUT,201,false,false,130
live,live-read64-round3-before.log,before,azblob,1,duplex,64,PASS,workload,DeleteBlob,DELETE,202,false,false,1
live,live-read64-round3-before.log,before,azblob,1,duplex,64,PASS,workload,DownloadBlob,GET,206,false,false,124
live,live-read64-round3-before.log,before,azblob,1,duplex,64,PASS,workload,DownloadBlob,GET,416,false,true,14
live,live-read64-round3-before.log,before,azblob,1,duplex,64,PASS,lifecycle,AppendBlock,PUT,201,false,false,130
live,live-read64-round3-before.log,before,azblob,1,duplex,64,PASS,lifecycle,CreateContainer,PUT,201,false,false,3
live,live-read64-round3-before.log,before,azblob,1,duplex,64,PASS,lifecycle,DeleteBlob,DELETE,202,false,false,2
live,live-read64-round3-before.log,before,azblob,1,duplex,64,PASS,lifecycle,DeleteContainer,DELETE,202,false,false,3
live,live-read64-round3-before.log,before,azblob,1,duplex,64,PASS,lifecycle,DownloadBlob,GET,200,false,false,1
live,live-read64-round3-before.log,before,azblob,1,duplex,64,PASS,lifecycle,DownloadBlob,GET,206,false,false,124
live,live-read64-round3-before.log,before,azblob,1,duplex,64,PASS,lifecycle,DownloadBlob,GET,404,false,true,5
live,live-read64-round3-before.log,before,azblob,1,duplex,64,PASS,lifecycle,DownloadBlob,GET,416,false,true,14
live,live-read64-round3-before.log,before,azblob,1,duplex,64,PASS,lifecycle,ListBlobs,GET,200,false,false,2
live,live-read64-round3-before.log,before,azblob,1,duplex,64,PASS,lifecycle,PutBlob,PUT,201,false,false,4
live,live-read64-round3-before.log,before,azblob,1,wake,64,PASS,workload,AppendBlock,PUT,201,false,false,1
live,live-read64-round3-before.log,before,azblob,1,wake,64,PASS,workload,DownloadBlob,GET,206,false,false,1
live,live-read64-round3-before.log,before,azblob,1,wake,64,PASS,workload,DownloadBlob,GET,416,false,true,8
live,live-read64-round3-before.log,before,azblob,1,wake,64,PASS,lifecycle,AppendBlock,PUT,201,false,false,2
live,live-read64-round3-before.log,before,azblob,1,wake,64,PASS,lifecycle,CreateContainer,PUT,201,false,false,3
live,live-read64-round3-before.log,before,azblob,1,wake,64,PASS,lifecycle,DeleteBlob,DELETE,202,false,false,2
live,live-read64-round3-before.log,before,azblob,1,wake,64,PASS,lifecycle,DeleteContainer,DELETE,202,false,false,3
live,live-read64-round3-before.log,before,azblob,1,wake,64,PASS,lifecycle,DownloadBlob,GET,200,false,false,1
live,live-read64-round3-before.log,before,azblob,1,wake,64,PASS,lifecycle,DownloadBlob,GET,206,false,false,1
live,live-read64-round3-before.log,before,azblob,1,wake,64,PASS,lifecycle,DownloadBlob,GET,404,false,true,5
live,live-read64-round3-before.log,before,azblob,1,wake,64,PASS,lifecycle,DownloadBlob,GET,416,false,true,8
live,live-read64-round3-before.log,before,azblob,1,wake,64,PASS,lifecycle,ListBlobs,GET,200,false,false,2
live,live-read64-round3-before.log,before,azblob,1,wake,64,PASS,lifecycle,PutBlob,PUT,201,false,false,4
live,live-read64-round3-before.log,before,azblob,4,idle,64,PASS,workload,DownloadBlob,GET,0,false,true,3
live,live-read64-round3-before.log,before,azblob,4,idle,64,PASS,workload,DownloadBlob,GET,416,false,true,29
live,live-read64-round3-before.log,before,azblob,4,idle,64,PASS,lifecycle,AppendBlock,PUT,201,false,false,4
live,live-read64-round3-before.log,before,azblob,4,idle,64,PASS,lifecycle,CreateContainer,PUT,201,false,false,6
live,live-read64-round3-before.log,before,azblob,4,idle,64,PASS,lifecycle,DeleteBlob,DELETE,202,false,false,8
live,live-read64-round3-before.log,before,azblob,4,idle,64,PASS,lifecycle,DeleteContainer,DELETE,202,false,false,6
live,live-read64-round3-before.log,before,azblob,4,idle,64,PASS,lifecycle,DownloadBlob,GET,0,false,true,3
live,live-read64-round3-before.log,before,azblob,4,idle,64,PASS,lifecycle,DownloadBlob,GET,200,false,false,4
live,live-read64-round3-before.log,before,azblob,4,idle,64,PASS,lifecycle,DownloadBlob,GET,404,false,true,22
live,live-read64-round3-before.log,before,azblob,4,idle,64,PASS,lifecycle,DownloadBlob,GET,416,false,true,29
live,live-read64-round3-before.log,before,azblob,4,idle,64,PASS,lifecycle,ListBlobs,GET,200,false,false,8
live,live-read64-round3-before.log,before,azblob,4,idle,64,PASS,lifecycle,PutBlob,PUT,201,false,false,16
live,live-read64-round3-before.log,before,azblob,4,interactive,64,PASS,workload,AppendBlock,PUT,201,false,false,128
live,live-read64-round3-before.log,before,azblob,4,interactive,64,PASS,workload,DeleteBlob,DELETE,202,false,false,4
live,live-read64-round3-before.log,before,azblob,4,interactive,64,PASS,workload,DownloadBlob,GET,206,false,false,128
live,live-read64-round3-before.log,before,azblob,4,interactive,64,PASS,lifecycle,AppendBlock,PUT,201,false,false,132
live,live-read64-round3-before.log,before,azblob,4,interactive,64,PASS,lifecycle,CreateContainer,PUT,201,false,false,6
live,live-read64-round3-before.log,before,azblob,4,interactive,64,PASS,lifecycle,DeleteBlob,DELETE,202,false,false,8
live,live-read64-round3-before.log,before,azblob,4,interactive,64,PASS,lifecycle,DeleteContainer,DELETE,202,false,false,6
live,live-read64-round3-before.log,before,azblob,4,interactive,64,PASS,lifecycle,DownloadBlob,GET,200,false,false,4
live,live-read64-round3-before.log,before,azblob,4,interactive,64,PASS,lifecycle,DownloadBlob,GET,206,false,false,128
live,live-read64-round3-before.log,before,azblob,4,interactive,64,PASS,lifecycle,DownloadBlob,GET,404,false,true,19
live,live-read64-round3-before.log,before,azblob,4,interactive,64,PASS,lifecycle,ListBlobs,GET,200,false,false,6
live,live-read64-round3-before.log,before,azblob,4,interactive,64,PASS,lifecycle,PutBlob,PUT,201,false,false,16
live,live-read64-round3-before.log,before,azblob,4,stream,64,PASS,workload,AppendBlock,PUT,201,false,false,260
live,live-read64-round3-before.log,before,azblob,4,stream,64,PASS,workload,DeleteBlob,DELETE,202,false,false,4
live,live-read64-round3-before.log,before,azblob,4,stream,64,PASS,workload,DownloadBlob,GET,206,false,false,239
live,live-read64-round3-before.log,before,azblob,4,stream,64,PASS,workload,DownloadBlob,GET,416,false,true,26
live,live-read64-round3-before.log,before,azblob,4,stream,64,PASS,lifecycle,AppendBlock,PUT,201,false,false,260
live,live-read64-round3-before.log,before,azblob,4,stream,64,PASS,lifecycle,CreateContainer,PUT,201,false,false,6
live,live-read64-round3-before.log,before,azblob,4,stream,64,PASS,lifecycle,DeleteBlob,DELETE,202,false,false,8
live,live-read64-round3-before.log,before,azblob,4,stream,64,PASS,lifecycle,DeleteContainer,DELETE,202,false,false,6
live,live-read64-round3-before.log,before,azblob,4,stream,64,PASS,lifecycle,DownloadBlob,GET,200,false,false,4
live,live-read64-round3-before.log,before,azblob,4,stream,64,PASS,lifecycle,DownloadBlob,GET,206,false,false,239
live,live-read64-round3-before.log,before,azblob,4,stream,64,PASS,lifecycle,DownloadBlob,GET,404,false,true,22
live,live-read64-round3-before.log,before,azblob,4,stream,64,PASS,lifecycle,DownloadBlob,GET,416,false,true,26
live,live-read64-round3-before.log,before,azblob,4,stream,64,PASS,lifecycle,ListBlobs,GET,200,false,false,8
live,live-read64-round3-before.log,before,azblob,4,stream,64,PASS,lifecycle,PutBlob,PUT,201,false,false,16
live,live-read64-round3-before.log,before,azblob,4,duplex,64,PASS,workload,AppendBlock,PUT,201,false,false,520
live,live-read64-round3-before.log,before,azblob,4,duplex,64,PASS,workload,DeleteBlob,DELETE,202,false,false,4
live,live-read64-round3-before.log,before,azblob,4,duplex,64,PASS,workload,DownloadBlob,GET,206,false,false,497
live,live-read64-round3-before.log,before,azblob,4,duplex,64,PASS,workload,DownloadBlob,GET,416,false,true,73
live,live-read64-round3-before.log,before,azblob,4,duplex,64,PASS,lifecycle,AppendBlock,PUT,201,false,false,520
live,live-read64-round3-before.log,before,azblob,4,duplex,64,PASS,lifecycle,CreateContainer,PUT,201,false,false,6
live,live-read64-round3-before.log,before,azblob,4,duplex,64,PASS,lifecycle,DeleteBlob,DELETE,202,false,false,8
live,live-read64-round3-before.log,before,azblob,4,duplex,64,PASS,lifecycle,DeleteContainer,DELETE,202,false,false,6
live,live-read64-round3-before.log,before,azblob,4,duplex,64,PASS,lifecycle,DownloadBlob,GET,200,false,false,4
live,live-read64-round3-before.log,before,azblob,4,duplex,64,PASS,lifecycle,DownloadBlob,GET,206,false,false,497
live,live-read64-round3-before.log,before,azblob,4,duplex,64,PASS,lifecycle,DownloadBlob,GET,404,false,true,20
live,live-read64-round3-before.log,before,azblob,4,duplex,64,PASS,lifecycle,DownloadBlob,GET,416,false,true,73
live,live-read64-round3-before.log,before,azblob,4,duplex,64,PASS,lifecycle,ListBlobs,GET,200,false,false,8
live,live-read64-round3-before.log,before,azblob,4,duplex,64,PASS,lifecycle,PutBlob,PUT,201,false,false,16
live,live-read64-round3-before.log,before,azblob,4,wake,64,FAIL,lifecycle,AppendBlock,PUT,0,false,true,2
live,live-read64-round3-before.log,before,azblob,4,wake,64,FAIL,lifecycle,AppendBlock,PUT,201,false,false,2
live,live-read64-round3-before.log,before,azblob,4,wake,64,FAIL,lifecycle,CreateContainer,PUT,201,false,false,6
live,live-read64-round3-before.log,before,azblob,4,wake,64,FAIL,lifecycle,DeleteBlob,DELETE,202,false,false,8
live,live-read64-round3-before.log,before,azblob,4,wake,64,FAIL,lifecycle,DeleteContainer,DELETE,202,false,false,6
live,live-read64-round3-before.log,before,azblob,4,wake,64,FAIL,lifecycle,DownloadBlob,GET,0,false,true,3
live,live-read64-round3-before.log,before,azblob,4,wake,64,FAIL,lifecycle,DownloadBlob,GET,200,false,false,4
live,live-read64-round3-before.log,before,azblob,4,wake,64,FAIL,lifecycle,DownloadBlob,GET,206,false,false,1
live,live-read64-round3-before.log,before,azblob,4,wake,64,FAIL,lifecycle,DownloadBlob,GET,404,false,true,22
live,live-read64-round3-before.log,before,azblob,4,wake,64,FAIL,lifecycle,DownloadBlob,GET,416,false,true,1226
live,live-read64-round3-before.log,before,azblob,4,wake,64,FAIL,lifecycle,ListBlobs,GET,200,false,false,8
live,live-read64-round3-before.log,before,azblob,4,wake,64,FAIL,lifecycle,PutBlob,PUT,201,false,false,16
live,live-read64-round3-before.log,before,azqueue,1,idle,64,PASS,workload,DequeueMessages,GET,200,false,false,29
live,live-read64-round3-before.log,before,azqueue,1,idle,64,PASS,lifecycle,CreateQueue,PUT,201,false,false,4
live,live-read64-round3-before.log,before,azqueue,1,idle,64,PASS,lifecycle,DeleteMessage,DELETE,204,false,false,2
live,live-read64-round3-before.log,before,azqueue,1,idle,64,PASS,lifecycle,DeleteQueue,DELETE,204,false,false,4
live,live-read64-round3-before.log,before,azqueue,1,idle,64,PASS,lifecycle,DequeueMessages,GET,200,false,false,31
live,live-read64-round3-before.log,before,azqueue,1,idle,64,PASS,lifecycle,EnqueueMessage,POST,201,false,false,3
live,live-read64-round3-before.log,before,azqueue,1,idle,64,PASS,lifecycle,PeekMessages,GET,200,false,false,4
live,live-read64-round3-before.log,before,azqueue,1,interactive,64,PASS,workload,DeleteMessage,DELETE,204,false,false,33
live,live-read64-round3-before.log,before,azqueue,1,interactive,64,PASS,workload,DequeueMessages,GET,200,false,false,32
live,live-read64-round3-before.log,before,azqueue,1,interactive,64,PASS,workload,EnqueueMessage,POST,201,false,false,32
live,live-read64-round3-before.log,before,azqueue,1,interactive,64,PASS,lifecycle,CreateQueue,PUT,201,false,false,4
live,live-read64-round3-before.log,before,azqueue,1,interactive,64,PASS,lifecycle,DeleteMessage,DELETE,204,false,false,34
live,live-read64-round3-before.log,before,azqueue,1,interactive,64,PASS,lifecycle,DeleteQueue,DELETE,204,false,false,4
live,live-read64-round3-before.log,before,azqueue,1,interactive,64,PASS,lifecycle,DequeueMessages,GET,200,false,false,34
live,live-read64-round3-before.log,before,azqueue,1,interactive,64,PASS,lifecycle,EnqueueMessage,POST,201,false,false,35
live,live-read64-round3-before.log,before,azqueue,1,interactive,64,PASS,lifecycle,PeekMessages,GET,200,false,false,5
live,live-read64-round3-before.log,before,azqueue,1,stream,64,PASS,workload,DeleteMessage,DELETE,204,false,false,130
live,live-read64-round3-before.log,before,azqueue,1,stream,64,PASS,workload,DequeueMessages,GET,200,false,false,49
live,live-read64-round3-before.log,before,azqueue,1,stream,64,PASS,workload,EnqueueMessage,POST,201,false,false,129
live,live-read64-round3-before.log,before,azqueue,1,stream,64,PASS,lifecycle,CreateQueue,PUT,201,false,false,4
live,live-read64-round3-before.log,before,azqueue,1,stream,64,PASS,lifecycle,DeleteMessage,DELETE,204,false,false,131
live,live-read64-round3-before.log,before,azqueue,1,stream,64,PASS,lifecycle,DeleteQueue,DELETE,204,false,false,4
live,live-read64-round3-before.log,before,azqueue,1,stream,64,PASS,lifecycle,DequeueMessages,GET,200,false,false,51
live,live-read64-round3-before.log,before,azqueue,1,stream,64,PASS,lifecycle,EnqueueMessage,POST,201,false,false,131
live,live-read64-round3-before.log,before,azqueue,1,stream,64,PASS,lifecycle,PeekMessages,GET,200,false,false,5
live,live-read64-round3-before.log,before,azqueue,1,duplex,64,PASS,workload,DeleteMessage,DELETE,204,false,false,259
live,live-read64-round3-before.log,before,azqueue,1,duplex,64,PASS,workload,DequeueMessages,GET,200,false,false,103
live,live-read64-round3-before.log,before,azqueue,1,duplex,64,PASS,workload,EnqueueMessage,POST,201,false,false,258
live,live-read64-round3-before.log,before,azqueue,1,duplex,64,PASS,lifecycle,CreateQueue,PUT,201,false,false,4
live,live-read64-round3-before.log,before,azqueue,1,duplex,64,PASS,lifecycle,DeleteMessage,DELETE,204,false,false,260
live,live-read64-round3-before.log,before,azqueue,1,duplex,64,PASS,lifecycle,DeleteQueue,DELETE,204,false,false,4
live,live-read64-round3-before.log,before,azqueue,1,duplex,64,PASS,lifecycle,DequeueMessages,GET,200,false,false,106
live,live-read64-round3-before.log,before,azqueue,1,duplex,64,PASS,lifecycle,EnqueueMessage,POST,201,false,false,260
live,live-read64-round3-before.log,before,azqueue,1,duplex,64,PASS,lifecycle,PeekMessages,GET,200,false,false,5
live,live-read64-round3-before.log,before,azqueue,1,wake,64,PASS,workload,DeleteMessage,DELETE,204,false,false,1
live,live-read64-round3-before.log,before,azqueue,1,wake,64,PASS,workload,DequeueMessages,GET,200,false,false,30
live,live-read64-round3-before.log,before,azqueue,1,wake,64,PASS,workload,EnqueueMessage,POST,201,false,false,1
live,live-read64-round3-before.log,before,azqueue,1,wake,64,PASS,lifecycle,CreateQueue,PUT,201,false,false,4
live,live-read64-round3-before.log,before,azqueue,1,wake,64,PASS,lifecycle,DeleteMessage,DELETE,204,false,false,3
live,live-read64-round3-before.log,before,azqueue,1,wake,64,PASS,lifecycle,DeleteQueue,DELETE,204,false,false,4
live,live-read64-round3-before.log,before,azqueue,1,wake,64,PASS,lifecycle,DequeueMessages,GET,200,false,false,32
live,live-read64-round3-before.log,before,azqueue,1,wake,64,PASS,lifecycle,EnqueueMessage,POST,201,false,false,4
live,live-read64-round3-before.log,before,azqueue,1,wake,64,PASS,lifecycle,PeekMessages,GET,200,false,false,5
live,live-read64-round3-before.log,before,azqueue,4,idle,64,PASS,workload,DequeueMessages,GET,200,false,false,112
live,live-read64-round3-before.log,before,azqueue,4,idle,64,PASS,lifecycle,CreateQueue,PUT,201,false,false,10
live,live-read64-round3-before.log,before,azqueue,4,idle,64,PASS,lifecycle,DeleteMessage,DELETE,204,false,false,8
live,live-read64-round3-before.log,before,azqueue,4,idle,64,PASS,lifecycle,DeleteQueue,DELETE,204,false,false,10
live,live-read64-round3-before.log,before,azqueue,4,idle,64,PASS,lifecycle,DequeueMessages,GET,200,false,false,120
live,live-read64-round3-before.log,before,azqueue,4,idle,64,PASS,lifecycle,EnqueueMessage,POST,201,false,false,12
live,live-read64-round3-before.log,before,azqueue,4,idle,64,PASS,lifecycle,PeekMessages,GET,200,false,false,18
live,live-read64-round3-before.log,before,azqueue,4,interactive,64,PASS,workload,DeleteMessage,DELETE,204,false,false,132
live,live-read64-round3-before.log,before,azqueue,4,interactive,64,PASS,workload,DequeueMessages,GET,200,false,false,128
live,live-read64-round3-before.log,before,azqueue,4,interactive,64,PASS,workload,EnqueueMessage,POST,201,false,false,128
live,live-read64-round3-before.log,before,azqueue,4,interactive,64,PASS,lifecycle,CreateQueue,PUT,201,false,false,10
live,live-read64-round3-before.log,before,azqueue,4,interactive,64,PASS,lifecycle,DeleteMessage,DELETE,204,false,false,136
live,live-read64-round3-before.log,before,azqueue,4,interactive,64,PASS,lifecycle,DeleteQueue,DELETE,204,false,false,10
live,live-read64-round3-before.log,before,azqueue,4,interactive,64,PASS,lifecycle,DequeueMessages,GET,200,false,false,136
live,live-read64-round3-before.log,before,azqueue,4,interactive,64,PASS,lifecycle,EnqueueMessage,POST,201,false,false,140
live,live-read64-round3-before.log,before,azqueue,4,interactive,64,PASS,lifecycle,PeekMessages,GET,200,false,false,19
live,live-read64-round3-before.log,before,azqueue,4,stream,64,PASS,workload,DeleteMessage,DELETE,204,false,false,520
live,live-read64-round3-before.log,before,azqueue,4,stream,64,PASS,workload,DequeueMessages,GET,200,false,false,192
live,live-read64-round3-before.log,before,azqueue,4,stream,64,PASS,workload,EnqueueMessage,POST,201,false,false,516
live,live-read64-round3-before.log,before,azqueue,4,stream,64,PASS,lifecycle,CreateQueue,PUT,201,false,false,10
live,live-read64-round3-before.log,before,azqueue,4,stream,64,PASS,lifecycle,DeleteMessage,DELETE,204,false,false,524
live,live-read64-round3-before.log,before,azqueue,4,stream,64,PASS,lifecycle,DeleteQueue,DELETE,204,false,false,10
live,live-read64-round3-before.log,before,azqueue,4,stream,64,PASS,lifecycle,DequeueMessages,GET,200,false,false,200
live,live-read64-round3-before.log,before,azqueue,4,stream,64,PASS,lifecycle,EnqueueMessage,POST,201,false,false,524
live,live-read64-round3-before.log,before,azqueue,4,stream,64,PASS,lifecycle,PeekMessages,GET,200,false,false,17
live,live-read64-round3-before.log,before,azqueue,4,duplex,64,PASS,workload,DeleteMessage,DELETE,204,false,false,1036
live,live-read64-round3-before.log,before,azqueue,4,duplex,64,PASS,workload,DequeueMessages,GET,200,false,false,418
live,live-read64-round3-before.log,before,azqueue,4,duplex,64,PASS,workload,EnqueueMessage,POST,201,false,false,1032
live,live-read64-round3-before.log,before,azqueue,4,duplex,64,PASS,lifecycle,CreateQueue,PUT,201,false,false,10
live,live-read64-round3-before.log,before,azqueue,4,duplex,64,PASS,lifecycle,DeleteMessage,DELETE,204,false,false,1040
live,live-read64-round3-before.log,before,azqueue,4,duplex,64,PASS,lifecycle,DeleteQueue,DELETE,204,false,false,10
live,live-read64-round3-before.log,before,azqueue,4,duplex,64,PASS,lifecycle,DequeueMessages,GET,200,false,false,426
live,live-read64-round3-before.log,before,azqueue,4,duplex,64,PASS,lifecycle,EnqueueMessage,POST,201,false,false,1040
live,live-read64-round3-before.log,before,azqueue,4,duplex,64,PASS,lifecycle,PeekMessages,GET,200,false,false,19
live,live-read64-round3-before.log,before,azqueue,4,wake,64,PASS,workload,DeleteMessage,DELETE,204,false,false,4
live,live-read64-round3-before.log,before,azqueue,4,wake,64,PASS,workload,DequeueMessages,GET,200,false,false,120
live,live-read64-round3-before.log,before,azqueue,4,wake,64,PASS,workload,EnqueueMessage,POST,201,false,false,4
live,live-read64-round3-before.log,before,azqueue,4,wake,64,PASS,lifecycle,CreateQueue,PUT,201,false,false,10
live,live-read64-round3-before.log,before,azqueue,4,wake,64,PASS,lifecycle,DeleteMessage,DELETE,204,false,false,12
live,live-read64-round3-before.log,before,azqueue,4,wake,64,PASS,lifecycle,DeleteQueue,DELETE,204,false,false,10
live,live-read64-round3-before.log,before,azqueue,4,wake,64,PASS,lifecycle,DequeueMessages,GET,200,false,false,128
live,live-read64-round3-before.log,before,azqueue,4,wake,64,PASS,lifecycle,EnqueueMessage,POST,201,false,false,16
live,live-read64-round3-before.log,before,azqueue,4,wake,64,PASS,lifecycle,PeekMessages,GET,200,false,false,19
live,live-read64-round3-before.log,before,aztable,1,idle,64,PASS,workload,QueryEntities,GET,0,false,true,1
live,live-read64-round3-before.log,before,aztable,1,idle,64,PASS,workload,QueryEntities,GET,200,false,false,28
live,live-read64-round3-before.log,before,aztable,1,idle,64,PASS,lifecycle,AddEntity,POST,201,false,false,2
live,live-read64-round3-before.log,before,aztable,1,idle,64,PASS,lifecycle,AddEntity,POST,204,false,false,1
live,live-read64-round3-before.log,before,aztable,1,idle,64,PASS,lifecycle,CreateTable,POST,201,false,false,4
live,live-read64-round3-before.log,before,aztable,1,idle,64,PASS,lifecycle,DeleteEntity,DELETE,204,false,false,2
live,live-read64-round3-before.log,before,aztable,1,idle,64,PASS,lifecycle,DeleteTable,DELETE,204,false,false,4
live,live-read64-round3-before.log,before,aztable,1,idle,64,PASS,lifecycle,GetEntity,GET,200,false,false,1
live,live-read64-round3-before.log,before,aztable,1,idle,64,PASS,lifecycle,GetEntity,GET,404,false,true,3
live,live-read64-round3-before.log,before,aztable,1,idle,64,PASS,lifecycle,QueryEntities,GET,0,false,true,1
live,live-read64-round3-before.log,before,aztable,1,idle,64,PASS,lifecycle,QueryEntities,GET,200,false,false,30
live,live-read64-round3-before.log,before,aztable,1,interactive,64,PASS,workload,AddEntity,POST,204,false,false,32
live,live-read64-round3-before.log,before,aztable,1,interactive,64,PASS,workload,DeleteEntity,DELETE,204,false,false,1
live,live-read64-round3-before.log,before,aztable,1,interactive,64,PASS,workload,QueryEntities,GET,200,false,false,32
live,live-read64-round3-before.log,before,aztable,1,interactive,64,PASS,lifecycle,AddEntity,POST,201,false,false,2
live,live-read64-round3-before.log,before,aztable,1,interactive,64,PASS,lifecycle,AddEntity,POST,204,false,false,33
live,live-read64-round3-before.log,before,aztable,1,interactive,64,PASS,lifecycle,CreateTable,POST,201,false,false,4
live,live-read64-round3-before.log,before,aztable,1,interactive,64,PASS,lifecycle,DeleteEntity,DELETE,204,false,false,2
live,live-read64-round3-before.log,before,aztable,1,interactive,64,PASS,lifecycle,DeleteTable,DELETE,204,false,false,4
live,live-read64-round3-before.log,before,aztable,1,interactive,64,PASS,lifecycle,GetEntity,GET,200,false,false,1
live,live-read64-round3-before.log,before,aztable,1,interactive,64,PASS,lifecycle,GetEntity,GET,404,false,true,4
live,live-read64-round3-before.log,before,aztable,1,interactive,64,PASS,lifecycle,QueryEntities,GET,200,false,false,34
live,live-read64-round3-before.log,before,aztable,1,stream,64,PASS,workload,AddEntity,POST,204,false,false,65
live,live-read64-round3-before.log,before,aztable,1,stream,64,PASS,workload,DeleteEntity,DELETE,204,false,false,1
live,live-read64-round3-before.log,before,aztable,1,stream,64,PASS,workload,QueryEntities,GET,200,false,false,44
live,live-read64-round3-before.log,before,aztable,1,stream,64,PASS,lifecycle,AddEntity,POST,201,false,false,2
live,live-read64-round3-before.log,before,aztable,1,stream,64,PASS,lifecycle,AddEntity,POST,204,false,false,65
live,live-read64-round3-before.log,before,aztable,1,stream,64,PASS,lifecycle,CreateTable,POST,201,false,false,4
live,live-read64-round3-before.log,before,aztable,1,stream,64,PASS,lifecycle,DeleteEntity,DELETE,204,false,false,2
live,live-read64-round3-before.log,before,aztable,1,stream,64,PASS,lifecycle,DeleteTable,DELETE,204,false,false,4
live,live-read64-round3-before.log,before,aztable,1,stream,64,PASS,lifecycle,GetEntity,GET,200,false,false,1
live,live-read64-round3-before.log,before,aztable,1,stream,64,PASS,lifecycle,GetEntity,GET,404,false,true,4
live,live-read64-round3-before.log,before,aztable,1,stream,64,PASS,lifecycle,QueryEntities,GET,200,false,false,46
live,live-read64-round3-before.log,before,aztable,1,duplex,64,PASS,workload,AddEntity,POST,204,false,false,130
live,live-read64-round3-before.log,before,aztable,1,duplex,64,PASS,workload,DeleteEntity,DELETE,204,false,false,1
live,live-read64-round3-before.log,before,aztable,1,duplex,64,PASS,workload,QueryEntities,GET,200,false,false,86
live,live-read64-round3-before.log,before,aztable,1,duplex,64,PASS,lifecycle,AddEntity,POST,201,false,false,2
live,live-read64-round3-before.log,before,aztable,1,duplex,64,PASS,lifecycle,AddEntity,POST,204,false,false,130
live,live-read64-round3-before.log,before,aztable,1,duplex,64,PASS,lifecycle,CreateTable,POST,201,false,false,4
live,live-read64-round3-before.log,before,aztable,1,duplex,64,PASS,lifecycle,DeleteEntity,DELETE,204,false,false,2
live,live-read64-round3-before.log,before,aztable,1,duplex,64,PASS,lifecycle,DeleteTable,DELETE,204,false,false,4
live,live-read64-round3-before.log,before,aztable,1,duplex,64,PASS,lifecycle,GetEntity,GET,200,false,false,1
live,live-read64-round3-before.log,before,aztable,1,duplex,64,PASS,lifecycle,GetEntity,GET,404,false,true,4
live,live-read64-round3-before.log,before,aztable,1,duplex,64,PASS,lifecycle,QueryEntities,GET,200,false,false,88
live,live-read64-round3-before.log,before,aztable,1,wake,64,PASS,workload,AddEntity,POST,204,false,false,1
live,live-read64-round3-before.log,before,aztable,1,wake,64,PASS,workload,QueryEntities,GET,200,false,false,28
live,live-read64-round3-before.log,before,aztable,1,wake,64,PASS,lifecycle,AddEntity,POST,201,false,false,2
live,live-read64-round3-before.log,before,aztable,1,wake,64,PASS,lifecycle,AddEntity,POST,204,false,false,2
live,live-read64-round3-before.log,before,aztable,1,wake,64,PASS,lifecycle,CreateTable,POST,201,false,false,4
live,live-read64-round3-before.log,before,aztable,1,wake,64,PASS,lifecycle,DeleteEntity,DELETE,204,false,false,2
live,live-read64-round3-before.log,before,aztable,1,wake,64,PASS,lifecycle,DeleteTable,DELETE,204,false,false,4
live,live-read64-round3-before.log,before,aztable,1,wake,64,PASS,lifecycle,GetEntity,GET,200,false,false,1
live,live-read64-round3-before.log,before,aztable,1,wake,64,PASS,lifecycle,GetEntity,GET,404,false,true,4
live,live-read64-round3-before.log,before,aztable,1,wake,64,PASS,lifecycle,QueryEntities,GET,200,false,false,30
live,live-read64-round3-before.log,before,aztable,4,idle,64,PASS,workload,QueryEntities,GET,200,false,false,108
live,live-read64-round3-before.log,before,aztable,4,idle,64,PASS,lifecycle,AddEntity,POST,201,false,false,8
live,live-read64-round3-before.log,before,aztable,4,idle,64,PASS,lifecycle,AddEntity,POST,204,false,false,4
live,live-read64-round3-before.log,before,aztable,4,idle,64,PASS,lifecycle,CreateTable,POST,201,false,false,10
live,live-read64-round3-before.log,before,aztable,4,idle,64,PASS,lifecycle,DeleteEntity,DELETE,204,false,false,8
live,live-read64-round3-before.log,before,aztable,4,idle,64,PASS,lifecycle,DeleteTable,DELETE,204,false,false,10
live,live-read64-round3-before.log,before,aztable,4,idle,64,PASS,lifecycle,GetEntity,GET,200,false,false,4
live,live-read64-round3-before.log,before,aztable,4,idle,64,PASS,lifecycle,GetEntity,GET,404,false,true,16
live,live-read64-round3-before.log,before,aztable,4,idle,64,PASS,lifecycle,QueryEntities,GET,200,false,false,116
live,live-read64-round3-before.log,before,aztable,4,interactive,64,PASS,workload,AddEntity,POST,204,false,false,128
live,live-read64-round3-before.log,before,aztable,4,interactive,64,PASS,workload,DeleteEntity,DELETE,204,false,false,4
live,live-read64-round3-before.log,before,aztable,4,interactive,64,PASS,workload,QueryEntities,GET,200,false,false,128
live,live-read64-round3-before.log,before,aztable,4,interactive,64,PASS,lifecycle,AddEntity,POST,201,false,false,8
live,live-read64-round3-before.log,before,aztable,4,interactive,64,PASS,lifecycle,AddEntity,POST,204,false,false,132
live,live-read64-round3-before.log,before,aztable,4,interactive,64,PASS,lifecycle,CreateTable,POST,201,false,false,10
live,live-read64-round3-before.log,before,aztable,4,interactive,64,PASS,lifecycle,DeleteEntity,DELETE,204,false,false,8
live,live-read64-round3-before.log,before,aztable,4,interactive,64,PASS,lifecycle,DeleteTable,DELETE,204,false,false,10
live,live-read64-round3-before.log,before,aztable,4,interactive,64,PASS,lifecycle,GetEntity,GET,200,false,false,4
live,live-read64-round3-before.log,before,aztable,4,interactive,64,PASS,lifecycle,GetEntity,GET,404,false,true,15
live,live-read64-round3-before.log,before,aztable,4,interactive,64,PASS,lifecycle,QueryEntities,GET,200,false,false,135
live,live-read64-round3-before.log,before,aztable,4,stream,64,PASS,workload,AddEntity,POST,204,false,false,260
live,live-read64-round3-before.log,before,aztable,4,stream,64,PASS,workload,DeleteEntity,DELETE,204,false,false,4
live,live-read64-round3-before.log,before,aztable,4,stream,64,PASS,workload,QueryEntities,GET,200,false,false,182
live,live-read64-round3-before.log,before,aztable,4,stream,64,PASS,lifecycle,AddEntity,POST,201,false,false,8
live,live-read64-round3-before.log,before,aztable,4,stream,64,PASS,lifecycle,AddEntity,POST,204,false,false,260
live,live-read64-round3-before.log,before,aztable,4,stream,64,PASS,lifecycle,CreateTable,POST,201,false,false,10
live,live-read64-round3-before.log,before,aztable,4,stream,64,PASS,lifecycle,DeleteEntity,DELETE,204,false,false,8
live,live-read64-round3-before.log,before,aztable,4,stream,64,PASS,lifecycle,DeleteTable,DELETE,204,false,false,10
live,live-read64-round3-before.log,before,aztable,4,stream,64,PASS,lifecycle,GetEntity,GET,200,false,false,4
live,live-read64-round3-before.log,before,aztable,4,stream,64,PASS,lifecycle,GetEntity,GET,404,false,true,15
live,live-read64-round3-before.log,before,aztable,4,stream,64,PASS,lifecycle,QueryEntities,GET,200,false,false,190
live,live-read64-round3-before.log,before,aztable,4,duplex,64,PASS,workload,AddEntity,POST,204,false,false,520
live,live-read64-round3-before.log,before,aztable,4,duplex,64,PASS,workload,DeleteEntity,DELETE,204,false,false,4
live,live-read64-round3-before.log,before,aztable,4,duplex,64,PASS,workload,QueryEntities,GET,200,false,false,531
live,live-read64-round3-before.log,before,aztable,4,duplex,64,PASS,lifecycle,AddEntity,POST,201,false,false,8
live,live-read64-round3-before.log,before,aztable,4,duplex,64,PASS,lifecycle,AddEntity,POST,204,false,false,520
live,live-read64-round3-before.log,before,aztable,4,duplex,64,PASS,lifecycle,CreateTable,POST,201,false,false,10
live,live-read64-round3-before.log,before,aztable,4,duplex,64,PASS,lifecycle,DeleteEntity,DELETE,204,false,false,8
live,live-read64-round3-before.log,before,aztable,4,duplex,64,PASS,lifecycle,DeleteTable,DELETE,204,false,false,10
live,live-read64-round3-before.log,before,aztable,4,duplex,64,PASS,lifecycle,GetEntity,GET,200,false,false,4
live,live-read64-round3-before.log,before,aztable,4,duplex,64,PASS,lifecycle,GetEntity,GET,404,false,true,15
live,live-read64-round3-before.log,before,aztable,4,duplex,64,PASS,lifecycle,QueryEntities,GET,200,false,false,539
live,live-read64-round3-before.log,before,aztable,4,wake,64,PASS,workload,AddEntity,POST,204,false,false,4
live,live-read64-round3-before.log,before,aztable,4,wake,64,PASS,workload,DeleteEntity,DELETE,204,false,false,2
live,live-read64-round3-before.log,before,aztable,4,wake,64,PASS,workload,QueryEntities,GET,200,false,false,117
live,live-read64-round3-before.log,before,aztable,4,wake,64,PASS,lifecycle,AddEntity,POST,201,false,false,8
live,live-read64-round3-before.log,before,aztable,4,wake,64,PASS,lifecycle,AddEntity,POST,204,false,false,8
live,live-read64-round3-before.log,before,aztable,4,wake,64,PASS,lifecycle,CreateTable,POST,201,false,false,10
live,live-read64-round3-before.log,before,aztable,4,wake,64,PASS,lifecycle,DeleteEntity,DELETE,204,false,false,8
live,live-read64-round3-before.log,before,aztable,4,wake,64,PASS,lifecycle,DeleteTable,DELETE,204,false,false,10
live,live-read64-round3-before.log,before,aztable,4,wake,64,PASS,lifecycle,GetEntity,GET,200,false,false,4
live,live-read64-round3-before.log,before,aztable,4,wake,64,PASS,lifecycle,GetEntity,GET,404,false,true,16
live,live-read64-round3-before.log,before,aztable,4,wake,64,PASS,lifecycle,QueryEntities,GET,200,false,false,125
local,local-read1024-round1-after.log,after,azblob,1,stream,1024,PASS,workload,AppendBlock,PUT,201,false,false,65
local,local-read1024-round1-after.log,after,azblob,1,stream,1024,PASS,workload,DeleteBlob,DELETE,202,false,false,1
local,local-read1024-round1-after.log,after,azblob,1,stream,1024,PASS,workload,DownloadBlob,GET,206,false,false,158
local,local-read1024-round1-after.log,after,azblob,1,stream,1024,PASS,workload,DownloadBlob,GET,416,false,true,2
local,local-read1024-round1-after.log,after,azblob,1,stream,1024,PASS,lifecycle,AppendBlock,PUT,201,false,false,65
local,local-read1024-round1-after.log,after,azblob,1,stream,1024,PASS,lifecycle,CreateContainer,PUT,201,false,false,3
local,local-read1024-round1-after.log,after,azblob,1,stream,1024,PASS,lifecycle,DeleteBlob,DELETE,202,false,false,2
local,local-read1024-round1-after.log,after,azblob,1,stream,1024,PASS,lifecycle,DeleteContainer,DELETE,202,false,false,3
local,local-read1024-round1-after.log,after,azblob,1,stream,1024,PASS,lifecycle,DownloadBlob,GET,200,false,false,1
local,local-read1024-round1-after.log,after,azblob,1,stream,1024,PASS,lifecycle,DownloadBlob,GET,206,false,false,158
local,local-read1024-round1-after.log,after,azblob,1,stream,1024,PASS,lifecycle,DownloadBlob,GET,404,false,true,1
local,local-read1024-round1-after.log,after,azblob,1,stream,1024,PASS,lifecycle,DownloadBlob,GET,416,false,true,2
local,local-read1024-round1-after.log,after,azblob,1,stream,1024,PASS,lifecycle,ListBlobs,GET,200,false,false,3
local,local-read1024-round1-after.log,after,azblob,1,stream,1024,PASS,lifecycle,PutBlob,PUT,201,false,false,4
local,local-read1024-round1-after.log,after,azblob,4,stream,1024,PASS,workload,AppendBlock,PUT,201,false,false,260
local,local-read1024-round1-after.log,after,azblob,4,stream,1024,PASS,workload,DeleteBlob,DELETE,202,false,false,4
local,local-read1024-round1-after.log,after,azblob,4,stream,1024,PASS,workload,DownloadBlob,GET,206,false,false,380
local,local-read1024-round1-after.log,after,azblob,4,stream,1024,PASS,workload,DownloadBlob,GET,416,false,true,9
local,local-read1024-round1-after.log,after,azblob,4,stream,1024,PASS,lifecycle,AppendBlock,PUT,201,false,false,260
local,local-read1024-round1-after.log,after,azblob,4,stream,1024,PASS,lifecycle,CreateContainer,PUT,201,false,false,6
local,local-read1024-round1-after.log,after,azblob,4,stream,1024,PASS,lifecycle,DeleteBlob,DELETE,202,false,false,8
local,local-read1024-round1-after.log,after,azblob,4,stream,1024,PASS,lifecycle,DeleteContainer,DELETE,202,false,false,6
local,local-read1024-round1-after.log,after,azblob,4,stream,1024,PASS,lifecycle,DownloadBlob,GET,200,false,false,4
local,local-read1024-round1-after.log,after,azblob,4,stream,1024,PASS,lifecycle,DownloadBlob,GET,206,false,false,380
local,local-read1024-round1-after.log,after,azblob,4,stream,1024,PASS,lifecycle,DownloadBlob,GET,404,false,true,4
local,local-read1024-round1-after.log,after,azblob,4,stream,1024,PASS,lifecycle,DownloadBlob,GET,416,false,true,9
local,local-read1024-round1-after.log,after,azblob,4,stream,1024,PASS,lifecycle,ListBlobs,GET,200,false,false,12
local,local-read1024-round1-after.log,after,azblob,4,stream,1024,PASS,lifecycle,PutBlob,PUT,201,false,false,16
local,local-read1024-round1-after.log,after,azqueue,1,stream,1024,PASS,workload,DeleteMessage,DELETE,204,false,false,130
local,local-read1024-round1-after.log,after,azqueue,1,stream,1024,PASS,workload,DequeueMessages,GET,200,false,false,191
local,local-read1024-round1-after.log,after,azqueue,1,stream,1024,PASS,workload,EnqueueMessage,POST,201,false,false,129
local,local-read1024-round1-after.log,after,azqueue,1,stream,1024,PASS,lifecycle,CreateQueue,PUT,201,false,false,4
local,local-read1024-round1-after.log,after,azqueue,1,stream,1024,PASS,lifecycle,DeleteMessage,DELETE,204,false,false,131
local,local-read1024-round1-after.log,after,azqueue,1,stream,1024,PASS,lifecycle,DeleteQueue,DELETE,204,false,false,4
local,local-read1024-round1-after.log,after,azqueue,1,stream,1024,PASS,lifecycle,DequeueMessages,GET,200,false,false,193
local,local-read1024-round1-after.log,after,azqueue,1,stream,1024,PASS,lifecycle,EnqueueMessage,POST,201,false,false,131
local,local-read1024-round1-after.log,after,azqueue,1,stream,1024,PASS,lifecycle,PeekMessages,GET,200,false,false,2
local,local-read1024-round1-after.log,after,azqueue,4,stream,1024,PASS,workload,DeleteMessage,DELETE,204,false,false,520
local,local-read1024-round1-after.log,after,azqueue,4,stream,1024,PASS,workload,DequeueMessages,GET,200,false,false,1812
local,local-read1024-round1-after.log,after,azqueue,4,stream,1024,PASS,workload,EnqueueMessage,POST,201,false,false,516
local,local-read1024-round1-after.log,after,azqueue,4,stream,1024,PASS,lifecycle,CreateQueue,PUT,201,false,false,10
local,local-read1024-round1-after.log,after,azqueue,4,stream,1024,PASS,lifecycle,DeleteMessage,DELETE,204,false,false,524
local,local-read1024-round1-after.log,after,azqueue,4,stream,1024,PASS,lifecycle,DeleteQueue,DELETE,204,false,false,10
local,local-read1024-round1-after.log,after,azqueue,4,stream,1024,PASS,lifecycle,DequeueMessages,GET,200,false,false,1823
local,local-read1024-round1-after.log,after,azqueue,4,stream,1024,PASS,lifecycle,EnqueueMessage,POST,201,false,false,524
local,local-read1024-round1-after.log,after,azqueue,4,stream,1024,PASS,lifecycle,PeekMessages,GET,200,false,false,8
local,local-read1024-round1-after.log,after,aztable,1,stream,1024,PASS,workload,AddEntity,POST,204,false,false,65
local,local-read1024-round1-after.log,after,aztable,1,stream,1024,PASS,workload,DeleteEntity,DELETE,204,false,false,1
local,local-read1024-round1-after.log,after,aztable,1,stream,1024,PASS,workload,QueryEntities,GET,200,false,false,19
local,local-read1024-round1-after.log,after,aztable,1,stream,1024,PASS,lifecycle,AddEntity,POST,201,false,false,2
local,local-read1024-round1-after.log,after,aztable,1,stream,1024,PASS,lifecycle,AddEntity,POST,204,false,false,65
local,local-read1024-round1-after.log,after,aztable,1,stream,1024,PASS,lifecycle,CreateTable,POST,201,false,false,4
local,local-read1024-round1-after.log,after,aztable,1,stream,1024,PASS,lifecycle,DeleteEntity,DELETE,204,false,false,2
local,local-read1024-round1-after.log,after,aztable,1,stream,1024,PASS,lifecycle,DeleteTable,DELETE,204,false,false,4
local,local-read1024-round1-after.log,after,aztable,1,stream,1024,PASS,lifecycle,GetEntity,GET,200,false,false,1
local,local-read1024-round1-after.log,after,aztable,1,stream,1024,PASS,lifecycle,GetEntity,GET,404,false,true,1
local,local-read1024-round1-after.log,after,aztable,1,stream,1024,PASS,lifecycle,QueryEntities,GET,200,false,false,21
local,local-read1024-round1-after.log,after,aztable,4,stream,1024,PASS,workload,AddEntity,POST,204,false,false,260
local,local-read1024-round1-after.log,after,aztable,4,stream,1024,PASS,workload,DeleteEntity,DELETE,204,false,false,4
local,local-read1024-round1-after.log,after,aztable,4,stream,1024,PASS,workload,QueryEntities,GET,200,false,false,135
local,local-read1024-round1-after.log,after,aztable,4,stream,1024,PASS,lifecycle,AddEntity,POST,201,false,false,8
local,local-read1024-round1-after.log,after,aztable,4,stream,1024,PASS,lifecycle,AddEntity,POST,204,false,false,260
local,local-read1024-round1-after.log,after,aztable,4,stream,1024,PASS,lifecycle,CreateTable,POST,201,false,false,10
local,local-read1024-round1-after.log,after,aztable,4,stream,1024,PASS,lifecycle,DeleteEntity,DELETE,204,false,false,8
local,local-read1024-round1-after.log,after,aztable,4,stream,1024,PASS,lifecycle,DeleteTable,DELETE,204,false,false,10
local,local-read1024-round1-after.log,after,aztable,4,stream,1024,PASS,lifecycle,GetEntity,GET,200,false,false,4
local,local-read1024-round1-after.log,after,aztable,4,stream,1024,PASS,lifecycle,GetEntity,GET,404,false,true,4
local,local-read1024-round1-after.log,after,aztable,4,stream,1024,PASS,lifecycle,QueryEntities,GET,200,false,false,143
local,local-read1024-round1-before.log,before,azblob,1,stream,1024,PASS,workload,AppendBlock,PUT,201,false,false,65
local,local-read1024-round1-before.log,before,azblob,1,stream,1024,PASS,workload,DeleteBlob,DELETE,202,false,false,1
local,local-read1024-round1-before.log,before,azblob,1,stream,1024,PASS,workload,DownloadBlob,GET,206,false,false,139
local,local-read1024-round1-before.log,before,azblob,1,stream,1024,PASS,workload,DownloadBlob,GET,416,false,true,2
local,local-read1024-round1-before.log,before,azblob,1,stream,1024,PASS,lifecycle,AppendBlock,PUT,201,false,false,65
local,local-read1024-round1-before.log,before,azblob,1,stream,1024,PASS,lifecycle,CreateContainer,PUT,201,false,false,3
local,local-read1024-round1-before.log,before,azblob,1,stream,1024,PASS,lifecycle,DeleteBlob,DELETE,202,false,false,2
local,local-read1024-round1-before.log,before,azblob,1,stream,1024,PASS,lifecycle,DeleteContainer,DELETE,202,false,false,3
local,local-read1024-round1-before.log,before,azblob,1,stream,1024,PASS,lifecycle,DownloadBlob,GET,200,false,false,1
local,local-read1024-round1-before.log,before,azblob,1,stream,1024,PASS,lifecycle,DownloadBlob,GET,206,false,false,139
local,local-read1024-round1-before.log,before,azblob,1,stream,1024,PASS,lifecycle,DownloadBlob,GET,404,false,true,2
local,local-read1024-round1-before.log,before,azblob,1,stream,1024,PASS,lifecycle,DownloadBlob,GET,416,false,true,2
local,local-read1024-round1-before.log,before,azblob,1,stream,1024,PASS,lifecycle,ListBlobs,GET,200,false,false,2
local,local-read1024-round1-before.log,before,azblob,1,stream,1024,PASS,lifecycle,PutBlob,PUT,201,false,false,4
local,local-read1024-round1-before.log,before,azblob,4,stream,1024,PASS,workload,AppendBlock,PUT,201,false,false,260
local,local-read1024-round1-before.log,before,azblob,4,stream,1024,PASS,workload,DeleteBlob,DELETE,202,false,false,4
local,local-read1024-round1-before.log,before,azblob,4,stream,1024,PASS,workload,DownloadBlob,GET,206,false,false,293
local,local-read1024-round1-before.log,before,azblob,4,stream,1024,PASS,workload,DownloadBlob,GET,416,false,true,8
local,local-read1024-round1-before.log,before,azblob,4,stream,1024,PASS,lifecycle,AppendBlock,PUT,201,false,false,260
local,local-read1024-round1-before.log,before,azblob,4,stream,1024,PASS,lifecycle,CreateContainer,PUT,201,false,false,6
local,local-read1024-round1-before.log,before,azblob,4,stream,1024,PASS,lifecycle,DeleteBlob,DELETE,202,false,false,8
local,local-read1024-round1-before.log,before,azblob,4,stream,1024,PASS,lifecycle,DeleteContainer,DELETE,202,false,false,6
local,local-read1024-round1-before.log,before,azblob,4,stream,1024,PASS,lifecycle,DownloadBlob,GET,200,false,false,4
local,local-read1024-round1-before.log,before,azblob,4,stream,1024,PASS,lifecycle,DownloadBlob,GET,206,false,false,293
local,local-read1024-round1-before.log,before,azblob,4,stream,1024,PASS,lifecycle,DownloadBlob,GET,404,false,true,4
local,local-read1024-round1-before.log,before,azblob,4,stream,1024,PASS,lifecycle,DownloadBlob,GET,416,false,true,8
local,local-read1024-round1-before.log,before,azblob,4,stream,1024,PASS,lifecycle,ListBlobs,GET,200,false,false,10
local,local-read1024-round1-before.log,before,azblob,4,stream,1024,PASS,lifecycle,PutBlob,PUT,201,false,false,16
local,local-read1024-round1-before.log,before,azqueue,1,stream,1024,PASS,workload,DeleteMessage,DELETE,204,false,false,130
local,local-read1024-round1-before.log,before,azqueue,1,stream,1024,PASS,workload,DequeueMessages,GET,200,false,false,266
local,local-read1024-round1-before.log,before,azqueue,1,stream,1024,PASS,workload,EnqueueMessage,POST,201,false,false,129
local,local-read1024-round1-before.log,before,azqueue,1,stream,1024,PASS,lifecycle,CreateQueue,PUT,201,false,false,4
local,local-read1024-round1-before.log,before,azqueue,1,stream,1024,PASS,lifecycle,DeleteMessage,DELETE,204,false,false,131
local,local-read1024-round1-before.log,before,azqueue,1,stream,1024,PASS,lifecycle,DeleteQueue,DELETE,204,false,false,4
local,local-read1024-round1-before.log,before,azqueue,1,stream,1024,PASS,lifecycle,DequeueMessages,GET,200,false,false,269
local,local-read1024-round1-before.log,before,azqueue,1,stream,1024,PASS,lifecycle,EnqueueMessage,POST,201,false,false,131
local,local-read1024-round1-before.log,before,azqueue,1,stream,1024,PASS,lifecycle,PeekMessages,GET,200,false,false,2
local,local-read1024-round1-before.log,before,azqueue,4,stream,1024,PASS,workload,DeleteMessage,DELETE,204,false,false,520
local,local-read1024-round1-before.log,before,azqueue,4,stream,1024,PASS,workload,DequeueMessages,GET,200,false,false,1832
local,local-read1024-round1-before.log,before,azqueue,4,stream,1024,PASS,workload,EnqueueMessage,POST,201,false,false,516
local,local-read1024-round1-before.log,before,azqueue,4,stream,1024,PASS,lifecycle,CreateQueue,PUT,201,false,false,10
local,local-read1024-round1-before.log,before,azqueue,4,stream,1024,PASS,lifecycle,DeleteMessage,DELETE,204,false,false,524
local,local-read1024-round1-before.log,before,azqueue,4,stream,1024,PASS,lifecycle,DeleteQueue,DELETE,204,false,false,10
local,local-read1024-round1-before.log,before,azqueue,4,stream,1024,PASS,lifecycle,DequeueMessages,GET,200,false,false,1844
local,local-read1024-round1-before.log,before,azqueue,4,stream,1024,PASS,lifecycle,EnqueueMessage,POST,201,false,false,524
local,local-read1024-round1-before.log,before,azqueue,4,stream,1024,PASS,lifecycle,PeekMessages,GET,200,false,false,8
local,local-read1024-round1-before.log,before,aztable,1,stream,1024,PASS,workload,AddEntity,POST,204,false,false,65
local,local-read1024-round1-before.log,before,aztable,1,stream,1024,PASS,workload,DeleteEntity,DELETE,204,false,false,1
local,local-read1024-round1-before.log,before,aztable,1,stream,1024,PASS,workload,QueryEntities,GET,200,false,false,19
local,local-read1024-round1-before.log,before,aztable,1,stream,1024,PASS,lifecycle,AddEntity,POST,201,false,false,2
local,local-read1024-round1-before.log,before,aztable,1,stream,1024,PASS,lifecycle,AddEntity,POST,204,false,false,65
local,local-read1024-round1-before.log,before,aztable,1,stream,1024,PASS,lifecycle,CreateTable,POST,201,false,false,4
local,local-read1024-round1-before.log,before,aztable,1,stream,1024,PASS,lifecycle,DeleteEntity,DELETE,204,false,false,2
local,local-read1024-round1-before.log,before,aztable,1,stream,1024,PASS,lifecycle,DeleteTable,DELETE,204,false,false,4
local,local-read1024-round1-before.log,before,aztable,1,stream,1024,PASS,lifecycle,GetEntity,GET,200,false,false,1
local,local-read1024-round1-before.log,before,aztable,1,stream,1024,PASS,lifecycle,GetEntity,GET,404,false,true,1
local,local-read1024-round1-before.log,before,aztable,1,stream,1024,PASS,lifecycle,QueryEntities,GET,200,false,false,21
local,local-read1024-round1-before.log,before,aztable,4,stream,1024,PASS,workload,AddEntity,POST,204,false,false,260
local,local-read1024-round1-before.log,before,aztable,4,stream,1024,PASS,workload,DeleteEntity,DELETE,204,false,false,4
local,local-read1024-round1-before.log,before,aztable,4,stream,1024,PASS,workload,QueryEntities,GET,200,false,false,127
local,local-read1024-round1-before.log,before,aztable,4,stream,1024,PASS,lifecycle,AddEntity,POST,201,false,false,8
local,local-read1024-round1-before.log,before,aztable,4,stream,1024,PASS,lifecycle,AddEntity,POST,204,false,false,260
local,local-read1024-round1-before.log,before,aztable,4,stream,1024,PASS,lifecycle,CreateTable,POST,201,false,false,10
local,local-read1024-round1-before.log,before,aztable,4,stream,1024,PASS,lifecycle,DeleteEntity,DELETE,204,false,false,8
local,local-read1024-round1-before.log,before,aztable,4,stream,1024,PASS,lifecycle,DeleteTable,DELETE,204,false,false,10
local,local-read1024-round1-before.log,before,aztable,4,stream,1024,PASS,lifecycle,GetEntity,GET,200,false,false,4
local,local-read1024-round1-before.log,before,aztable,4,stream,1024,PASS,lifecycle,GetEntity,GET,404,false,true,4
local,local-read1024-round1-before.log,before,aztable,4,stream,1024,PASS,lifecycle,QueryEntities,GET,200,false,false,135
local,local-read1024-round2-after.log,after,azblob,1,stream,1024,PASS,workload,AppendBlock,PUT,201,false,false,65
local,local-read1024-round2-after.log,after,azblob,1,stream,1024,PASS,workload,DeleteBlob,DELETE,202,false,false,1
local,local-read1024-round2-after.log,after,azblob,1,stream,1024,PASS,workload,DownloadBlob,GET,206,false,false,169
local,local-read1024-round2-after.log,after,azblob,1,stream,1024,PASS,workload,DownloadBlob,GET,416,false,true,2
local,local-read1024-round2-after.log,after,azblob,1,stream,1024,PASS,lifecycle,AppendBlock,PUT,201,false,false,65
local,local-read1024-round2-after.log,after,azblob,1,stream,1024,PASS,lifecycle,CreateContainer,PUT,201,false,false,3
local,local-read1024-round2-after.log,after,azblob,1,stream,1024,PASS,lifecycle,DeleteBlob,DELETE,202,false,false,2
local,local-read1024-round2-after.log,after,azblob,1,stream,1024,PASS,lifecycle,DeleteContainer,DELETE,202,false,false,3
local,local-read1024-round2-after.log,after,azblob,1,stream,1024,PASS,lifecycle,DownloadBlob,GET,200,false,false,1
local,local-read1024-round2-after.log,after,azblob,1,stream,1024,PASS,lifecycle,DownloadBlob,GET,206,false,false,169
local,local-read1024-round2-after.log,after,azblob,1,stream,1024,PASS,lifecycle,DownloadBlob,GET,404,false,true,1
local,local-read1024-round2-after.log,after,azblob,1,stream,1024,PASS,lifecycle,DownloadBlob,GET,416,false,true,2
local,local-read1024-round2-after.log,after,azblob,1,stream,1024,PASS,lifecycle,ListBlobs,GET,200,false,false,5
local,local-read1024-round2-after.log,after,azblob,1,stream,1024,PASS,lifecycle,PutBlob,PUT,201,false,false,4
local,local-read1024-round2-after.log,after,azblob,4,stream,1024,PASS,workload,AppendBlock,PUT,201,false,false,260
local,local-read1024-round2-after.log,after,azblob,4,stream,1024,PASS,workload,DeleteBlob,DELETE,202,false,false,4
local,local-read1024-round2-after.log,after,azblob,4,stream,1024,PASS,workload,DownloadBlob,GET,206,false,false,327
local,local-read1024-round2-after.log,after,azblob,4,stream,1024,PASS,workload,DownloadBlob,GET,416,false,true,11
local,local-read1024-round2-after.log,after,azblob,4,stream,1024,PASS,lifecycle,AppendBlock,PUT,201,false,false,260
local,local-read1024-round2-after.log,after,azblob,4,stream,1024,PASS,lifecycle,CreateContainer,PUT,201,false,false,6
local,local-read1024-round2-after.log,after,azblob,4,stream,1024,PASS,lifecycle,DeleteBlob,DELETE,202,false,false,8
local,local-read1024-round2-after.log,after,azblob,4,stream,1024,PASS,lifecycle,DeleteContainer,DELETE,202,false,false,6
local,local-read1024-round2-after.log,after,azblob,4,stream,1024,PASS,lifecycle,DownloadBlob,GET,200,false,false,4
local,local-read1024-round2-after.log,after,azblob,4,stream,1024,PASS,lifecycle,DownloadBlob,GET,206,false,false,327
local,local-read1024-round2-after.log,after,azblob,4,stream,1024,PASS,lifecycle,DownloadBlob,GET,404,false,true,4
local,local-read1024-round2-after.log,after,azblob,4,stream,1024,PASS,lifecycle,DownloadBlob,GET,416,false,true,11
local,local-read1024-round2-after.log,after,azblob,4,stream,1024,PASS,lifecycle,ListBlobs,GET,200,false,false,12
local,local-read1024-round2-after.log,after,azblob,4,stream,1024,PASS,lifecycle,PutBlob,PUT,201,false,false,16
local,local-read1024-round2-after.log,after,azqueue,1,stream,1024,PASS,workload,DeleteMessage,DELETE,204,false,false,130
local,local-read1024-round2-after.log,after,azqueue,1,stream,1024,PASS,workload,DequeueMessages,GET,200,false,false,254
local,local-read1024-round2-after.log,after,azqueue,1,stream,1024,PASS,workload,EnqueueMessage,POST,201,false,false,129
local,local-read1024-round2-after.log,after,azqueue,1,stream,1024,PASS,lifecycle,CreateQueue,PUT,201,false,false,4
local,local-read1024-round2-after.log,after,azqueue,1,stream,1024,PASS,lifecycle,DeleteMessage,DELETE,204,false,false,131
local,local-read1024-round2-after.log,after,azqueue,1,stream,1024,PASS,lifecycle,DeleteQueue,DELETE,204,false,false,4
local,local-read1024-round2-after.log,after,azqueue,1,stream,1024,PASS,lifecycle,DequeueMessages,GET,200,false,false,256
local,local-read1024-round2-after.log,after,azqueue,1,stream,1024,PASS,lifecycle,EnqueueMessage,POST,201,false,false,131
local,local-read1024-round2-after.log,after,azqueue,1,stream,1024,PASS,lifecycle,PeekMessages,GET,200,false,false,2
local,local-read1024-round2-after.log,after,azqueue,4,stream,1024,PASS,workload,DeleteMessage,DELETE,204,false,false,520
local,local-read1024-round2-after.log,after,azqueue,4,stream,1024,PASS,workload,DequeueMessages,GET,200,false,false,1843
local,local-read1024-round2-after.log,after,azqueue,4,stream,1024,PASS,workload,EnqueueMessage,POST,201,false,false,516
local,local-read1024-round2-after.log,after,azqueue,4,stream,1024,PASS,lifecycle,CreateQueue,PUT,201,false,false,10
local,local-read1024-round2-after.log,after,azqueue,4,stream,1024,PASS,lifecycle,DeleteMessage,DELETE,204,false,false,524
local,local-read1024-round2-after.log,after,azqueue,4,stream,1024,PASS,lifecycle,DeleteQueue,DELETE,204,false,false,10
local,local-read1024-round2-after.log,after,azqueue,4,stream,1024,PASS,lifecycle,DequeueMessages,GET,200,false,false,1855
local,local-read1024-round2-after.log,after,azqueue,4,stream,1024,PASS,lifecycle,EnqueueMessage,POST,201,false,false,524
local,local-read1024-round2-after.log,after,azqueue,4,stream,1024,PASS,lifecycle,PeekMessages,GET,200,false,false,8
local,local-read1024-round2-after.log,after,aztable,1,stream,1024,PASS,workload,AddEntity,POST,204,false,false,65
local,local-read1024-round2-after.log,after,aztable,1,stream,1024,PASS,workload,DeleteEntity,DELETE,204,false,false,1
local,local-read1024-round2-after.log,after,aztable,1,stream,1024,PASS,workload,QueryEntities,GET,200,false,false,19
local,local-read1024-round2-after.log,after,aztable,1,stream,1024,PASS,lifecycle,AddEntity,POST,201,false,false,2
local,local-read1024-round2-after.log,after,aztable,1,stream,1024,PASS,lifecycle,AddEntity,POST,204,false,false,65
local,local-read1024-round2-after.log,after,aztable,1,stream,1024,PASS,lifecycle,CreateTable,POST,201,false,false,4
local,local-read1024-round2-after.log,after,aztable,1,stream,1024,PASS,lifecycle,DeleteEntity,DELETE,204,false,false,2
local,local-read1024-round2-after.log,after,aztable,1,stream,1024,PASS,lifecycle,DeleteTable,DELETE,204,false,false,4
local,local-read1024-round2-after.log,after,aztable,1,stream,1024,PASS,lifecycle,GetEntity,GET,200,false,false,1
local,local-read1024-round2-after.log,after,aztable,1,stream,1024,PASS,lifecycle,GetEntity,GET,404,false,true,1
local,local-read1024-round2-after.log,after,aztable,1,stream,1024,PASS,lifecycle,QueryEntities,GET,200,false,false,21
local,local-read1024-round2-after.log,after,aztable,4,stream,1024,PASS,workload,AddEntity,POST,204,false,false,260
local,local-read1024-round2-after.log,after,aztable,4,stream,1024,PASS,workload,DeleteEntity,DELETE,204,false,false,4
local,local-read1024-round2-after.log,after,aztable,4,stream,1024,PASS,workload,QueryEntities,GET,200,false,false,128
local,local-read1024-round2-after.log,after,aztable,4,stream,1024,PASS,lifecycle,AddEntity,POST,201,false,false,8
local,local-read1024-round2-after.log,after,aztable,4,stream,1024,PASS,lifecycle,AddEntity,POST,204,false,false,260
local,local-read1024-round2-after.log,after,aztable,4,stream,1024,PASS,lifecycle,CreateTable,POST,201,false,false,10
local,local-read1024-round2-after.log,after,aztable,4,stream,1024,PASS,lifecycle,DeleteEntity,DELETE,204,false,false,8
local,local-read1024-round2-after.log,after,aztable,4,stream,1024,PASS,lifecycle,DeleteTable,DELETE,204,false,false,10
local,local-read1024-round2-after.log,after,aztable,4,stream,1024,PASS,lifecycle,GetEntity,GET,200,false,false,4
local,local-read1024-round2-after.log,after,aztable,4,stream,1024,PASS,lifecycle,GetEntity,GET,404,false,true,4
local,local-read1024-round2-after.log,after,aztable,4,stream,1024,PASS,lifecycle,QueryEntities,GET,200,false,false,136
local,local-read1024-round2-before.log,before,azblob,1,stream,1024,PASS,workload,AppendBlock,PUT,201,false,false,65
local,local-read1024-round2-before.log,before,azblob,1,stream,1024,PASS,workload,DeleteBlob,DELETE,202,false,false,1
local,local-read1024-round2-before.log,before,azblob,1,stream,1024,PASS,workload,DownloadBlob,GET,206,false,false,162
local,local-read1024-round2-before.log,before,azblob,1,stream,1024,PASS,workload,DownloadBlob,GET,416,false,true,2
local,local-read1024-round2-before.log,before,azblob,1,stream,1024,PASS,lifecycle,AppendBlock,PUT,201,false,false,65
local,local-read1024-round2-before.log,before,azblob,1,stream,1024,PASS,lifecycle,CreateContainer,PUT,201,false,false,3
local,local-read1024-round2-before.log,before,azblob,1,stream,1024,PASS,lifecycle,DeleteBlob,DELETE,202,false,false,2
local,local-read1024-round2-before.log,before,azblob,1,stream,1024,PASS,lifecycle,DeleteContainer,DELETE,202,false,false,3
local,local-read1024-round2-before.log,before,azblob,1,stream,1024,PASS,lifecycle,DownloadBlob,GET,200,false,false,1
local,local-read1024-round2-before.log,before,azblob,1,stream,1024,PASS,lifecycle,DownloadBlob,GET,206,false,false,162
local,local-read1024-round2-before.log,before,azblob,1,stream,1024,PASS,lifecycle,DownloadBlob,GET,404,false,true,1
local,local-read1024-round2-before.log,before,azblob,1,stream,1024,PASS,lifecycle,DownloadBlob,GET,416,false,true,2
local,local-read1024-round2-before.log,before,azblob,1,stream,1024,PASS,lifecycle,ListBlobs,GET,200,false,false,3
local,local-read1024-round2-before.log,before,azblob,1,stream,1024,PASS,lifecycle,PutBlob,PUT,201,false,false,4
local,local-read1024-round2-before.log,before,azblob,4,stream,1024,PASS,workload,AppendBlock,PUT,201,false,false,260
local,local-read1024-round2-before.log,before,azblob,4,stream,1024,PASS,workload,DeleteBlob,DELETE,202,false,false,4
local,local-read1024-round2-before.log,before,azblob,4,stream,1024,PASS,workload,DownloadBlob,GET,206,false,false,324
local,local-read1024-round2-before.log,before,azblob,4,stream,1024,PASS,workload,DownloadBlob,GET,416,false,true,9
local,local-read1024-round2-before.log,before,azblob,4,stream,1024,PASS,lifecycle,AppendBlock,PUT,201,false,false,260
local,local-read1024-round2-before.log,before,azblob,4,stream,1024,PASS,lifecycle,CreateContainer,PUT,201,false,false,6
local,local-read1024-round2-before.log,before,azblob,4,stream,1024,PASS,lifecycle,DeleteBlob,DELETE,202,false,false,8
local,local-read1024-round2-before.log,before,azblob,4,stream,1024,PASS,lifecycle,DeleteContainer,DELETE,202,false,false,6
local,local-read1024-round2-before.log,before,azblob,4,stream,1024,PASS,lifecycle,DownloadBlob,GET,200,false,false,4
local,local-read1024-round2-before.log,before,azblob,4,stream,1024,PASS,lifecycle,DownloadBlob,GET,206,false,false,324
local,local-read1024-round2-before.log,before,azblob,4,stream,1024,PASS,lifecycle,DownloadBlob,GET,404,false,true,4
local,local-read1024-round2-before.log,before,azblob,4,stream,1024,PASS,lifecycle,DownloadBlob,GET,416,false,true,9
local,local-read1024-round2-before.log,before,azblob,4,stream,1024,PASS,lifecycle,ListBlobs,GET,200,false,false,12
local,local-read1024-round2-before.log,before,azblob,4,stream,1024,PASS,lifecycle,PutBlob,PUT,201,false,false,16
local,local-read1024-round2-before.log,before,azqueue,1,stream,1024,PASS,workload,DeleteMessage,DELETE,204,false,false,130
local,local-read1024-round2-before.log,before,azqueue,1,stream,1024,PASS,workload,DequeueMessages,GET,200,false,false,251
local,local-read1024-round2-before.log,before,azqueue,1,stream,1024,PASS,workload,EnqueueMessage,POST,201,false,false,129
local,local-read1024-round2-before.log,before,azqueue,1,stream,1024,PASS,lifecycle,CreateQueue,PUT,201,false,false,4
local,local-read1024-round2-before.log,before,azqueue,1,stream,1024,PASS,lifecycle,DeleteMessage,DELETE,204,false,false,131
local,local-read1024-round2-before.log,before,azqueue,1,stream,1024,PASS,lifecycle,DeleteQueue,DELETE,204,false,false,4
local,local-read1024-round2-before.log,before,azqueue,1,stream,1024,PASS,lifecycle,DequeueMessages,GET,200,false,false,253
local,local-read1024-round2-before.log,before,azqueue,1,stream,1024,PASS,lifecycle,EnqueueMessage,POST,201,false,false,131
local,local-read1024-round2-before.log,before,azqueue,1,stream,1024,PASS,lifecycle,PeekMessages,GET,200,false,false,2
local,local-read1024-round2-before.log,before,azqueue,4,stream,1024,PASS,workload,DeleteMessage,DELETE,204,false,false,520
local,local-read1024-round2-before.log,before,azqueue,4,stream,1024,PASS,workload,DequeueMessages,GET,200,false,false,1798
local,local-read1024-round2-before.log,before,azqueue,4,stream,1024,PASS,workload,EnqueueMessage,POST,201,false,false,516
local,local-read1024-round2-before.log,before,azqueue,4,stream,1024,PASS,lifecycle,CreateQueue,PUT,201,false,false,10
local,local-read1024-round2-before.log,before,azqueue,4,stream,1024,PASS,lifecycle,DeleteMessage,DELETE,204,false,false,524
local,local-read1024-round2-before.log,before,azqueue,4,stream,1024,PASS,lifecycle,DeleteQueue,DELETE,204,false,false,10
local,local-read1024-round2-before.log,before,azqueue,4,stream,1024,PASS,lifecycle,DequeueMessages,GET,200,false,false,1810
local,local-read1024-round2-before.log,before,azqueue,4,stream,1024,PASS,lifecycle,EnqueueMessage,POST,201,false,false,524
local,local-read1024-round2-before.log,before,azqueue,4,stream,1024,PASS,lifecycle,PeekMessages,GET,200,false,false,8
local,local-read1024-round2-before.log,before,aztable,1,stream,1024,PASS,workload,AddEntity,POST,204,false,false,65
local,local-read1024-round2-before.log,before,aztable,1,stream,1024,PASS,workload,DeleteEntity,DELETE,204,false,false,1
local,local-read1024-round2-before.log,before,aztable,1,stream,1024,PASS,workload,QueryEntities,GET,200,false,false,19
local,local-read1024-round2-before.log,before,aztable,1,stream,1024,PASS,lifecycle,AddEntity,POST,201,false,false,2
local,local-read1024-round2-before.log,before,aztable,1,stream,1024,PASS,lifecycle,AddEntity,POST,204,false,false,65
local,local-read1024-round2-before.log,before,aztable,1,stream,1024,PASS,lifecycle,CreateTable,POST,201,false,false,4
local,local-read1024-round2-before.log,before,aztable,1,stream,1024,PASS,lifecycle,DeleteEntity,DELETE,204,false,false,2
local,local-read1024-round2-before.log,before,aztable,1,stream,1024,PASS,lifecycle,DeleteTable,DELETE,204,false,false,4
local,local-read1024-round2-before.log,before,aztable,1,stream,1024,PASS,lifecycle,GetEntity,GET,200,false,false,1
local,local-read1024-round2-before.log,before,aztable,1,stream,1024,PASS,lifecycle,GetEntity,GET,404,false,true,1
local,local-read1024-round2-before.log,before,aztable,1,stream,1024,PASS,lifecycle,QueryEntities,GET,200,false,false,21
local,local-read1024-round2-before.log,before,aztable,4,stream,1024,PASS,workload,AddEntity,POST,204,false,false,260
local,local-read1024-round2-before.log,before,aztable,4,stream,1024,PASS,workload,DeleteEntity,DELETE,204,false,false,4
local,local-read1024-round2-before.log,before,aztable,4,stream,1024,PASS,workload,QueryEntities,GET,200,false,false,123
local,local-read1024-round2-before.log,before,aztable,4,stream,1024,PASS,lifecycle,AddEntity,POST,201,false,false,8
local,local-read1024-round2-before.log,before,aztable,4,stream,1024,PASS,lifecycle,AddEntity,POST,204,false,false,260
local,local-read1024-round2-before.log,before,aztable,4,stream,1024,PASS,lifecycle,CreateTable,POST,201,false,false,10
local,local-read1024-round2-before.log,before,aztable,4,stream,1024,PASS,lifecycle,DeleteEntity,DELETE,204,false,false,8
local,local-read1024-round2-before.log,before,aztable,4,stream,1024,PASS,lifecycle,DeleteTable,DELETE,204,false,false,10
local,local-read1024-round2-before.log,before,aztable,4,stream,1024,PASS,lifecycle,GetEntity,GET,200,false,false,4
local,local-read1024-round2-before.log,before,aztable,4,stream,1024,PASS,lifecycle,GetEntity,GET,404,false,true,4
local,local-read1024-round2-before.log,before,aztable,4,stream,1024,PASS,lifecycle,QueryEntities,GET,200,false,false,131
local,local-read1024-round3-after.log,after,azblob,1,stream,1024,PASS,workload,AppendBlock,PUT,201,false,false,65
local,local-read1024-round3-after.log,after,azblob,1,stream,1024,PASS,workload,DeleteBlob,DELETE,202,false,false,1
local,local-read1024-round3-after.log,after,azblob,1,stream,1024,PASS,workload,DownloadBlob,GET,206,false,false,177
local,local-read1024-round3-after.log,after,azblob,1,stream,1024,PASS,workload,DownloadBlob,GET,416,false,true,2
local,local-read1024-round3-after.log,after,azblob,1,stream,1024,PASS,lifecycle,AppendBlock,PUT,201,false,false,65
local,local-read1024-round3-after.log,after,azblob,1,stream,1024,PASS,lifecycle,CreateContainer,PUT,201,false,false,3
local,local-read1024-round3-after.log,after,azblob,1,stream,1024,PASS,lifecycle,DeleteBlob,DELETE,202,false,false,2
local,local-read1024-round3-after.log,after,azblob,1,stream,1024,PASS,lifecycle,DeleteContainer,DELETE,202,false,false,3
local,local-read1024-round3-after.log,after,azblob,1,stream,1024,PASS,lifecycle,DownloadBlob,GET,200,false,false,1
local,local-read1024-round3-after.log,after,azblob,1,stream,1024,PASS,lifecycle,DownloadBlob,GET,206,false,false,177
local,local-read1024-round3-after.log,after,azblob,1,stream,1024,PASS,lifecycle,DownloadBlob,GET,404,false,true,1
local,local-read1024-round3-after.log,after,azblob,1,stream,1024,PASS,lifecycle,DownloadBlob,GET,416,false,true,2
local,local-read1024-round3-after.log,after,azblob,1,stream,1024,PASS,lifecycle,ListBlobs,GET,200,false,false,4
local,local-read1024-round3-after.log,after,azblob,1,stream,1024,PASS,lifecycle,PutBlob,PUT,201,false,false,4
local,local-read1024-round3-after.log,after,azblob,4,stream,1024,PASS,workload,AppendBlock,PUT,201,false,false,260
local,local-read1024-round3-after.log,after,azblob,4,stream,1024,PASS,workload,DeleteBlob,DELETE,202,false,false,4
local,local-read1024-round3-after.log,after,azblob,4,stream,1024,PASS,workload,DownloadBlob,GET,206,false,false,352
local,local-read1024-round3-after.log,after,azblob,4,stream,1024,PASS,workload,DownloadBlob,GET,416,false,true,10
local,local-read1024-round3-after.log,after,azblob,4,stream,1024,PASS,lifecycle,AppendBlock,PUT,201,false,false,260
local,local-read1024-round3-after.log,after,azblob,4,stream,1024,PASS,lifecycle,CreateContainer,PUT,201,false,false,6
local,local-read1024-round3-after.log,after,azblob,4,stream,1024,PASS,lifecycle,DeleteBlob,DELETE,202,false,false,8
local,local-read1024-round3-after.log,after,azblob,4,stream,1024,PASS,lifecycle,DeleteContainer,DELETE,202,false,false,6
local,local-read1024-round3-after.log,after,azblob,4,stream,1024,PASS,lifecycle,DownloadBlob,GET,200,false,false,4
local,local-read1024-round3-after.log,after,azblob,4,stream,1024,PASS,lifecycle,DownloadBlob,GET,206,false,false,352
local,local-read1024-round3-after.log,after,azblob,4,stream,1024,PASS,lifecycle,DownloadBlob,GET,404,false,true,4
local,local-read1024-round3-after.log,after,azblob,4,stream,1024,PASS,lifecycle,DownloadBlob,GET,416,false,true,10
local,local-read1024-round3-after.log,after,azblob,4,stream,1024,PASS,lifecycle,ListBlobs,GET,200,false,false,11
local,local-read1024-round3-after.log,after,azblob,4,stream,1024,PASS,lifecycle,PutBlob,PUT,201,false,false,16
local,local-read1024-round3-after.log,after,azqueue,1,stream,1024,PASS,workload,DeleteMessage,DELETE,204,false,false,130
local,local-read1024-round3-after.log,after,azqueue,1,stream,1024,PASS,workload,DequeueMessages,GET,200,false,false,174
local,local-read1024-round3-after.log,after,azqueue,1,stream,1024,PASS,workload,EnqueueMessage,POST,201,false,false,129
local,local-read1024-round3-after.log,after,azqueue,1,stream,1024,PASS,lifecycle,CreateQueue,PUT,201,false,false,4
local,local-read1024-round3-after.log,after,azqueue,1,stream,1024,PASS,lifecycle,DeleteMessage,DELETE,204,false,false,131
local,local-read1024-round3-after.log,after,azqueue,1,stream,1024,PASS,lifecycle,DeleteQueue,DELETE,204,false,false,4
local,local-read1024-round3-after.log,after,azqueue,1,stream,1024,PASS,lifecycle,DequeueMessages,GET,200,false,false,177
local,local-read1024-round3-after.log,after,azqueue,1,stream,1024,PASS,lifecycle,EnqueueMessage,POST,201,false,false,131
local,local-read1024-round3-after.log,after,azqueue,1,stream,1024,PASS,lifecycle,PeekMessages,GET,200,false,false,2
local,local-read1024-round3-after.log,after,azqueue,4,stream,1024,PASS,workload,DeleteMessage,DELETE,204,false,false,520
local,local-read1024-round3-after.log,after,azqueue,4,stream,1024,PASS,workload,DequeueMessages,GET,200,false,false,1831
local,local-read1024-round3-after.log,after,azqueue,4,stream,1024,PASS,workload,EnqueueMessage,POST,201,false,false,516
local,local-read1024-round3-after.log,after,azqueue,4,stream,1024,PASS,lifecycle,CreateQueue,PUT,201,false,false,10
local,local-read1024-round3-after.log,after,azqueue,4,stream,1024,PASS,lifecycle,DeleteMessage,DELETE,204,false,false,524
local,local-read1024-round3-after.log,after,azqueue,4,stream,1024,PASS,lifecycle,DeleteQueue,DELETE,204,false,false,10
local,local-read1024-round3-after.log,after,azqueue,4,stream,1024,PASS,lifecycle,DequeueMessages,GET,200,false,false,1843
local,local-read1024-round3-after.log,after,azqueue,4,stream,1024,PASS,lifecycle,EnqueueMessage,POST,201,false,false,524
local,local-read1024-round3-after.log,after,azqueue,4,stream,1024,PASS,lifecycle,PeekMessages,GET,200,false,false,8
local,local-read1024-round3-after.log,after,aztable,1,stream,1024,PASS,workload,AddEntity,POST,204,false,false,65
local,local-read1024-round3-after.log,after,aztable,1,stream,1024,PASS,workload,DeleteEntity,DELETE,204,false,false,1
local,local-read1024-round3-after.log,after,aztable,1,stream,1024,PASS,workload,QueryEntities,GET,200,false,false,19
local,local-read1024-round3-after.log,after,aztable,1,stream,1024,PASS,lifecycle,AddEntity,POST,201,false,false,2
local,local-read1024-round3-after.log,after,aztable,1,stream,1024,PASS,lifecycle,AddEntity,POST,204,false,false,65
local,local-read1024-round3-after.log,after,aztable,1,stream,1024,PASS,lifecycle,CreateTable,POST,201,false,false,4
local,local-read1024-round3-after.log,after,aztable,1,stream,1024,PASS,lifecycle,DeleteEntity,DELETE,204,false,false,2
local,local-read1024-round3-after.log,after,aztable,1,stream,1024,PASS,lifecycle,DeleteTable,DELETE,204,false,false,4
local,local-read1024-round3-after.log,after,aztable,1,stream,1024,PASS,lifecycle,GetEntity,GET,200,false,false,1
local,local-read1024-round3-after.log,after,aztable,1,stream,1024,PASS,lifecycle,GetEntity,GET,404,false,true,1
local,local-read1024-round3-after.log,after,aztable,1,stream,1024,PASS,lifecycle,QueryEntities,GET,200,false,false,21
local,local-read1024-round3-after.log,after,aztable,4,stream,1024,PASS,workload,AddEntity,POST,204,false,false,260
local,local-read1024-round3-after.log,after,aztable,4,stream,1024,PASS,workload,DeleteEntity,DELETE,204,false,false,4
local,local-read1024-round3-after.log,after,aztable,4,stream,1024,PASS,workload,QueryEntities,GET,200,false,false,128
local,local-read1024-round3-after.log,after,aztable,4,stream,1024,PASS,lifecycle,AddEntity,POST,201,false,false,8
local,local-read1024-round3-after.log,after,aztable,4,stream,1024,PASS,lifecycle,AddEntity,POST,204,false,false,260
local,local-read1024-round3-after.log,after,aztable,4,stream,1024,PASS,lifecycle,CreateTable,POST,201,false,false,10
local,local-read1024-round3-after.log,after,aztable,4,stream,1024,PASS,lifecycle,DeleteEntity,DELETE,204,false,false,8
local,local-read1024-round3-after.log,after,aztable,4,stream,1024,PASS,lifecycle,DeleteTable,DELETE,204,false,false,10
local,local-read1024-round3-after.log,after,aztable,4,stream,1024,PASS,lifecycle,GetEntity,GET,200,false,false,4
local,local-read1024-round3-after.log,after,aztable,4,stream,1024,PASS,lifecycle,GetEntity,GET,404,false,true,4
local,local-read1024-round3-after.log,after,aztable,4,stream,1024,PASS,lifecycle,QueryEntities,GET,200,false,false,136
local,local-read1024-round3-before.log,before,azblob,1,stream,1024,PASS,workload,AppendBlock,PUT,201,false,false,65
local,local-read1024-round3-before.log,before,azblob,1,stream,1024,PASS,workload,DeleteBlob,DELETE,202,false,false,1
local,local-read1024-round3-before.log,before,azblob,1,stream,1024,PASS,workload,DownloadBlob,GET,206,false,false,166
local,local-read1024-round3-before.log,before,azblob,1,stream,1024,PASS,workload,DownloadBlob,GET,416,false,true,2
local,local-read1024-round3-before.log,before,azblob,1,stream,1024,PASS,lifecycle,AppendBlock,PUT,201,false,false,65
local,local-read1024-round3-before.log,before,azblob,1,stream,1024,PASS,lifecycle,CreateContainer,PUT,201,false,false,3
local,local-read1024-round3-before.log,before,azblob,1,stream,1024,PASS,lifecycle,DeleteBlob,DELETE,202,false,false,2
local,local-read1024-round3-before.log,before,azblob,1,stream,1024,PASS,lifecycle,DeleteContainer,DELETE,202,false,false,3
local,local-read1024-round3-before.log,before,azblob,1,stream,1024,PASS,lifecycle,DownloadBlob,GET,200,false,false,1
local,local-read1024-round3-before.log,before,azblob,1,stream,1024,PASS,lifecycle,DownloadBlob,GET,206,false,false,166
local,local-read1024-round3-before.log,before,azblob,1,stream,1024,PASS,lifecycle,DownloadBlob,GET,404,false,true,1
local,local-read1024-round3-before.log,before,azblob,1,stream,1024,PASS,lifecycle,DownloadBlob,GET,416,false,true,2
local,local-read1024-round3-before.log,before,azblob,1,stream,1024,PASS,lifecycle,ListBlobs,GET,200,false,false,5
local,local-read1024-round3-before.log,before,azblob,1,stream,1024,PASS,lifecycle,PutBlob,PUT,201,false,false,4
local,local-read1024-round3-before.log,before,azblob,4,stream,1024,PASS,workload,AppendBlock,PUT,201,false,false,260
local,local-read1024-round3-before.log,before,azblob,4,stream,1024,PASS,workload,DeleteBlob,DELETE,202,false,false,4
local,local-read1024-round3-before.log,before,azblob,4,stream,1024,PASS,workload,DownloadBlob,GET,206,false,false,371
local,local-read1024-round3-before.log,before,azblob,4,stream,1024,PASS,workload,DownloadBlob,GET,416,false,true,9
local,local-read1024-round3-before.log,before,azblob,4,stream,1024,PASS,lifecycle,AppendBlock,PUT,201,false,false,260
local,local-read1024-round3-before.log,before,azblob,4,stream,1024,PASS,lifecycle,CreateContainer,PUT,201,false,false,6
local,local-read1024-round3-before.log,before,azblob,4,stream,1024,PASS,lifecycle,DeleteBlob,DELETE,202,false,false,8
local,local-read1024-round3-before.log,before,azblob,4,stream,1024,PASS,lifecycle,DeleteContainer,DELETE,202,false,false,6
local,local-read1024-round3-before.log,before,azblob,4,stream,1024,PASS,lifecycle,DownloadBlob,GET,200,false,false,4
local,local-read1024-round3-before.log,before,azblob,4,stream,1024,PASS,lifecycle,DownloadBlob,GET,206,false,false,371
local,local-read1024-round3-before.log,before,azblob,4,stream,1024,PASS,lifecycle,DownloadBlob,GET,404,false,true,4
local,local-read1024-round3-before.log,before,azblob,4,stream,1024,PASS,lifecycle,DownloadBlob,GET,416,false,true,9
local,local-read1024-round3-before.log,before,azblob,4,stream,1024,PASS,lifecycle,ListBlobs,GET,200,false,false,11
local,local-read1024-round3-before.log,before,azblob,4,stream,1024,PASS,lifecycle,PutBlob,PUT,201,false,false,16
local,local-read1024-round3-before.log,before,azqueue,1,stream,1024,PASS,workload,DeleteMessage,DELETE,204,false,false,130
local,local-read1024-round3-before.log,before,azqueue,1,stream,1024,PASS,workload,DequeueMessages,GET,200,false,false,280
local,local-read1024-round3-before.log,before,azqueue,1,stream,1024,PASS,workload,EnqueueMessage,POST,201,false,false,129
local,local-read1024-round3-before.log,before,azqueue,1,stream,1024,PASS,lifecycle,CreateQueue,PUT,201,false,false,4
local,local-read1024-round3-before.log,before,azqueue,1,stream,1024,PASS,lifecycle,DeleteMessage,DELETE,204,false,false,131
local,local-read1024-round3-before.log,before,azqueue,1,stream,1024,PASS,lifecycle,DeleteQueue,DELETE,204,false,false,4
local,local-read1024-round3-before.log,before,azqueue,1,stream,1024,PASS,lifecycle,DequeueMessages,GET,200,false,false,282
local,local-read1024-round3-before.log,before,azqueue,1,stream,1024,PASS,lifecycle,EnqueueMessage,POST,201,false,false,131
local,local-read1024-round3-before.log,before,azqueue,1,stream,1024,PASS,lifecycle,PeekMessages,GET,200,false,false,2
local,local-read1024-round3-before.log,before,azqueue,4,stream,1024,PASS,workload,DeleteMessage,DELETE,204,false,false,520
local,local-read1024-round3-before.log,before,azqueue,4,stream,1024,PASS,workload,DequeueMessages,GET,200,false,false,1808
local,local-read1024-round3-before.log,before,azqueue,4,stream,1024,PASS,workload,EnqueueMessage,POST,201,false,false,516
local,local-read1024-round3-before.log,before,azqueue,4,stream,1024,PASS,lifecycle,CreateQueue,PUT,201,false,false,10
local,local-read1024-round3-before.log,before,azqueue,4,stream,1024,PASS,lifecycle,DeleteMessage,DELETE,204,false,false,524
local,local-read1024-round3-before.log,before,azqueue,4,stream,1024,PASS,lifecycle,DeleteQueue,DELETE,204,false,false,10
local,local-read1024-round3-before.log,before,azqueue,4,stream,1024,PASS,lifecycle,DequeueMessages,GET,200,false,false,1820
local,local-read1024-round3-before.log,before,azqueue,4,stream,1024,PASS,lifecycle,EnqueueMessage,POST,201,false,false,524
local,local-read1024-round3-before.log,before,azqueue,4,stream,1024,PASS,lifecycle,PeekMessages,GET,200,false,false,8
local,local-read1024-round3-before.log,before,aztable,1,stream,1024,PASS,workload,AddEntity,POST,204,false,false,65
local,local-read1024-round3-before.log,before,aztable,1,stream,1024,PASS,workload,DeleteEntity,DELETE,204,false,false,1
local,local-read1024-round3-before.log,before,aztable,1,stream,1024,PASS,workload,QueryEntities,GET,200,false,false,19
local,local-read1024-round3-before.log,before,aztable,1,stream,1024,PASS,lifecycle,AddEntity,POST,201,false,false,2
local,local-read1024-round3-before.log,before,aztable,1,stream,1024,PASS,lifecycle,AddEntity,POST,204,false,false,65
local,local-read1024-round3-before.log,before,aztable,1,stream,1024,PASS,lifecycle,CreateTable,POST,201,false,false,4
local,local-read1024-round3-before.log,before,aztable,1,stream,1024,PASS,lifecycle,DeleteEntity,DELETE,204,false,false,2
local,local-read1024-round3-before.log,before,aztable,1,stream,1024,PASS,lifecycle,DeleteTable,DELETE,204,false,false,4
local,local-read1024-round3-before.log,before,aztable,1,stream,1024,PASS,lifecycle,GetEntity,GET,200,false,false,1
local,local-read1024-round3-before.log,before,aztable,1,stream,1024,PASS,lifecycle,GetEntity,GET,404,false,true,1
local,local-read1024-round3-before.log,before,aztable,1,stream,1024,PASS,lifecycle,QueryEntities,GET,200,false,false,21
local,local-read1024-round3-before.log,before,aztable,4,stream,1024,PASS,workload,AddEntity,POST,204,false,false,260
local,local-read1024-round3-before.log,before,aztable,4,stream,1024,PASS,workload,DeleteEntity,DELETE,204,false,false,4
local,local-read1024-round3-before.log,before,aztable,4,stream,1024,PASS,workload,QueryEntities,GET,200,false,false,130
local,local-read1024-round3-before.log,before,aztable,4,stream,1024,PASS,lifecycle,AddEntity,POST,201,false,false,8
local,local-read1024-round3-before.log,before,aztable,4,stream,1024,PASS,lifecycle,AddEntity,POST,204,false,false,260
local,local-read1024-round3-before.log,before,aztable,4,stream,1024,PASS,lifecycle,CreateTable,POST,201,false,false,10
local,local-read1024-round3-before.log,before,aztable,4,stream,1024,PASS,lifecycle,DeleteEntity,DELETE,204,false,false,8
local,local-read1024-round3-before.log,before,aztable,4,stream,1024,PASS,lifecycle,DeleteTable,DELETE,204,false,false,10
local,local-read1024-round3-before.log,before,aztable,4,stream,1024,PASS,lifecycle,GetEntity,GET,200,false,false,4
local,local-read1024-round3-before.log,before,aztable,4,stream,1024,PASS,lifecycle,GetEntity,GET,404,false,true,4
local,local-read1024-round3-before.log,before,aztable,4,stream,1024,PASS,lifecycle,QueryEntities,GET,200,false,false,138
local,local-read64-round1-after.log,after,azblob,1,idle,64,PASS,workload,DownloadBlob,GET,416,false,true,70
local,local-read64-round1-after.log,after,azblob,1,idle,64,PASS,lifecycle,AppendBlock,PUT,201,false,false,1
local,local-read64-round1-after.log,after,azblob,1,idle,64,PASS,lifecycle,CreateContainer,PUT,201,false,false,3
local,local-read64-round1-after.log,after,azblob,1,idle,64,PASS,lifecycle,DeleteBlob,DELETE,202,false,false,2
local,local-read64-round1-after.log,after,azblob,1,idle,64,PASS,lifecycle,DeleteContainer,DELETE,202,false,false,3
local,local-read64-round1-after.log,after,azblob,1,idle,64,PASS,lifecycle,DownloadBlob,GET,200,false,false,1
local,local-read64-round1-after.log,after,azblob,1,idle,64,PASS,lifecycle,DownloadBlob,GET,404,false,true,2
local,local-read64-round1-after.log,after,azblob,1,idle,64,PASS,lifecycle,DownloadBlob,GET,416,false,true,70
local,local-read64-round1-after.log,after,azblob,1,idle,64,PASS,lifecycle,ListBlobs,GET,200,false,false,2
local,local-read64-round1-after.log,after,azblob,1,idle,64,PASS,lifecycle,PutBlob,PUT,201,false,false,4
local,local-read64-round1-after.log,after,azblob,1,interactive,64,PASS,workload,AppendBlock,PUT,201,false,false,32
local,local-read64-round1-after.log,after,azblob,1,interactive,64,PASS,workload,DeleteBlob,DELETE,202,false,false,1
local,local-read64-round1-after.log,after,azblob,1,interactive,64,PASS,workload,DownloadBlob,GET,206,false,false,32
local,local-read64-round1-after.log,after,azblob,1,interactive,64,PASS,lifecycle,AppendBlock,PUT,201,false,false,33
local,local-read64-round1-after.log,after,azblob,1,interactive,64,PASS,lifecycle,CreateContainer,PUT,201,false,false,3
local,local-read64-round1-after.log,after,azblob,1,interactive,64,PASS,lifecycle,DeleteBlob,DELETE,202,false,false,2
local,local-read64-round1-after.log,after,azblob,1,interactive,64,PASS,lifecycle,DeleteContainer,DELETE,202,false,false,3
local,local-read64-round1-after.log,after,azblob,1,interactive,64,PASS,lifecycle,DownloadBlob,GET,200,false,false,1
local,local-read64-round1-after.log,after,azblob,1,interactive,64,PASS,lifecycle,DownloadBlob,GET,206,false,false,32
local,local-read64-round1-after.log,after,azblob,1,interactive,64,PASS,lifecycle,DownloadBlob,GET,404,false,true,2
local,local-read64-round1-after.log,after,azblob,1,interactive,64,PASS,lifecycle,ListBlobs,GET,200,false,false,2
local,local-read64-round1-after.log,after,azblob,1,interactive,64,PASS,lifecycle,PutBlob,PUT,201,false,false,4
local,local-read64-round1-after.log,after,azblob,1,stream,64,PASS,workload,AppendBlock,PUT,201,false,false,65
local,local-read64-round1-after.log,after,azblob,1,stream,64,PASS,workload,DeleteBlob,DELETE,202,false,false,1
local,local-read64-round1-after.log,after,azblob,1,stream,64,PASS,workload,DownloadBlob,GET,206,false,false,145
local,local-read64-round1-after.log,after,azblob,1,stream,64,PASS,workload,DownloadBlob,GET,416,false,true,2
local,local-read64-round1-after.log,after,azblob,1,stream,64,PASS,lifecycle,AppendBlock,PUT,201,false,false,65
local,local-read64-round1-after.log,after,azblob,1,stream,64,PASS,lifecycle,CreateContainer,PUT,201,false,false,3
local,local-read64-round1-after.log,after,azblob,1,stream,64,PASS,lifecycle,DeleteBlob,DELETE,202,false,false,2
local,local-read64-round1-after.log,after,azblob,1,stream,64,PASS,lifecycle,DeleteContainer,DELETE,202,false,false,3
local,local-read64-round1-after.log,after,azblob,1,stream,64,PASS,lifecycle,DownloadBlob,GET,200,false,false,1
local,local-read64-round1-after.log,after,azblob,1,stream,64,PASS,lifecycle,DownloadBlob,GET,206,false,false,145
local,local-read64-round1-after.log,after,azblob,1,stream,64,PASS,lifecycle,DownloadBlob,GET,404,false,true,1
local,local-read64-round1-after.log,after,azblob,1,stream,64,PASS,lifecycle,DownloadBlob,GET,416,false,true,2
local,local-read64-round1-after.log,after,azblob,1,stream,64,PASS,lifecycle,ListBlobs,GET,200,false,false,3
local,local-read64-round1-after.log,after,azblob,1,stream,64,PASS,lifecycle,PutBlob,PUT,201,false,false,4
local,local-read64-round1-after.log,after,azblob,1,duplex,64,PASS,workload,AppendBlock,PUT,201,false,false,130
local,local-read64-round1-after.log,after,azblob,1,duplex,64,PASS,workload,DeleteBlob,DELETE,202,false,false,1
local,local-read64-round1-after.log,after,azblob,1,duplex,64,PASS,workload,DownloadBlob,GET,206,false,false,212
local,local-read64-round1-after.log,after,azblob,1,duplex,64,PASS,workload,DownloadBlob,GET,416,false,true,5
local,local-read64-round1-after.log,after,azblob,1,duplex,64,PASS,lifecycle,AppendBlock,PUT,201,false,false,130
local,local-read64-round1-after.log,after,azblob,1,duplex,64,PASS,lifecycle,CreateContainer,PUT,201,false,false,3
local,local-read64-round1-after.log,after,azblob,1,duplex,64,PASS,lifecycle,DeleteBlob,DELETE,202,false,false,2
local,local-read64-round1-after.log,after,azblob,1,duplex,64,PASS,lifecycle,DeleteContainer,DELETE,202,false,false,3
local,local-read64-round1-after.log,after,azblob,1,duplex,64,PASS,lifecycle,DownloadBlob,GET,200,false,false,1
local,local-read64-round1-after.log,after,azblob,1,duplex,64,PASS,lifecycle,DownloadBlob,GET,206,false,false,212
local,local-read64-round1-after.log,after,azblob,1,duplex,64,PASS,lifecycle,DownloadBlob,GET,404,false,true,1
local,local-read64-round1-after.log,after,azblob,1,duplex,64,PASS,lifecycle,DownloadBlob,GET,416,false,true,5
local,local-read64-round1-after.log,after,azblob,1,duplex,64,PASS,lifecycle,ListBlobs,GET,200,false,false,2
local,local-read64-round1-after.log,after,azblob,1,duplex,64,PASS,lifecycle,PutBlob,PUT,201,false,false,4
local,local-read64-round1-after.log,after,azblob,1,wake,64,PASS,workload,AppendBlock,PUT,201,false,false,1
local,local-read64-round1-after.log,after,azblob,1,wake,64,PASS,workload,DownloadBlob,GET,206,false,false,1
local,local-read64-round1-after.log,after,azblob,1,wake,64,PASS,workload,DownloadBlob,GET,416,false,true,74
local,local-read64-round1-after.log,after,azblob,1,wake,64,PASS,lifecycle,AppendBlock,PUT,201,false,false,2
local,local-read64-round1-after.log,after,azblob,1,wake,64,PASS,lifecycle,CreateContainer,PUT,201,false,false,3
local,local-read64-round1-after.log,after,azblob,1,wake,64,PASS,lifecycle,DeleteBlob,DELETE,202,false,false,2
local,local-read64-round1-after.log,after,azblob,1,wake,64,PASS,lifecycle,DeleteContainer,DELETE,202,false,false,3
local,local-read64-round1-after.log,after,azblob,1,wake,64,PASS,lifecycle,DownloadBlob,GET,200,false,false,1
local,local-read64-round1-after.log,after,azblob,1,wake,64,PASS,lifecycle,DownloadBlob,GET,206,false,false,1
local,local-read64-round1-after.log,after,azblob,1,wake,64,PASS,lifecycle,DownloadBlob,GET,404,false,true,1
local,local-read64-round1-after.log,after,azblob,1,wake,64,PASS,lifecycle,DownloadBlob,GET,416,false,true,74
local,local-read64-round1-after.log,after,azblob,1,wake,64,PASS,lifecycle,ListBlobs,GET,200,false,false,2
local,local-read64-round1-after.log,after,azblob,1,wake,64,PASS,lifecycle,PutBlob,PUT,201,false,false,4
local,local-read64-round1-after.log,after,azblob,4,idle,64,PASS,workload,DownloadBlob,GET,416,false,true,322
local,local-read64-round1-after.log,after,azblob,4,idle,64,PASS,lifecycle,AppendBlock,PUT,201,false,false,4
local,local-read64-round1-after.log,after,azblob,4,idle,64,PASS,lifecycle,CreateContainer,PUT,201,false,false,6
local,local-read64-round1-after.log,after,azblob,4,idle,64,PASS,lifecycle,DeleteBlob,DELETE,202,false,false,8
local,local-read64-round1-after.log,after,azblob,4,idle,64,PASS,lifecycle,DeleteContainer,DELETE,202,false,false,6
local,local-read64-round1-after.log,after,azblob,4,idle,64,PASS,lifecycle,DownloadBlob,GET,200,false,false,4
local,local-read64-round1-after.log,after,azblob,4,idle,64,PASS,lifecycle,DownloadBlob,GET,404,false,true,7
local,local-read64-round1-after.log,after,azblob,4,idle,64,PASS,lifecycle,DownloadBlob,GET,416,false,true,322
local,local-read64-round1-after.log,after,azblob,4,idle,64,PASS,lifecycle,ListBlobs,GET,200,false,false,11
local,local-read64-round1-after.log,after,azblob,4,idle,64,PASS,lifecycle,PutBlob,PUT,201,false,false,16
local,local-read64-round1-after.log,after,azblob,4,interactive,64,PASS,workload,AppendBlock,PUT,201,false,false,128
local,local-read64-round1-after.log,after,azblob,4,interactive,64,PASS,workload,DeleteBlob,DELETE,202,false,false,4
local,local-read64-round1-after.log,after,azblob,4,interactive,64,PASS,workload,DownloadBlob,GET,206,false,false,128
local,local-read64-round1-after.log,after,azblob,4,interactive,64,PASS,lifecycle,AppendBlock,PUT,201,false,false,132
local,local-read64-round1-after.log,after,azblob,4,interactive,64,PASS,lifecycle,CreateContainer,PUT,201,false,false,6
local,local-read64-round1-after.log,after,azblob,4,interactive,64,PASS,lifecycle,DeleteBlob,DELETE,202,false,false,8
local,local-read64-round1-after.log,after,azblob,4,interactive,64,PASS,lifecycle,DeleteContainer,DELETE,202,false,false,6
local,local-read64-round1-after.log,after,azblob,4,interactive,64,PASS,lifecycle,DownloadBlob,GET,200,false,false,4
local,local-read64-round1-after.log,after,azblob,4,interactive,64,PASS,lifecycle,DownloadBlob,GET,206,false,false,128
local,local-read64-round1-after.log,after,azblob,4,interactive,64,PASS,lifecycle,DownloadBlob,GET,404,false,true,4
local,local-read64-round1-after.log,after,azblob,4,interactive,64,PASS,lifecycle,ListBlobs,GET,200,false,false,11
local,local-read64-round1-after.log,after,azblob,4,interactive,64,PASS,lifecycle,PutBlob,PUT,201,false,false,16
local,local-read64-round1-after.log,after,azblob,4,stream,64,PASS,workload,AppendBlock,PUT,201,false,false,260
local,local-read64-round1-after.log,after,azblob,4,stream,64,PASS,workload,DeleteBlob,DELETE,202,false,false,4
local,local-read64-round1-after.log,after,azblob,4,stream,64,PASS,workload,DownloadBlob,GET,206,false,false,253
local,local-read64-round1-after.log,after,azblob,4,stream,64,PASS,workload,DownloadBlob,GET,416,false,true,10
local,local-read64-round1-after.log,after,azblob,4,stream,64,PASS,lifecycle,AppendBlock,PUT,201,false,false,260
local,local-read64-round1-after.log,after,azblob,4,stream,64,PASS,lifecycle,CreateContainer,PUT,201,false,false,6
local,local-read64-round1-after.log,after,azblob,4,stream,64,PASS,lifecycle,DeleteBlob,DELETE,202,false,false,8
local,local-read64-round1-after.log,after,azblob,4,stream,64,PASS,lifecycle,DeleteContainer,DELETE,202,false,false,6
local,local-read64-round1-after.log,after,azblob,4,stream,64,PASS,lifecycle,DownloadBlob,GET,200,false,false,4
local,local-read64-round1-after.log,after,azblob,4,stream,64,PASS,lifecycle,DownloadBlob,GET,206,false,false,253
local,local-read64-round1-after.log,after,azblob,4,stream,64,PASS,lifecycle,DownloadBlob,GET,404,false,true,4
local,local-read64-round1-after.log,after,azblob,4,stream,64,PASS,lifecycle,DownloadBlob,GET,416,false,true,10
local,local-read64-round1-after.log,after,azblob,4,stream,64,PASS,lifecycle,ListBlobs,GET,200,false,false,9
local,local-read64-round1-after.log,after,azblob,4,stream,64,PASS,lifecycle,PutBlob,PUT,201,false,false,16
local,local-read64-round1-after.log,after,azblob,4,duplex,64,PASS,workload,AppendBlock,PUT,201,false,false,520
local,local-read64-round1-after.log,after,azblob,4,duplex,64,PASS,workload,DeleteBlob,DELETE,202,false,false,4
local,local-read64-round1-after.log,after,azblob,4,duplex,64,PASS,workload,DownloadBlob,GET,206,false,false,271
local,local-read64-round1-after.log,after,azblob,4,duplex,64,PASS,workload,DownloadBlob,GET,416,false,true,17
local,local-read64-round1-after.log,after,azblob,4,duplex,64,PASS,lifecycle,AppendBlock,PUT,201,false,false,520
local,local-read64-round1-after.log,after,azblob,4,duplex,64,PASS,lifecycle,CreateContainer,PUT,201,false,false,6
local,local-read64-round1-after.log,after,azblob,4,duplex,64,PASS,lifecycle,DeleteBlob,DELETE,202,false,false,8
local,local-read64-round1-after.log,after,azblob,4,duplex,64,PASS,lifecycle,DeleteContainer,DELETE,202,false,false,6
local,local-read64-round1-after.log,after,azblob,4,duplex,64,PASS,lifecycle,DownloadBlob,GET,200,false,false,4
local,local-read64-round1-after.log,after,azblob,4,duplex,64,PASS,lifecycle,DownloadBlob,GET,206,false,false,271
local,local-read64-round1-after.log,after,azblob,4,duplex,64,PASS,lifecycle,DownloadBlob,GET,404,false,true,4
local,local-read64-round1-after.log,after,azblob,4,duplex,64,PASS,lifecycle,DownloadBlob,GET,416,false,true,17
local,local-read64-round1-after.log,after,azblob,4,duplex,64,PASS,lifecycle,ListBlobs,GET,200,false,false,8
local,local-read64-round1-after.log,after,azblob,4,duplex,64,PASS,lifecycle,PutBlob,PUT,201,false,false,16
local,local-read64-round1-after.log,after,azblob,4,wake,64,PASS,workload,AppendBlock,PUT,201,false,false,4
local,local-read64-round1-after.log,after,azblob,4,wake,64,PASS,workload,DeleteBlob,DELETE,202,false,false,3
local,local-read64-round1-after.log,after,azblob,4,wake,64,PASS,workload,DownloadBlob,GET,206,false,false,4
local,local-read64-round1-after.log,after,azblob,4,wake,64,PASS,workload,DownloadBlob,GET,416,false,true,324
local,local-read64-round1-after.log,after,azblob,4,wake,64,PASS,lifecycle,AppendBlock,PUT,201,false,false,8
local,local-read64-round1-after.log,after,azblob,4,wake,64,PASS,lifecycle,CreateContainer,PUT,201,false,false,6
local,local-read64-round1-after.log,after,azblob,4,wake,64,PASS,lifecycle,DeleteBlob,DELETE,202,false,false,8
local,local-read64-round1-after.log,after,azblob,4,wake,64,PASS,lifecycle,DeleteContainer,DELETE,202,false,false,6
local,local-read64-round1-after.log,after,azblob,4,wake,64,PASS,lifecycle,DownloadBlob,GET,200,false,false,4
local,local-read64-round1-after.log,after,azblob,4,wake,64,PASS,lifecycle,DownloadBlob,GET,206,false,false,4
local,local-read64-round1-after.log,after,azblob,4,wake,64,PASS,lifecycle,DownloadBlob,GET,404,false,true,4
local,local-read64-round1-after.log,after,azblob,4,wake,64,PASS,lifecycle,DownloadBlob,GET,416,false,true,324
local,local-read64-round1-after.log,after,azblob,4,wake,64,PASS,lifecycle,ListBlobs,GET,200,false,false,8
local,local-read64-round1-after.log,after,azblob,4,wake,64,PASS,lifecycle,PutBlob,PUT,201,false,false,16
local,local-read64-round1-after.log,after,azqueue,1,idle,64,PASS,workload,DequeueMessages,GET,200,false,false,72
local,local-read64-round1-after.log,after,azqueue,1,idle,64,PASS,lifecycle,CreateQueue,PUT,201,false,false,4
local,local-read64-round1-after.log,after,azqueue,1,idle,64,PASS,lifecycle,DeleteMessage,DELETE,204,false,false,2
local,local-read64-round1-after.log,after,azqueue,1,idle,64,PASS,lifecycle,DeleteQueue,DELETE,204,false,false,4
local,local-read64-round1-after.log,after,azqueue,1,idle,64,PASS,lifecycle,DequeueMessages,GET,200,false,false,75
local,local-read64-round1-after.log,after,azqueue,1,idle,64,PASS,lifecycle,EnqueueMessage,POST,201,false,false,3
local,local-read64-round1-after.log,after,azqueue,1,idle,64,PASS,lifecycle,PeekMessages,GET,200,false,false,2
local,local-read64-round1-after.log,after,azqueue,1,interactive,64,PASS,workload,DeleteMessage,DELETE,204,false,false,33
local,local-read64-round1-after.log,after,azqueue,1,interactive,64,PASS,workload,DequeueMessages,GET,200,false,false,32
local,local-read64-round1-after.log,after,azqueue,1,interactive,64,PASS,workload,EnqueueMessage,POST,201,false,false,32
local,local-read64-round1-after.log,after,azqueue,1,interactive,64,PASS,lifecycle,CreateQueue,PUT,201,false,false,4
local,local-read64-round1-after.log,after,azqueue,1,interactive,64,PASS,lifecycle,DeleteMessage,DELETE,204,false,false,34
local,local-read64-round1-after.log,after,azqueue,1,interactive,64,PASS,lifecycle,DeleteQueue,DELETE,204,false,false,4
local,local-read64-round1-after.log,after,azqueue,1,interactive,64,PASS,lifecycle,DequeueMessages,GET,200,false,false,35
local,local-read64-round1-after.log,after,azqueue,1,interactive,64,PASS,lifecycle,EnqueueMessage,POST,201,false,false,35
local,local-read64-round1-after.log,after,azqueue,1,interactive,64,PASS,lifecycle,PeekMessages,GET,200,false,false,3
local,local-read64-round1-after.log,after,azqueue,1,stream,64,PASS,workload,DeleteMessage,DELETE,204,false,false,130
local,local-read64-round1-after.log,after,azqueue,1,stream,64,PASS,workload,DequeueMessages,GET,200,false,false,295
local,local-read64-round1-after.log,after,azqueue,1,stream,64,PASS,workload,EnqueueMessage,POST,201,false,false,129
local,local-read64-round1-after.log,after,azqueue,1,stream,64,PASS,lifecycle,CreateQueue,PUT,201,false,false,4
local,local-read64-round1-after.log,after,azqueue,1,stream,64,PASS,lifecycle,DeleteMessage,DELETE,204,false,false,131
local,local-read64-round1-after.log,after,azqueue,1,stream,64,PASS,lifecycle,DeleteQueue,DELETE,204,false,false,4
local,local-read64-round1-after.log,after,azqueue,1,stream,64,PASS,lifecycle,DequeueMessages,GET,200,false,false,301
local,local-read64-round1-after.log,after,azqueue,1,stream,64,PASS,lifecycle,EnqueueMessage,POST,201,false,false,131
local,local-read64-round1-after.log,after,azqueue,1,stream,64,PASS,lifecycle,PeekMessages,GET,200,false,false,2
local,local-read64-round1-after.log,after,azqueue,1,duplex,64,PASS,workload,DeleteMessage,DELETE,204,false,false,259
local,local-read64-round1-after.log,after,azqueue,1,duplex,64,PASS,workload,DequeueMessages,GET,200,false,false,484
local,local-read64-round1-after.log,after,azqueue,1,duplex,64,PASS,workload,EnqueueMessage,POST,201,false,false,258
local,local-read64-round1-after.log,after,azqueue,1,duplex,64,PASS,lifecycle,CreateQueue,PUT,201,false,false,4
local,local-read64-round1-after.log,after,azqueue,1,duplex,64,PASS,lifecycle,DeleteMessage,DELETE,204,false,false,260
local,local-read64-round1-after.log,after,azqueue,1,duplex,64,PASS,lifecycle,DeleteQueue,DELETE,204,false,false,4
local,local-read64-round1-after.log,after,azqueue,1,duplex,64,PASS,lifecycle,DequeueMessages,GET,200,false,false,486
local,local-read64-round1-after.log,after,azqueue,1,duplex,64,PASS,lifecycle,EnqueueMessage,POST,201,false,false,260
local,local-read64-round1-after.log,after,azqueue,1,duplex,64,PASS,lifecycle,PeekMessages,GET,200,false,false,2
local,local-read64-round1-after.log,after,azqueue,1,wake,64,PASS,workload,DeleteMessage,DELETE,204,false,false,1
local,local-read64-round1-after.log,after,azqueue,1,wake,64,PASS,workload,DequeueMessages,GET,200,false,false,78
local,local-read64-round1-after.log,after,azqueue,1,wake,64,PASS,workload,EnqueueMessage,POST,201,false,false,1
local,local-read64-round1-after.log,after,azqueue,1,wake,64,PASS,lifecycle,CreateQueue,PUT,201,false,false,4
local,local-read64-round1-after.log,after,azqueue,1,wake,64,PASS,lifecycle,DeleteMessage,DELETE,204,false,false,3
local,local-read64-round1-after.log,after,azqueue,1,wake,64,PASS,lifecycle,DeleteQueue,DELETE,204,false,false,4
local,local-read64-round1-after.log,after,azqueue,1,wake,64,PASS,lifecycle,DequeueMessages,GET,200,false,false,80
local,local-read64-round1-after.log,after,azqueue,1,wake,64,PASS,lifecycle,EnqueueMessage,POST,201,false,false,4
local,local-read64-round1-after.log,after,azqueue,1,wake,64,PASS,lifecycle,PeekMessages,GET,200,false,false,2
local,local-read64-round1-after.log,after,azqueue,4,idle,64,PASS,workload,DequeueMessages,GET,200,false,false,312
local,local-read64-round1-after.log,after,azqueue,4,idle,64,PASS,lifecycle,CreateQueue,PUT,201,false,false,10
local,local-read64-round1-after.log,after,azqueue,4,idle,64,PASS,lifecycle,DeleteMessage,DELETE,204,false,false,8
local,local-read64-round1-after.log,after,azqueue,4,idle,64,PASS,lifecycle,DeleteQueue,DELETE,204,false,false,10
local,local-read64-round1-after.log,after,azqueue,4,idle,64,PASS,lifecycle,DequeueMessages,GET,200,false,false,325
local,local-read64-round1-after.log,after,azqueue,4,idle,64,PASS,lifecycle,EnqueueMessage,POST,201,false,false,12
local,local-read64-round1-after.log,after,azqueue,4,idle,64,PASS,lifecycle,PeekMessages,GET,200,false,false,9
local,local-read64-round1-after.log,after,azqueue,4,interactive,64,PASS,workload,DeleteMessage,DELETE,204,false,false,132
local,local-read64-round1-after.log,after,azqueue,4,interactive,64,PASS,workload,DequeueMessages,GET,200,false,false,128
local,local-read64-round1-after.log,after,azqueue,4,interactive,64,PASS,workload,EnqueueMessage,POST,201,false,false,128
local,local-read64-round1-after.log,after,azqueue,4,interactive,64,PASS,lifecycle,CreateQueue,PUT,201,false,false,10
local,local-read64-round1-after.log,after,azqueue,4,interactive,64,PASS,lifecycle,DeleteMessage,DELETE,204,false,false,136
local,local-read64-round1-after.log,after,azqueue,4,interactive,64,PASS,lifecycle,DeleteQueue,DELETE,204,false,false,10
local,local-read64-round1-after.log,after,azqueue,4,interactive,64,PASS,lifecycle,DequeueMessages,GET,200,false,false,140
local,local-read64-round1-after.log,after,azqueue,4,interactive,64,PASS,lifecycle,EnqueueMessage,POST,201,false,false,140
local,local-read64-round1-after.log,after,azqueue,4,interactive,64,PASS,lifecycle,PeekMessages,GET,200,false,false,8
local,local-read64-round1-after.log,after,azqueue,4,stream,64,PASS,workload,DeleteMessage,DELETE,204,false,false,520
local,local-read64-round1-after.log,after,azqueue,4,stream,64,PASS,workload,DequeueMessages,GET,200,false,false,1869
local,local-read64-round1-after.log,after,azqueue,4,stream,64,PASS,workload,EnqueueMessage,POST,201,false,false,516
local,local-read64-round1-after.log,after,azqueue,4,stream,64,PASS,lifecycle,CreateQueue,PUT,201,false,false,10
local,local-read64-round1-after.log,after,azqueue,4,stream,64,PASS,lifecycle,DeleteMessage,DELETE,204,false,false,524
local,local-read64-round1-after.log,after,azqueue,4,stream,64,PASS,lifecycle,DeleteQueue,DELETE,204,false,false,10
local,local-read64-round1-after.log,after,azqueue,4,stream,64,PASS,lifecycle,DequeueMessages,GET,200,false,false,1878
local,local-read64-round1-after.log,after,azqueue,4,stream,64,PASS,lifecycle,EnqueueMessage,POST,201,false,false,524
local,local-read64-round1-after.log,after,azqueue,4,stream,64,PASS,lifecycle,PeekMessages,GET,200,false,false,8
local,local-read64-round1-after.log,after,azqueue,4,duplex,64,PASS,workload,DeleteMessage,DELETE,204,false,false,1036
local,local-read64-round1-after.log,after,azqueue,4,duplex,64,PASS,workload,DequeueMessages,GET,200,false,false,7358
local,local-read64-round1-after.log,after,azqueue,4,duplex,64,PASS,workload,EnqueueMessage,POST,201,false,false,1032
local,local-read64-round1-after.log,after,azqueue,4,duplex,64,PASS,lifecycle,CreateQueue,PUT,201,false,false,10
local,local-read64-round1-after.log,after,azqueue,4,duplex,64,PASS,lifecycle,DeleteMessage,DELETE,204,false,false,1040
local,local-read64-round1-after.log,after,azqueue,4,duplex,64,PASS,lifecycle,DeleteQueue,DELETE,204,false,false,10
local,local-read64-round1-after.log,after,azqueue,4,duplex,64,PASS,lifecycle,DequeueMessages,GET,200,false,false,7367
local,local-read64-round1-after.log,after,azqueue,4,duplex,64,PASS,lifecycle,EnqueueMessage,POST,201,false,false,1040
local,local-read64-round1-after.log,after,azqueue,4,duplex,64,PASS,lifecycle,PeekMessages,GET,200,false,false,8
local,local-read64-round1-after.log,after,azqueue,4,wake,64,PASS,workload,DeleteMessage,DELETE,204,false,false,7
local,local-read64-round1-after.log,after,azqueue,4,wake,64,PASS,workload,DequeueMessages,GET,200,false,false,337
local,local-read64-round1-after.log,after,azqueue,4,wake,64,PASS,workload,EnqueueMessage,POST,201,false,false,4
local,local-read64-round1-after.log,after,azqueue,4,wake,64,PASS,lifecycle,CreateQueue,PUT,201,false,false,10
local,local-read64-round1-after.log,after,azqueue,4,wake,64,PASS,lifecycle,DeleteMessage,DELETE,204,false,false,12
local,local-read64-round1-after.log,after,azqueue,4,wake,64,PASS,lifecycle,DeleteQueue,DELETE,204,false,false,10
local,local-read64-round1-after.log,after,azqueue,4,wake,64,PASS,lifecycle,DequeueMessages,GET,200,false,false,347
local,local-read64-round1-after.log,after,azqueue,4,wake,64,PASS,lifecycle,EnqueueMessage,POST,201,false,false,16
local,local-read64-round1-after.log,after,azqueue,4,wake,64,PASS,lifecycle,PeekMessages,GET,200,false,false,8
local,local-read64-round1-after.log,after,aztable,1,idle,64,PASS,workload,QueryEntities,GET,200,false,false,72
local,local-read64-round1-after.log,after,aztable,1,idle,64,PASS,lifecycle,AddEntity,POST,201,false,false,2
local,local-read64-round1-after.log,after,aztable,1,idle,64,PASS,lifecycle,AddEntity,POST,204,false,false,1
local,local-read64-round1-after.log,after,aztable,1,idle,64,PASS,lifecycle,CreateTable,POST,201,false,false,4
local,local-read64-round1-after.log,after,aztable,1,idle,64,PASS,lifecycle,DeleteEntity,DELETE,204,false,false,2
local,local-read64-round1-after.log,after,aztable,1,idle,64,PASS,lifecycle,DeleteTable,DELETE,204,false,false,4
local,local-read64-round1-after.log,after,aztable,1,idle,64,PASS,lifecycle,GetEntity,GET,200,false,false,1
local,local-read64-round1-after.log,after,aztable,1,idle,64,PASS,lifecycle,GetEntity,GET,404,false,true,1
local,local-read64-round1-after.log,after,aztable,1,idle,64,PASS,lifecycle,QueryEntities,GET,200,false,false,74
local,local-read64-round1-after.log,after,aztable,1,interactive,64,PASS,workload,AddEntity,POST,204,false,false,32
local,local-read64-round1-after.log,after,aztable,1,interactive,64,PASS,workload,DeleteEntity,DELETE,204,false,false,1
local,local-read64-round1-after.log,after,aztable,1,interactive,64,PASS,workload,QueryEntities,GET,200,false,false,32
local,local-read64-round1-after.log,after,aztable,1,interactive,64,PASS,lifecycle,AddEntity,POST,201,false,false,2
local,local-read64-round1-after.log,after,aztable,1,interactive,64,PASS,lifecycle,AddEntity,POST,204,false,false,33
local,local-read64-round1-after.log,after,aztable,1,interactive,64,PASS,lifecycle,CreateTable,POST,201,false,false,4
local,local-read64-round1-after.log,after,aztable,1,interactive,64,PASS,lifecycle,DeleteEntity,DELETE,204,false,false,2
local,local-read64-round1-after.log,after,aztable,1,interactive,64,PASS,lifecycle,DeleteTable,DELETE,204,false,false,4
local,local-read64-round1-after.log,after,aztable,1,interactive,64,PASS,lifecycle,GetEntity,GET,200,false,false,1
local,local-read64-round1-after.log,after,aztable,1,interactive,64,PASS,lifecycle,GetEntity,GET,404,false,true,1
local,local-read64-round1-after.log,after,aztable,1,interactive,64,PASS,lifecycle,QueryEntities,GET,200,false,false,34
local,local-read64-round1-after.log,after,aztable,1,stream,64,PASS,workload,AddEntity,POST,204,false,false,65
local,local-read64-round1-after.log,after,aztable,1,stream,64,PASS,workload,DeleteEntity,DELETE,204,false,false,1
local,local-read64-round1-after.log,after,aztable,1,stream,64,PASS,workload,QueryEntities,GET,200,false,false,19
local,local-read64-round1-after.log,after,aztable,1,stream,64,PASS,lifecycle,AddEntity,POST,201,false,false,2
local,local-read64-round1-after.log,after,aztable,1,stream,64,PASS,lifecycle,AddEntity,POST,204,false,false,65
local,local-read64-round1-after.log,after,aztable,1,stream,64,PASS,lifecycle,CreateTable,POST,201,false,false,4
local,local-read64-round1-after.log,after,aztable,1,stream,64,PASS,lifecycle,DeleteEntity,DELETE,204,false,false,2
local,local-read64-round1-after.log,after,aztable,1,stream,64,PASS,lifecycle,DeleteTable,DELETE,204,false,false,4
local,local-read64-round1-after.log,after,aztable,1,stream,64,PASS,lifecycle,GetEntity,GET,200,false,false,1
local,local-read64-round1-after.log,after,aztable,1,stream,64,PASS,lifecycle,GetEntity,GET,404,false,true,1
local,local-read64-round1-after.log,after,aztable,1,stream,64,PASS,lifecycle,QueryEntities,GET,200,false,false,21
local,local-read64-round1-after.log,after,aztable,1,duplex,64,PASS,workload,AddEntity,POST,204,false,false,130
local,local-read64-round1-after.log,after,aztable,1,duplex,64,PASS,workload,DeleteEntity,DELETE,204,false,false,1
local,local-read64-round1-after.log,after,aztable,1,duplex,64,PASS,workload,QueryEntities,GET,200,false,false,38
local,local-read64-round1-after.log,after,aztable,1,duplex,64,PASS,lifecycle,AddEntity,POST,201,false,false,2
local,local-read64-round1-after.log,after,aztable,1,duplex,64,PASS,lifecycle,AddEntity,POST,204,false,false,130
local,local-read64-round1-after.log,after,aztable,1,duplex,64,PASS,lifecycle,CreateTable,POST,201,false,false,4
local,local-read64-round1-after.log,after,aztable,1,duplex,64,PASS,lifecycle,DeleteEntity,DELETE,204,false,false,2
local,local-read64-round1-after.log,after,aztable,1,duplex,64,PASS,lifecycle,DeleteTable,DELETE,204,false,false,4
local,local-read64-round1-after.log,after,aztable,1,duplex,64,PASS,lifecycle,GetEntity,GET,200,false,false,1
local,local-read64-round1-after.log,after,aztable,1,duplex,64,PASS,lifecycle,GetEntity,GET,404,false,true,1
local,local-read64-round1-after.log,after,aztable,1,duplex,64,PASS,lifecycle,QueryEntities,GET,200,false,false,40
local,local-read64-round1-after.log,after,aztable,1,wake,64,PASS,workload,AddEntity,POST,204,false,false,1
local,local-read64-round1-after.log,after,aztable,1,wake,64,PASS,workload,QueryEntities,GET,200,false,false,77
local,local-read64-round1-after.log,after,aztable,1,wake,64,PASS,lifecycle,AddEntity,POST,201,false,false,2
local,local-read64-round1-after.log,after,aztable,1,wake,64,PASS,lifecycle,AddEntity,POST,204,false,false,2
local,local-read64-round1-after.log,after,aztable,1,wake,64,PASS,lifecycle,CreateTable,POST,201,false,false,4
local,local-read64-round1-after.log,after,aztable,1,wake,64,PASS,lifecycle,DeleteEntity,DELETE,204,false,false,2
local,local-read64-round1-after.log,after,aztable,1,wake,64,PASS,lifecycle,DeleteTable,DELETE,204,false,false,4
local,local-read64-round1-after.log,after,aztable,1,wake,64,PASS,lifecycle,GetEntity,GET,200,false,false,1
local,local-read64-round1-after.log,after,aztable,1,wake,64,PASS,lifecycle,GetEntity,GET,404,false,true,1
local,local-read64-round1-after.log,after,aztable,1,wake,64,PASS,lifecycle,QueryEntities,GET,200,false,false,79
local,local-read64-round1-after.log,after,aztable,4,idle,64,PASS,workload,QueryEntities,GET,200,false,false,323
local,local-read64-round1-after.log,after,aztable,4,idle,64,PASS,lifecycle,AddEntity,POST,201,false,false,8
local,local-read64-round1-after.log,after,aztable,4,idle,64,PASS,lifecycle,AddEntity,POST,204,false,false,4
local,local-read64-round1-after.log,after,aztable,4,idle,64,PASS,lifecycle,CreateTable,POST,201,false,false,10
local,local-read64-round1-after.log,after,aztable,4,idle,64,PASS,lifecycle,DeleteEntity,DELETE,204,false,false,8
local,local-read64-round1-after.log,after,aztable,4,idle,64,PASS,lifecycle,DeleteTable,DELETE,204,false,false,10
local,local-read64-round1-after.log,after,aztable,4,idle,64,PASS,lifecycle,GetEntity,GET,200,false,false,4
local,local-read64-round1-after.log,after,aztable,4,idle,64,PASS,lifecycle,GetEntity,GET,404,false,true,4
local,local-read64-round1-after.log,after,aztable,4,idle,64,PASS,lifecycle,QueryEntities,GET,200,false,false,330
local,local-read64-round1-after.log,after,aztable,4,interactive,64,PASS,workload,AddEntity,POST,204,false,false,128
local,local-read64-round1-after.log,after,aztable,4,interactive,64,PASS,workload,DeleteEntity,DELETE,204,false,false,4
local,local-read64-round1-after.log,after,aztable,4,interactive,64,PASS,workload,QueryEntities,GET,200,false,false,128
local,local-read64-round1-after.log,after,aztable,4,interactive,64,PASS,lifecycle,AddEntity,POST,201,false,false,8
local,local-read64-round1-after.log,after,aztable,4,interactive,64,PASS,lifecycle,AddEntity,POST,204,false,false,132
local,local-read64-round1-after.log,after,aztable,4,interactive,64,PASS,lifecycle,CreateTable,POST,201,false,false,10
local,local-read64-round1-after.log,after,aztable,4,interactive,64,PASS,lifecycle,DeleteEntity,DELETE,204,false,false,8
local,local-read64-round1-after.log,after,aztable,4,interactive,64,PASS,lifecycle,DeleteTable,DELETE,204,false,false,10
local,local-read64-round1-after.log,after,aztable,4,interactive,64,PASS,lifecycle,GetEntity,GET,200,false,false,4
local,local-read64-round1-after.log,after,aztable,4,interactive,64,PASS,lifecycle,GetEntity,GET,404,false,true,4
local,local-read64-round1-after.log,after,aztable,4,interactive,64,PASS,lifecycle,QueryEntities,GET,200,false,false,136
local,local-read64-round1-after.log,after,aztable,4,stream,64,PASS,workload,AddEntity,POST,204,false,false,260
local,local-read64-round1-after.log,after,aztable,4,stream,64,PASS,workload,DeleteEntity,DELETE,204,false,false,4
local,local-read64-round1-after.log,after,aztable,4,stream,64,PASS,workload,QueryEntities,GET,200,false,false,136
local,local-read64-round1-after.log,after,aztable,4,stream,64,PASS,lifecycle,AddEntity,POST,201,false,false,8
local,local-read64-round1-after.log,after,aztable,4,stream,64,PASS,lifecycle,AddEntity,POST,204,false,false,260
local,local-read64-round1-after.log,after,aztable,4,stream,64,PASS,lifecycle,CreateTable,POST,201,false,false,10
local,local-read64-round1-after.log,after,aztable,4,stream,64,PASS,lifecycle,DeleteEntity,DELETE,204,false,false,8
local,local-read64-round1-after.log,after,aztable,4,stream,64,PASS,lifecycle,DeleteTable,DELETE,204,false,false,10
local,local-read64-round1-after.log,after,aztable,4,stream,64,PASS,lifecycle,GetEntity,GET,200,false,false,4
local,local-read64-round1-after.log,after,aztable,4,stream,64,PASS,lifecycle,GetEntity,GET,404,false,true,4
local,local-read64-round1-after.log,after,aztable,4,stream,64,PASS,lifecycle,QueryEntities,GET,200,false,false,144
local,local-read64-round1-after.log,after,aztable,4,duplex,64,PASS,workload,AddEntity,POST,204,false,false,520
local,local-read64-round1-after.log,after,aztable,4,duplex,64,PASS,workload,DeleteEntity,DELETE,204,false,false,4
local,local-read64-round1-after.log,after,aztable,4,duplex,64,PASS,workload,QueryEntities,GET,200,false,false,403
local,local-read64-round1-after.log,after,aztable,4,duplex,64,PASS,lifecycle,AddEntity,POST,201,false,false,8
local,local-read64-round1-after.log,after,aztable,4,duplex,64,PASS,lifecycle,AddEntity,POST,204,false,false,520
local,local-read64-round1-after.log,after,aztable,4,duplex,64,PASS,lifecycle,CreateTable,POST,201,false,false,10
local,local-read64-round1-after.log,after,aztable,4,duplex,64,PASS,lifecycle,DeleteEntity,DELETE,204,false,false,8
local,local-read64-round1-after.log,after,aztable,4,duplex,64,PASS,lifecycle,DeleteTable,DELETE,204,false,false,10
local,local-read64-round1-after.log,after,aztable,4,duplex,64,PASS,lifecycle,GetEntity,GET,200,false,false,4
local,local-read64-round1-after.log,after,aztable,4,duplex,64,PASS,lifecycle,GetEntity,GET,404,false,true,4
local,local-read64-round1-after.log,after,aztable,4,duplex,64,PASS,lifecycle,QueryEntities,GET,200,false,false,411
local,local-read64-round1-after.log,after,aztable,4,wake,64,PASS,workload,AddEntity,POST,204,false,false,4
local,local-read64-round1-after.log,after,aztable,4,wake,64,PASS,workload,QueryEntities,GET,200,false,false,333
local,local-read64-round1-after.log,after,aztable,4,wake,64,PASS,lifecycle,AddEntity,POST,201,false,false,8
local,local-read64-round1-after.log,after,aztable,4,wake,64,PASS,lifecycle,AddEntity,POST,204,false,false,8
local,local-read64-round1-after.log,after,aztable,4,wake,64,PASS,lifecycle,CreateTable,POST,201,false,false,10
local,local-read64-round1-after.log,after,aztable,4,wake,64,PASS,lifecycle,DeleteEntity,DELETE,204,false,false,8
local,local-read64-round1-after.log,after,aztable,4,wake,64,PASS,lifecycle,DeleteTable,DELETE,204,false,false,10
local,local-read64-round1-after.log,after,aztable,4,wake,64,PASS,lifecycle,GetEntity,GET,200,false,false,4
local,local-read64-round1-after.log,after,aztable,4,wake,64,PASS,lifecycle,GetEntity,GET,404,false,true,4
local,local-read64-round1-after.log,after,aztable,4,wake,64,PASS,lifecycle,QueryEntities,GET,200,false,false,341
local,local-read64-round1-before.log,before,azblob,1,idle,64,PASS,workload,DownloadBlob,GET,416,false,true,72
local,local-read64-round1-before.log,before,azblob,1,idle,64,PASS,lifecycle,AppendBlock,PUT,201,false,false,1
local,local-read64-round1-before.log,before,azblob,1,idle,64,PASS,lifecycle,CreateContainer,PUT,201,false,false,3
local,local-read64-round1-before.log,before,azblob,1,idle,64,PASS,lifecycle,DeleteBlob,DELETE,202,false,false,2
local,local-read64-round1-before.log,before,azblob,1,idle,64,PASS,lifecycle,DeleteContainer,DELETE,202,false,false,3
local,local-read64-round1-before.log,before,azblob,1,idle,64,PASS,lifecycle,DownloadBlob,GET,200,false,false,1
local,local-read64-round1-before.log,before,azblob,1,idle,64,PASS,lifecycle,DownloadBlob,GET,404,false,true,2
local,local-read64-round1-before.log,before,azblob,1,idle,64,PASS,lifecycle,DownloadBlob,GET,416,false,true,72
local,local-read64-round1-before.log,before,azblob,1,idle,64,PASS,lifecycle,ListBlobs,GET,200,false,false,12
local,local-read64-round1-before.log,before,azblob,1,idle,64,PASS,lifecycle,PutBlob,PUT,201,false,false,4
local,local-read64-round1-before.log,before,azblob,1,interactive,64,PASS,workload,AppendBlock,PUT,201,false,false,32
local,local-read64-round1-before.log,before,azblob,1,interactive,64,PASS,workload,DeleteBlob,DELETE,202,false,false,1
local,local-read64-round1-before.log,before,azblob,1,interactive,64,PASS,workload,DownloadBlob,GET,206,false,false,32
local,local-read64-round1-before.log,before,azblob,1,interactive,64,PASS,lifecycle,AppendBlock,PUT,201,false,false,33
local,local-read64-round1-before.log,before,azblob,1,interactive,64,PASS,lifecycle,CreateContainer,PUT,201,false,false,3
local,local-read64-round1-before.log,before,azblob,1,interactive,64,PASS,lifecycle,DeleteBlob,DELETE,202,false,false,2
local,local-read64-round1-before.log,before,azblob,1,interactive,64,PASS,lifecycle,DeleteContainer,DELETE,202,false,false,3
local,local-read64-round1-before.log,before,azblob,1,interactive,64,PASS,lifecycle,DownloadBlob,GET,200,false,false,1
local,local-read64-round1-before.log,before,azblob,1,interactive,64,PASS,lifecycle,DownloadBlob,GET,206,false,false,32
local,local-read64-round1-before.log,before,azblob,1,interactive,64,PASS,lifecycle,DownloadBlob,GET,404,false,true,2
local,local-read64-round1-before.log,before,azblob,1,interactive,64,PASS,lifecycle,ListBlobs,GET,200,false,false,3
local,local-read64-round1-before.log,before,azblob,1,interactive,64,PASS,lifecycle,PutBlob,PUT,201,false,false,4
local,local-read64-round1-before.log,before,azblob,1,stream,64,PASS,workload,AppendBlock,PUT,201,false,false,65
local,local-read64-round1-before.log,before,azblob,1,stream,64,PASS,workload,DeleteBlob,DELETE,202,false,false,1
local,local-read64-round1-before.log,before,azblob,1,stream,64,PASS,workload,DownloadBlob,GET,206,false,false,99
local,local-read64-round1-before.log,before,azblob,1,stream,64,PASS,workload,DownloadBlob,GET,416,false,true,2
local,local-read64-round1-before.log,before,azblob,1,stream,64,PASS,lifecycle,AppendBlock,PUT,201,false,false,65
local,local-read64-round1-before.log,before,azblob,1,stream,64,PASS,lifecycle,CreateContainer,PUT,201,false,false,3
local,local-read64-round1-before.log,before,azblob,1,stream,64,PASS,lifecycle,DeleteBlob,DELETE,202,false,false,2
local,local-read64-round1-before.log,before,azblob,1,stream,64,PASS,lifecycle,DeleteContainer,DELETE,202,false,false,3
local,local-read64-round1-before.log,before,azblob,1,stream,64,PASS,lifecycle,DownloadBlob,GET,200,false,false,1
local,local-read64-round1-before.log,before,azblob,1,stream,64,PASS,lifecycle,DownloadBlob,GET,206,false,false,99
local,local-read64-round1-before.log,before,azblob,1,stream,64,PASS,lifecycle,DownloadBlob,GET,404,false,true,1
local,local-read64-round1-before.log,before,azblob,1,stream,64,PASS,lifecycle,DownloadBlob,GET,416,false,true,2
local,local-read64-round1-before.log,before,azblob,1,stream,64,PASS,lifecycle,ListBlobs,GET,200,false,false,3
local,local-read64-round1-before.log,before,azblob,1,stream,64,PASS,lifecycle,PutBlob,PUT,201,false,false,4
local,local-read64-round1-before.log,before,azblob,1,duplex,64,PASS,workload,AppendBlock,PUT,201,false,false,130
local,local-read64-round1-before.log,before,azblob,1,duplex,64,PASS,workload,DeleteBlob,DELETE,202,false,false,1
local,local-read64-round1-before.log,before,azblob,1,duplex,64,PASS,workload,DownloadBlob,GET,206,false,false,184
local,local-read64-round1-before.log,before,azblob,1,duplex,64,PASS,workload,DownloadBlob,GET,416,false,true,6
local,local-read64-round1-before.log,before,azblob,1,duplex,64,PASS,lifecycle,AppendBlock,PUT,201,false,false,130
local,local-read64-round1-before.log,before,azblob,1,duplex,64,PASS,lifecycle,CreateContainer,PUT,201,false,false,3
local,local-read64-round1-before.log,before,azblob,1,duplex,64,PASS,lifecycle,DeleteBlob,DELETE,202,false,false,2
local,local-read64-round1-before.log,before,azblob,1,duplex,64,PASS,lifecycle,DeleteContainer,DELETE,202,false,false,3
local,local-read64-round1-before.log,before,azblob,1,duplex,64,PASS,lifecycle,DownloadBlob,GET,200,false,false,1
local,local-read64-round1-before.log,before,azblob,1,duplex,64,PASS,lifecycle,DownloadBlob,GET,206,false,false,184
local,local-read64-round1-before.log,before,azblob,1,duplex,64,PASS,lifecycle,DownloadBlob,GET,404,false,true,1
local,local-read64-round1-before.log,before,azblob,1,duplex,64,PASS,lifecycle,DownloadBlob,GET,416,false,true,6
local,local-read64-round1-before.log,before,azblob,1,duplex,64,PASS,lifecycle,ListBlobs,GET,200,false,false,2
local,local-read64-round1-before.log,before,azblob,1,duplex,64,PASS,lifecycle,PutBlob,PUT,201,false,false,4
local,local-read64-round1-before.log,before,azblob,1,wake,64,PASS,workload,AppendBlock,PUT,201,false,false,1
local,local-read64-round1-before.log,before,azblob,1,wake,64,PASS,workload,DownloadBlob,GET,206,false,false,1
local,local-read64-round1-before.log,before,azblob,1,wake,64,PASS,workload,DownloadBlob,GET,416,false,true,75
local,local-read64-round1-before.log,before,azblob,1,wake,64,PASS,lifecycle,AppendBlock,PUT,201,false,false,2
local,local-read64-round1-before.log,before,azblob,1,wake,64,PASS,lifecycle,CreateContainer,PUT,201,false,false,3
local,local-read64-round1-before.log,before,azblob,1,wake,64,PASS,lifecycle,DeleteBlob,DELETE,202,false,false,2
local,local-read64-round1-before.log,before,azblob,1,wake,64,PASS,lifecycle,DeleteContainer,DELETE,202,false,false,3
local,local-read64-round1-before.log,before,azblob,1,wake,64,PASS,lifecycle,DownloadBlob,GET,200,false,false,1
local,local-read64-round1-before.log,before,azblob,1,wake,64,PASS,lifecycle,DownloadBlob,GET,206,false,false,1
local,local-read64-round1-before.log,before,azblob,1,wake,64,PASS,lifecycle,DownloadBlob,GET,404,false,true,1
local,local-read64-round1-before.log,before,azblob,1,wake,64,PASS,lifecycle,DownloadBlob,GET,416,false,true,75
local,local-read64-round1-before.log,before,azblob,1,wake,64,PASS,lifecycle,ListBlobs,GET,200,false,false,2
local,local-read64-round1-before.log,before,azblob,1,wake,64,PASS,lifecycle,PutBlob,PUT,201,false,false,4
local,local-read64-round1-before.log,before,azblob,4,idle,64,PASS,workload,DownloadBlob,GET,0,false,true,2
local,local-read64-round1-before.log,before,azblob,4,idle,64,PASS,workload,DownloadBlob,GET,416,false,true,323
local,local-read64-round1-before.log,before,azblob,4,idle,64,PASS,lifecycle,AppendBlock,PUT,201,false,false,4
local,local-read64-round1-before.log,before,azblob,4,idle,64,PASS,lifecycle,CreateContainer,PUT,201,false,false,6
local,local-read64-round1-before.log,before,azblob,4,idle,64,PASS,lifecycle,DeleteBlob,DELETE,202,false,false,8
local,local-read64-round1-before.log,before,azblob,4,idle,64,PASS,lifecycle,DeleteContainer,DELETE,202,false,false,6
local,local-read64-round1-before.log,before,azblob,4,idle,64,PASS,lifecycle,DownloadBlob,GET,0,false,true,2
local,local-read64-round1-before.log,before,azblob,4,idle,64,PASS,lifecycle,DownloadBlob,GET,200,false,false,4
local,local-read64-round1-before.log,before,azblob,4,idle,64,PASS,lifecycle,DownloadBlob,GET,404,false,true,8
local,local-read64-round1-before.log,before,azblob,4,idle,64,PASS,lifecycle,DownloadBlob,GET,416,false,true,323
local,local-read64-round1-before.log,before,azblob,4,idle,64,PASS,lifecycle,ListBlobs,GET,200,false,false,11
local,local-read64-round1-before.log,before,azblob,4,idle,64,PASS,lifecycle,PutBlob,PUT,201,false,false,16
local,local-read64-round1-before.log,before,azblob,4,interactive,64,PASS,workload,AppendBlock,PUT,201,false,false,128
local,local-read64-round1-before.log,before,azblob,4,interactive,64,PASS,workload,DeleteBlob,DELETE,202,false,false,4
local,local-read64-round1-before.log,before,azblob,4,interactive,64,PASS,workload,DownloadBlob,GET,206,false,false,128
local,local-read64-round1-before.log,before,azblob,4,interactive,64,PASS,lifecycle,AppendBlock,PUT,201,false,false,132
local,local-read64-round1-before.log,before,azblob,4,interactive,64,PASS,lifecycle,CreateContainer,PUT,201,false,false,6
local,local-read64-round1-before.log,before,azblob,4,interactive,64,PASS,lifecycle,DeleteBlob,DELETE,202,false,false,8
local,local-read64-round1-before.log,before,azblob,4,interactive,64,PASS,lifecycle,DeleteContainer,DELETE,202,false,false,6
local,local-read64-round1-before.log,before,azblob,4,interactive,64,PASS,lifecycle,DownloadBlob,GET,200,false,false,4
local,local-read64-round1-before.log,before,azblob,4,interactive,64,PASS,lifecycle,DownloadBlob,GET,206,false,false,128
local,local-read64-round1-before.log,before,azblob,4,interactive,64,PASS,lifecycle,DownloadBlob,GET,404,false,true,8
local,local-read64-round1-before.log,before,azblob,4,interactive,64,PASS,lifecycle,ListBlobs,GET,200,false,false,12
local,local-read64-round1-before.log,before,azblob,4,interactive,64,PASS,lifecycle,PutBlob,PUT,201,false,false,16
local,local-read64-round1-before.log,before,azblob,4,stream,64,PASS,workload,AppendBlock,PUT,201,false,false,260
local,local-read64-round1-before.log,before,azblob,4,stream,64,PASS,workload,DeleteBlob,DELETE,202,false,false,4
local,local-read64-round1-before.log,before,azblob,4,stream,64,PASS,workload,DownloadBlob,GET,206,false,false,229
local,local-read64-round1-before.log,before,azblob,4,stream,64,PASS,workload,DownloadBlob,GET,416,false,true,10
local,local-read64-round1-before.log,before,azblob,4,stream,64,PASS,lifecycle,AppendBlock,PUT,201,false,false,260
local,local-read64-round1-before.log,before,azblob,4,stream,64,PASS,lifecycle,CreateContainer,PUT,201,false,false,6
local,local-read64-round1-before.log,before,azblob,4,stream,64,PASS,lifecycle,DeleteBlob,DELETE,202,false,false,8
local,local-read64-round1-before.log,before,azblob,4,stream,64,PASS,lifecycle,DeleteContainer,DELETE,202,false,false,6
local,local-read64-round1-before.log,before,azblob,4,stream,64,PASS,lifecycle,DownloadBlob,GET,200,false,false,4
local,local-read64-round1-before.log,before,azblob,4,stream,64,PASS,lifecycle,DownloadBlob,GET,206,false,false,229
local,local-read64-round1-before.log,before,azblob,4,stream,64,PASS,lifecycle,DownloadBlob,GET,404,false,true,4
local,local-read64-round1-before.log,before,azblob,4,stream,64,PASS,lifecycle,DownloadBlob,GET,416,false,true,10
local,local-read64-round1-before.log,before,azblob,4,stream,64,PASS,lifecycle,ListBlobs,GET,200,false,false,11
local,local-read64-round1-before.log,before,azblob,4,stream,64,PASS,lifecycle,PutBlob,PUT,201,false,false,16
local,local-read64-round1-before.log,before,azblob,4,duplex,64,PASS,workload,AppendBlock,PUT,201,false,false,520
local,local-read64-round1-before.log,before,azblob,4,duplex,64,PASS,workload,DeleteBlob,DELETE,202,false,false,4
local,local-read64-round1-before.log,before,azblob,4,duplex,64,PASS,workload,DownloadBlob,GET,206,false,false,218
local,local-read64-round1-before.log,before,azblob,4,duplex,64,PASS,workload,DownloadBlob,GET,416,false,true,20
local,local-read64-round1-before.log,before,azblob,4,duplex,64,PASS,lifecycle,AppendBlock,PUT,201,false,false,520
local,local-read64-round1-before.log,before,azblob,4,duplex,64,PASS,lifecycle,CreateContainer,PUT,201,false,false,6
local,local-read64-round1-before.log,before,azblob,4,duplex,64,PASS,lifecycle,DeleteBlob,DELETE,202,false,false,8
local,local-read64-round1-before.log,before,azblob,4,duplex,64,PASS,lifecycle,DeleteContainer,DELETE,202,false,false,6
local,local-read64-round1-before.log,before,azblob,4,duplex,64,PASS,lifecycle,DownloadBlob,GET,200,false,false,4
local,local-read64-round1-before.log,before,azblob,4,duplex,64,PASS,lifecycle,DownloadBlob,GET,206,false,false,218
local,local-read64-round1-before.log,before,azblob,4,duplex,64,PASS,lifecycle,DownloadBlob,GET,404,false,true,4
local,local-read64-round1-before.log,before,azblob,4,duplex,64,PASS,lifecycle,DownloadBlob,GET,416,false,true,20
local,local-read64-round1-before.log,before,azblob,4,duplex,64,PASS,lifecycle,ListBlobs,GET,200,false,false,10
local,local-read64-round1-before.log,before,azblob,4,duplex,64,PASS,lifecycle,PutBlob,PUT,201,false,false,16
local,local-read64-round1-before.log,before,azblob,4,wake,64,PASS,workload,AppendBlock,PUT,201,false,false,4
local,local-read64-round1-before.log,before,azblob,4,wake,64,PASS,workload,DeleteBlob,DELETE,202,false,false,3
local,local-read64-round1-before.log,before,azblob,4,wake,64,PASS,workload,DownloadBlob,GET,206,false,false,4
local,local-read64-round1-before.log,before,azblob,4,wake,64,PASS,workload,DownloadBlob,GET,416,false,true,334
local,local-read64-round1-before.log,before,azblob,4,wake,64,PASS,lifecycle,AppendBlock,PUT,201,false,false,8
local,local-read64-round1-before.log,before,azblob,4,wake,64,PASS,lifecycle,CreateContainer,PUT,201,false,false,6
local,local-read64-round1-before.log,before,azblob,4,wake,64,PASS,lifecycle,DeleteBlob,DELETE,202,false,false,8
local,local-read64-round1-before.log,before,azblob,4,wake,64,PASS,lifecycle,DeleteContainer,DELETE,202,false,false,6
local,local-read64-round1-before.log,before,azblob,4,wake,64,PASS,lifecycle,DownloadBlob,GET,200,false,false,4
local,local-read64-round1-before.log,before,azblob,4,wake,64,PASS,lifecycle,DownloadBlob,GET,206,false,false,4
local,local-read64-round1-before.log,before,azblob,4,wake,64,PASS,lifecycle,DownloadBlob,GET,404,false,true,4
local,local-read64-round1-before.log,before,azblob,4,wake,64,PASS,lifecycle,DownloadBlob,GET,416,false,true,334
local,local-read64-round1-before.log,before,azblob,4,wake,64,PASS,lifecycle,ListBlobs,GET,200,false,false,11
local,local-read64-round1-before.log,before,azblob,4,wake,64,PASS,lifecycle,PutBlob,PUT,201,false,false,16
local,local-read64-round1-before.log,before,azqueue,1,idle,64,PASS,workload,DequeueMessages,GET,200,false,false,71
local,local-read64-round1-before.log,before,azqueue,1,idle,64,PASS,lifecycle,CreateQueue,PUT,201,false,false,4
local,local-read64-round1-before.log,before,azqueue,1,idle,64,PASS,lifecycle,DeleteMessage,DELETE,204,false,false,2
local,local-read64-round1-before.log,before,azqueue,1,idle,64,PASS,lifecycle,DeleteQueue,DELETE,204,false,false,4
local,local-read64-round1-before.log,before,azqueue,1,idle,64,PASS,lifecycle,DequeueMessages,GET,200,false,false,75
local,local-read64-round1-before.log,before,azqueue,1,idle,64,PASS,lifecycle,EnqueueMessage,POST,201,false,false,3
local,local-read64-round1-before.log,before,azqueue,1,idle,64,PASS,lifecycle,PeekMessages,GET,200,false,false,2
local,local-read64-round1-before.log,before,azqueue,1,interactive,64,PASS,workload,DeleteMessage,DELETE,204,false,false,33
local,local-read64-round1-before.log,before,azqueue,1,interactive,64,PASS,workload,DequeueMessages,GET,200,false,false,32
local,local-read64-round1-before.log,before,azqueue,1,interactive,64,PASS,workload,EnqueueMessage,POST,201,false,false,32
local,local-read64-round1-before.log,before,azqueue,1,interactive,64,PASS,lifecycle,CreateQueue,PUT,201,false,false,4
local,local-read64-round1-before.log,before,azqueue,1,interactive,64,PASS,lifecycle,DeleteMessage,DELETE,204,false,false,34
local,local-read64-round1-before.log,before,azqueue,1,interactive,64,PASS,lifecycle,DeleteQueue,DELETE,204,false,false,4
local,local-read64-round1-before.log,before,azqueue,1,interactive,64,PASS,lifecycle,DequeueMessages,GET,200,false,false,36
local,local-read64-round1-before.log,before,azqueue,1,interactive,64,PASS,lifecycle,EnqueueMessage,POST,201,false,false,35
local,local-read64-round1-before.log,before,azqueue,1,interactive,64,PASS,lifecycle,PeekMessages,GET,200,false,false,3
local,local-read64-round1-before.log,before,azqueue,1,stream,64,PASS,workload,DeleteMessage,DELETE,204,false,false,130
local,local-read64-round1-before.log,before,azqueue,1,stream,64,PASS,workload,DequeueMessages,GET,200,false,false,196
local,local-read64-round1-before.log,before,azqueue,1,stream,64,PASS,workload,EnqueueMessage,POST,201,false,false,129
local,local-read64-round1-before.log,before,azqueue,1,stream,64,PASS,lifecycle,CreateQueue,PUT,201,false,false,4
local,local-read64-round1-before.log,before,azqueue,1,stream,64,PASS,lifecycle,DeleteMessage,DELETE,204,false,false,131
local,local-read64-round1-before.log,before,azqueue,1,stream,64,PASS,lifecycle,DeleteQueue,DELETE,204,false,false,4
local,local-read64-round1-before.log,before,azqueue,1,stream,64,PASS,lifecycle,DequeueMessages,GET,200,false,false,199
local,local-read64-round1-before.log,before,azqueue,1,stream,64,PASS,lifecycle,EnqueueMessage,POST,201,false,false,131
local,local-read64-round1-before.log,before,azqueue,1,stream,64,PASS,lifecycle,PeekMessages,GET,200,false,false,2
local,local-read64-round1-before.log,before,azqueue,1,duplex,64,PASS,workload,DeleteMessage,DELETE,204,false,false,259
local,local-read64-round1-before.log,before,azqueue,1,duplex,64,PASS,workload,DequeueMessages,GET,200,false,false,518
local,local-read64-round1-before.log,before,azqueue,1,duplex,64,PASS,workload,EnqueueMessage,POST,201,false,false,258
local,local-read64-round1-before.log,before,azqueue,1,duplex,64,PASS,lifecycle,CreateQueue,PUT,201,false,false,4
local,local-read64-round1-before.log,before,azqueue,1,duplex,64,PASS,lifecycle,DeleteMessage,DELETE,204,false,false,260
local,local-read64-round1-before.log,before,azqueue,1,duplex,64,PASS,lifecycle,DeleteQueue,DELETE,204,false,false,4
local,local-read64-round1-before.log,before,azqueue,1,duplex,64,PASS,lifecycle,DequeueMessages,GET,200,false,false,521
local,local-read64-round1-before.log,before,azqueue,1,duplex,64,PASS,lifecycle,EnqueueMessage,POST,201,false,false,260
local,local-read64-round1-before.log,before,azqueue,1,duplex,64,PASS,lifecycle,PeekMessages,GET,200,false,false,2
local,local-read64-round1-before.log,before,azqueue,1,wake,64,PASS,workload,DeleteMessage,DELETE,204,false,false,1
local,local-read64-round1-before.log,before,azqueue,1,wake,64,PASS,workload,DequeueMessages,GET,200,false,false,74
local,local-read64-round1-before.log,before,azqueue,1,wake,64,PASS,workload,EnqueueMessage,POST,201,false,false,1
local,local-read64-round1-before.log,before,azqueue,1,wake,64,PASS,lifecycle,CreateQueue,PUT,201,false,false,4
local,local-read64-round1-before.log,before,azqueue,1,wake,64,PASS,lifecycle,DeleteMessage,DELETE,204,false,false,3
local,local-read64-round1-before.log,before,azqueue,1,wake,64,PASS,lifecycle,DeleteQueue,DELETE,204,false,false,4
local,local-read64-round1-before.log,before,azqueue,1,wake,64,PASS,lifecycle,DequeueMessages,GET,200,false,false,76
local,local-read64-round1-before.log,before,azqueue,1,wake,64,PASS,lifecycle,EnqueueMessage,POST,201,false,false,4
local,local-read64-round1-before.log,before,azqueue,1,wake,64,PASS,lifecycle,PeekMessages,GET,200,false,false,2
local,local-read64-round1-before.log,before,azqueue,4,idle,64,PASS,workload,DequeueMessages,GET,200,false,false,303
local,local-read64-round1-before.log,before,azqueue,4,idle,64,PASS,lifecycle,CreateQueue,PUT,201,false,false,10
local,local-read64-round1-before.log,before,azqueue,4,idle,64,PASS,lifecycle,DeleteMessage,DELETE,204,false,false,8
local,local-read64-round1-before.log,before,azqueue,4,idle,64,PASS,lifecycle,DeleteQueue,DELETE,204,false,false,10
local,local-read64-round1-before.log,before,azqueue,4,idle,64,PASS,lifecycle,DequeueMessages,GET,200,false,false,316
local,local-read64-round1-before.log,before,azqueue,4,idle,64,PASS,lifecycle,EnqueueMessage,POST,201,false,false,12
local,local-read64-round1-before.log,before,azqueue,4,idle,64,PASS,lifecycle,PeekMessages,GET,200,false,false,9
local,local-read64-round1-before.log,before,azqueue,4,interactive,64,PASS,workload,DeleteMessage,DELETE,204,false,false,132
local,local-read64-round1-before.log,before,azqueue,4,interactive,64,PASS,workload,DequeueMessages,GET,200,false,false,128
local,local-read64-round1-before.log,before,azqueue,4,interactive,64,PASS,workload,EnqueueMessage,POST,201,false,false,128
local,local-read64-round1-before.log,before,azqueue,4,interactive,64,PASS,lifecycle,CreateQueue,PUT,201,false,false,10
local,local-read64-round1-before.log,before,azqueue,4,interactive,64,PASS,lifecycle,DeleteMessage,DELETE,204,false,false,136
local,local-read64-round1-before.log,before,azqueue,4,interactive,64,PASS,lifecycle,DeleteQueue,DELETE,204,false,false,10
local,local-read64-round1-before.log,before,azqueue,4,interactive,64,PASS,lifecycle,DequeueMessages,GET,200,false,false,141
local,local-read64-round1-before.log,before,azqueue,4,interactive,64,PASS,lifecycle,EnqueueMessage,POST,201,false,false,140
local,local-read64-round1-before.log,before,azqueue,4,interactive,64,PASS,lifecycle,PeekMessages,GET,200,false,false,8
local,local-read64-round1-before.log,before,azqueue,4,stream,64,PASS,workload,DeleteMessage,DELETE,204,false,false,520
local,local-read64-round1-before.log,before,azqueue,4,stream,64,PASS,workload,DequeueMessages,GET,200,false,false,1657
local,local-read64-round1-before.log,before,azqueue,4,stream,64,PASS,workload,EnqueueMessage,POST,201,false,false,516
local,local-read64-round1-before.log,before,azqueue,4,stream,64,PASS,lifecycle,CreateQueue,PUT,201,false,false,10
local,local-read64-round1-before.log,before,azqueue,4,stream,64,PASS,lifecycle,DeleteMessage,DELETE,204,false,false,524
local,local-read64-round1-before.log,before,azqueue,4,stream,64,PASS,lifecycle,DeleteQueue,DELETE,204,false,false,10
local,local-read64-round1-before.log,before,azqueue,4,stream,64,PASS,lifecycle,DequeueMessages,GET,200,false,false,1665
local,local-read64-round1-before.log,before,azqueue,4,stream,64,PASS,lifecycle,EnqueueMessage,POST,201,false,false,524
local,local-read64-round1-before.log,before,azqueue,4,stream,64,PASS,lifecycle,PeekMessages,GET,200,false,false,8
local,local-read64-round1-before.log,before,azqueue,4,duplex,64,PASS,workload,DeleteMessage,DELETE,204,false,false,1036
local,local-read64-round1-before.log,before,azqueue,4,duplex,64,PASS,workload,DequeueMessages,GET,200,false,false,6722
local,local-read64-round1-before.log,before,azqueue,4,duplex,64,PASS,workload,EnqueueMessage,POST,201,false,false,1032
local,local-read64-round1-before.log,before,azqueue,4,duplex,64,PASS,lifecycle,CreateQueue,PUT,201,false,false,10
local,local-read64-round1-before.log,before,azqueue,4,duplex,64,PASS,lifecycle,DeleteMessage,DELETE,204,false,false,1040
local,local-read64-round1-before.log,before,azqueue,4,duplex,64,PASS,lifecycle,DeleteQueue,DELETE,204,false,false,10
local,local-read64-round1-before.log,before,azqueue,4,duplex,64,PASS,lifecycle,DequeueMessages,GET,200,false,false,6732
local,local-read64-round1-before.log,before,azqueue,4,duplex,64,PASS,lifecycle,EnqueueMessage,POST,201,false,false,1040
local,local-read64-round1-before.log,before,azqueue,4,duplex,64,PASS,lifecycle,PeekMessages,GET,200,false,false,8
local,local-read64-round1-before.log,before,azqueue,4,wake,64,PASS,workload,DeleteMessage,DELETE,204,false,false,7
local,local-read64-round1-before.log,before,azqueue,4,wake,64,PASS,workload,DequeueMessages,GET,200,false,false,333
local,local-read64-round1-before.log,before,azqueue,4,wake,64,PASS,workload,EnqueueMessage,POST,201,false,false,4
local,local-read64-round1-before.log,before,azqueue,4,wake,64,PASS,lifecycle,CreateQueue,PUT,201,false,false,10
local,local-read64-round1-before.log,before,azqueue,4,wake,64,PASS,lifecycle,DeleteMessage,DELETE,204,false,false,12
local,local-read64-round1-before.log,before,azqueue,4,wake,64,PASS,lifecycle,DeleteQueue,DELETE,204,false,false,10
local,local-read64-round1-before.log,before,azqueue,4,wake,64,PASS,lifecycle,DequeueMessages,GET,200,false,false,341
local,local-read64-round1-before.log,before,azqueue,4,wake,64,PASS,lifecycle,EnqueueMessage,POST,201,false,false,16
local,local-read64-round1-before.log,before,azqueue,4,wake,64,PASS,lifecycle,PeekMessages,GET,200,false,false,8
local,local-read64-round1-before.log,before,aztable,1,idle,64,PASS,workload,QueryEntities,GET,200,false,false,71
local,local-read64-round1-before.log,before,aztable,1,idle,64,PASS,lifecycle,AddEntity,POST,201,false,false,2
local,local-read64-round1-before.log,before,aztable,1,idle,64,PASS,lifecycle,AddEntity,POST,204,false,false,1
local,local-read64-round1-before.log,before,aztable,1,idle,64,PASS,lifecycle,CreateTable,POST,201,false,false,4
local,local-read64-round1-before.log,before,aztable,1,idle,64,PASS,lifecycle,DeleteEntity,DELETE,204,false,false,2
local,local-read64-round1-before.log,before,aztable,1,idle,64,PASS,lifecycle,DeleteTable,DELETE,204,false,false,4
local,local-read64-round1-before.log,before,aztable,1,idle,64,PASS,lifecycle,GetEntity,GET,200,false,false,1
local,local-read64-round1-before.log,before,aztable,1,idle,64,PASS,lifecycle,GetEntity,GET,404,false,true,1
local,local-read64-round1-before.log,before,aztable,1,idle,64,PASS,lifecycle,QueryEntities,GET,200,false,false,73
local,local-read64-round1-before.log,before,aztable,1,interactive,64,PASS,workload,AddEntity,POST,204,false,false,32
local,local-read64-round1-before.log,before,aztable,1,interactive,64,PASS,workload,DeleteEntity,DELETE,204,false,false,1
local,local-read64-round1-before.log,before,aztable,1,interactive,64,PASS,workload,QueryEntities,GET,200,false,false,32
local,local-read64-round1-before.log,before,aztable,1,interactive,64,PASS,lifecycle,AddEntity,POST,201,false,false,2
local,local-read64-round1-before.log,before,aztable,1,interactive,64,PASS,lifecycle,AddEntity,POST,204,false,false,33
local,local-read64-round1-before.log,before,aztable,1,interactive,64,PASS,lifecycle,CreateTable,POST,201,false,false,4
local,local-read64-round1-before.log,before,aztable,1,interactive,64,PASS,lifecycle,DeleteEntity,DELETE,204,false,false,2
local,local-read64-round1-before.log,before,aztable,1,interactive,64,PASS,lifecycle,DeleteTable,DELETE,204,false,false,4
local,local-read64-round1-before.log,before,aztable,1,interactive,64,PASS,lifecycle,GetEntity,GET,200,false,false,1
local,local-read64-round1-before.log,before,aztable,1,interactive,64,PASS,lifecycle,GetEntity,GET,404,false,true,1
local,local-read64-round1-before.log,before,aztable,1,interactive,64,PASS,lifecycle,QueryEntities,GET,200,false,false,34
local,local-read64-round1-before.log,before,aztable,1,stream,64,PASS,workload,AddEntity,POST,204,false,false,65
local,local-read64-round1-before.log,before,aztable,1,stream,64,PASS,workload,DeleteEntity,DELETE,204,false,false,1
local,local-read64-round1-before.log,before,aztable,1,stream,64,PASS,workload,QueryEntities,GET,200,false,false,19
local,local-read64-round1-before.log,before,aztable,1,stream,64,PASS,lifecycle,AddEntity,POST,201,false,false,2
local,local-read64-round1-before.log,before,aztable,1,stream,64,PASS,lifecycle,AddEntity,POST,204,false,false,65
local,local-read64-round1-before.log,before,aztable,1,stream,64,PASS,lifecycle,CreateTable,POST,201,false,false,4
local,local-read64-round1-before.log,before,aztable,1,stream,64,PASS,lifecycle,DeleteEntity,DELETE,204,false,false,2
local,local-read64-round1-before.log,before,aztable,1,stream,64,PASS,lifecycle,DeleteTable,DELETE,204,false,false,4
local,local-read64-round1-before.log,before,aztable,1,stream,64,PASS,lifecycle,GetEntity,GET,200,false,false,1
local,local-read64-round1-before.log,before,aztable,1,stream,64,PASS,lifecycle,GetEntity,GET,404,false,true,1
local,local-read64-round1-before.log,before,aztable,1,stream,64,PASS,lifecycle,QueryEntities,GET,200,false,false,21
local,local-read64-round1-before.log,before,aztable,1,duplex,64,PASS,workload,AddEntity,POST,204,false,false,130
local,local-read64-round1-before.log,before,aztable,1,duplex,64,PASS,workload,DeleteEntity,DELETE,204,false,false,1
local,local-read64-round1-before.log,before,aztable,1,duplex,64,PASS,workload,QueryEntities,GET,200,false,false,40
local,local-read64-round1-before.log,before,aztable,1,duplex,64,PASS,lifecycle,AddEntity,POST,201,false,false,2
local,local-read64-round1-before.log,before,aztable,1,duplex,64,PASS,lifecycle,AddEntity,POST,204,false,false,130
local,local-read64-round1-before.log,before,aztable,1,duplex,64,PASS,lifecycle,CreateTable,POST,201,false,false,4
local,local-read64-round1-before.log,before,aztable,1,duplex,64,PASS,lifecycle,DeleteEntity,DELETE,204,false,false,2
local,local-read64-round1-before.log,before,aztable,1,duplex,64,PASS,lifecycle,DeleteTable,DELETE,204,false,false,4
local,local-read64-round1-before.log,before,aztable,1,duplex,64,PASS,lifecycle,GetEntity,GET,200,false,false,1
local,local-read64-round1-before.log,before,aztable,1,duplex,64,PASS,lifecycle,GetEntity,GET,404,false,true,1
local,local-read64-round1-before.log,before,aztable,1,duplex,64,PASS,lifecycle,QueryEntities,GET,200,false,false,42
local,local-read64-round1-before.log,before,aztable,1,wake,64,PASS,workload,AddEntity,POST,204,false,false,1
local,local-read64-round1-before.log,before,aztable,1,wake,64,PASS,workload,QueryEntities,GET,200,false,false,77
local,local-read64-round1-before.log,before,aztable,1,wake,64,PASS,lifecycle,AddEntity,POST,201,false,false,2
local,local-read64-round1-before.log,before,aztable,1,wake,64,PASS,lifecycle,AddEntity,POST,204,false,false,2
local,local-read64-round1-before.log,before,aztable,1,wake,64,PASS,lifecycle,CreateTable,POST,201,false,false,4
local,local-read64-round1-before.log,before,aztable,1,wake,64,PASS,lifecycle,DeleteEntity,DELETE,204,false,false,2
local,local-read64-round1-before.log,before,aztable,1,wake,64,PASS,lifecycle,DeleteTable,DELETE,204,false,false,4
local,local-read64-round1-before.log,before,aztable,1,wake,64,PASS,lifecycle,GetEntity,GET,200,false,false,1
local,local-read64-round1-before.log,before,aztable,1,wake,64,PASS,lifecycle,GetEntity,GET,404,false,true,1
local,local-read64-round1-before.log,before,aztable,1,wake,64,PASS,lifecycle,QueryEntities,GET,200,false,false,79
local,local-read64-round1-before.log,before,aztable,4,idle,64,PASS,workload,QueryEntities,GET,200,false,false,320
local,local-read64-round1-before.log,before,aztable,4,idle,64,PASS,lifecycle,AddEntity,POST,201,false,false,8
local,local-read64-round1-before.log,before,aztable,4,idle,64,PASS,lifecycle,AddEntity,POST,204,false,false,4
local,local-read64-round1-before.log,before,aztable,4,idle,64,PASS,lifecycle,CreateTable,POST,201,false,false,10
local,local-read64-round1-before.log,before,aztable,4,idle,64,PASS,lifecycle,DeleteEntity,DELETE,204,false,false,8
local,local-read64-round1-before.log,before,aztable,4,idle,64,PASS,lifecycle,DeleteTable,DELETE,204,false,false,10
local,local-read64-round1-before.log,before,aztable,4,idle,64,PASS,lifecycle,GetEntity,GET,200,false,false,4
local,local-read64-round1-before.log,before,aztable,4,idle,64,PASS,lifecycle,GetEntity,GET,404,false,true,4
local,local-read64-round1-before.log,before,aztable,4,idle,64,PASS,lifecycle,QueryEntities,GET,200,false,false,328
local,local-read64-round1-before.log,before,aztable,4,interactive,64,PASS,workload,AddEntity,POST,204,false,false,128
local,local-read64-round1-before.log,before,aztable,4,interactive,64,PASS,workload,DeleteEntity,DELETE,204,false,false,4
local,local-read64-round1-before.log,before,aztable,4,interactive,64,PASS,workload,QueryEntities,GET,200,false,false,128
local,local-read64-round1-before.log,before,aztable,4,interactive,64,PASS,lifecycle,AddEntity,POST,201,false,false,8
local,local-read64-round1-before.log,before,aztable,4,interactive,64,PASS,lifecycle,AddEntity,POST,204,false,false,132
local,local-read64-round1-before.log,before,aztable,4,interactive,64,PASS,lifecycle,CreateTable,POST,201,false,false,10
local,local-read64-round1-before.log,before,aztable,4,interactive,64,PASS,lifecycle,DeleteEntity,DELETE,204,false,false,8
local,local-read64-round1-before.log,before,aztable,4,interactive,64,PASS,lifecycle,DeleteTable,DELETE,204,false,false,10
local,local-read64-round1-before.log,before,aztable,4,interactive,64,PASS,lifecycle,GetEntity,GET,200,false,false,4
local,local-read64-round1-before.log,before,aztable,4,interactive,64,PASS,lifecycle,GetEntity,GET,404,false,true,4
local,local-read64-round1-before.log,before,aztable,4,interactive,64,PASS,lifecycle,QueryEntities,GET,200,false,false,136
local,local-read64-round1-before.log,before,aztable,4,stream,64,PASS,workload,AddEntity,POST,204,false,false,260
local,local-read64-round1-before.log,before,aztable,4,stream,64,PASS,workload,DeleteEntity,DELETE,204,false,false,4
local,local-read64-round1-before.log,before,aztable,4,stream,64,PASS,workload,QueryEntities,GET,200,false,false,130
local,local-read64-round1-before.log,before,aztable,4,stream,64,PASS,lifecycle,AddEntity,POST,201,false,false,8
local,local-read64-round1-before.log,before,aztable,4,stream,64,PASS,lifecycle,AddEntity,POST,204,false,false,260
local,local-read64-round1-before.log,before,aztable,4,stream,64,PASS,lifecycle,CreateTable,POST,201,false,false,10
local,local-read64-round1-before.log,before,aztable,4,stream,64,PASS,lifecycle,DeleteEntity,DELETE,204,false,false,8
local,local-read64-round1-before.log,before,aztable,4,stream,64,PASS,lifecycle,DeleteTable,DELETE,204,false,false,10
local,local-read64-round1-before.log,before,aztable,4,stream,64,PASS,lifecycle,GetEntity,GET,200,false,false,4
local,local-read64-round1-before.log,before,aztable,4,stream,64,PASS,lifecycle,GetEntity,GET,404,false,true,4
local,local-read64-round1-before.log,before,aztable,4,stream,64,PASS,lifecycle,QueryEntities,GET,200,false,false,138
local,local-read64-round1-before.log,before,aztable,4,duplex,64,PASS,workload,AddEntity,POST,204,false,false,520
local,local-read64-round1-before.log,before,aztable,4,duplex,64,PASS,workload,DeleteEntity,DELETE,204,false,false,4
local,local-read64-round1-before.log,before,aztable,4,duplex,64,PASS,workload,QueryEntities,GET,200,false,false,396
local,local-read64-round1-before.log,before,aztable,4,duplex,64,PASS,lifecycle,AddEntity,POST,201,false,false,8
local,local-read64-round1-before.log,before,aztable,4,duplex,64,PASS,lifecycle,AddEntity,POST,204,false,false,520
local,local-read64-round1-before.log,before,aztable,4,duplex,64,PASS,lifecycle,CreateTable,POST,201,false,false,10
local,local-read64-round1-before.log,before,aztable,4,duplex,64,PASS,lifecycle,DeleteEntity,DELETE,204,false,false,8
local,local-read64-round1-before.log,before,aztable,4,duplex,64,PASS,lifecycle,DeleteTable,DELETE,204,false,false,10
local,local-read64-round1-before.log,before,aztable,4,duplex,64,PASS,lifecycle,GetEntity,GET,200,false,false,4
local,local-read64-round1-before.log,before,aztable,4,duplex,64,PASS,lifecycle,GetEntity,GET,404,false,true,4
local,local-read64-round1-before.log,before,aztable,4,duplex,64,PASS,lifecycle,QueryEntities,GET,200,false,false,404
local,local-read64-round1-before.log,before,aztable,4,wake,64,PASS,workload,AddEntity,POST,204,false,false,4
local,local-read64-round1-before.log,before,aztable,4,wake,64,PASS,workload,DeleteEntity,DELETE,204,false,false,1
local,local-read64-round1-before.log,before,aztable,4,wake,64,PASS,workload,QueryEntities,GET,200,false,false,332
local,local-read64-round1-before.log,before,aztable,4,wake,64,PASS,lifecycle,AddEntity,POST,201,false,false,8
local,local-read64-round1-before.log,before,aztable,4,wake,64,PASS,lifecycle,AddEntity,POST,204,false,false,8
local,local-read64-round1-before.log,before,aztable,4,wake,64,PASS,lifecycle,CreateTable,POST,201,false,false,10
local,local-read64-round1-before.log,before,aztable,4,wake,64,PASS,lifecycle,DeleteEntity,DELETE,204,false,false,8
local,local-read64-round1-before.log,before,aztable,4,wake,64,PASS,lifecycle,DeleteTable,DELETE,204,false,false,10
local,local-read64-round1-before.log,before,aztable,4,wake,64,PASS,lifecycle,GetEntity,GET,200,false,false,4
local,local-read64-round1-before.log,before,aztable,4,wake,64,PASS,lifecycle,GetEntity,GET,404,false,true,4
local,local-read64-round1-before.log,before,aztable,4,wake,64,PASS,lifecycle,QueryEntities,GET,200,false,false,340
local,local-read64-round2-after.log,after,azblob,1,idle,64,PASS,workload,DownloadBlob,GET,416,false,true,72
local,local-read64-round2-after.log,after,azblob,1,idle,64,PASS,lifecycle,AppendBlock,PUT,201,false,false,1
local,local-read64-round2-after.log,after,azblob,1,idle,64,PASS,lifecycle,CreateContainer,PUT,201,false,false,3
local,local-read64-round2-after.log,after,azblob,1,idle,64,PASS,lifecycle,DeleteBlob,DELETE,202,false,false,2
local,local-read64-round2-after.log,after,azblob,1,idle,64,PASS,lifecycle,DeleteContainer,DELETE,202,false,false,3
local,local-read64-round2-after.log,after,azblob,1,idle,64,PASS,lifecycle,DownloadBlob,GET,200,false,false,1
local,local-read64-round2-after.log,after,azblob,1,idle,64,PASS,lifecycle,DownloadBlob,GET,404,false,true,2
local,local-read64-round2-after.log,after,azblob,1,idle,64,PASS,lifecycle,DownloadBlob,GET,416,false,true,72
local,local-read64-round2-after.log,after,azblob,1,idle,64,PASS,lifecycle,ListBlobs,GET,200,false,false,2
local,local-read64-round2-after.log,after,azblob,1,idle,64,PASS,lifecycle,PutBlob,PUT,201,false,false,4
local,local-read64-round2-after.log,after,azblob,1,interactive,64,PASS,workload,AppendBlock,PUT,201,false,false,32
local,local-read64-round2-after.log,after,azblob,1,interactive,64,PASS,workload,DeleteBlob,DELETE,202,false,false,1
local,local-read64-round2-after.log,after,azblob,1,interactive,64,PASS,workload,DownloadBlob,GET,206,false,false,32
local,local-read64-round2-after.log,after,azblob,1,interactive,64,PASS,lifecycle,AppendBlock,PUT,201,false,false,33
local,local-read64-round2-after.log,after,azblob,1,interactive,64,PASS,lifecycle,CreateContainer,PUT,201,false,false,3
local,local-read64-round2-after.log,after,azblob,1,interactive,64,PASS,lifecycle,DeleteBlob,DELETE,202,false,false,2
local,local-read64-round2-after.log,after,azblob,1,interactive,64,PASS,lifecycle,DeleteContainer,DELETE,202,false,false,3
local,local-read64-round2-after.log,after,azblob,1,interactive,64,PASS,lifecycle,DownloadBlob,GET,200,false,false,1
local,local-read64-round2-after.log,after,azblob,1,interactive,64,PASS,lifecycle,DownloadBlob,GET,206,false,false,32
local,local-read64-round2-after.log,after,azblob,1,interactive,64,PASS,lifecycle,DownloadBlob,GET,404,false,true,2
local,local-read64-round2-after.log,after,azblob,1,interactive,64,PASS,lifecycle,ListBlobs,GET,200,false,false,2
local,local-read64-round2-after.log,after,azblob,1,interactive,64,PASS,lifecycle,PutBlob,PUT,201,false,false,4
local,local-read64-round2-after.log,after,azblob,1,stream,64,PASS,workload,AppendBlock,PUT,201,false,false,65
local,local-read64-round2-after.log,after,azblob,1,stream,64,PASS,workload,DeleteBlob,DELETE,202,false,false,1
local,local-read64-round2-after.log,after,azblob,1,stream,64,PASS,workload,DownloadBlob,GET,206,false,false,132
local,local-read64-round2-after.log,after,azblob,1,stream,64,PASS,workload,DownloadBlob,GET,416,false,true,2
local,local-read64-round2-after.log,after,azblob,1,stream,64,PASS,lifecycle,AppendBlock,PUT,201,false,false,65
local,local-read64-round2-after.log,after,azblob,1,stream,64,PASS,lifecycle,CreateContainer,PUT,201,false,false,3
local,local-read64-round2-after.log,after,azblob,1,stream,64,PASS,lifecycle,DeleteBlob,DELETE,202,false,false,2
local,local-read64-round2-after.log,after,azblob,1,stream,64,PASS,lifecycle,DeleteContainer,DELETE,202,false,false,3
local,local-read64-round2-after.log,after,azblob,1,stream,64,PASS,lifecycle,DownloadBlob,GET,200,false,false,1
local,local-read64-round2-after.log,after,azblob,1,stream,64,PASS,lifecycle,DownloadBlob,GET,206,false,false,132
local,local-read64-round2-after.log,after,azblob,1,stream,64,PASS,lifecycle,DownloadBlob,GET,404,false,true,2
local,local-read64-round2-after.log,after,azblob,1,stream,64,PASS,lifecycle,DownloadBlob,GET,416,false,true,2
local,local-read64-round2-after.log,after,azblob,1,stream,64,PASS,lifecycle,ListBlobs,GET,200,false,false,2
local,local-read64-round2-after.log,after,azblob,1,stream,64,PASS,lifecycle,PutBlob,PUT,201,false,false,4
local,local-read64-round2-after.log,after,azblob,1,duplex,64,PASS,workload,AppendBlock,PUT,201,false,false,130
local,local-read64-round2-after.log,after,azblob,1,duplex,64,PASS,workload,DeleteBlob,DELETE,202,false,false,1
local,local-read64-round2-after.log,after,azblob,1,duplex,64,PASS,workload,DownloadBlob,GET,206,false,false,183
local,local-read64-round2-after.log,after,azblob,1,duplex,64,PASS,workload,DownloadBlob,GET,416,false,true,6
local,local-read64-round2-after.log,after,azblob,1,duplex,64,PASS,lifecycle,AppendBlock,PUT,201,false,false,130
local,local-read64-round2-after.log,after,azblob,1,duplex,64,PASS,lifecycle,CreateContainer,PUT,201,false,false,3
local,local-read64-round2-after.log,after,azblob,1,duplex,64,PASS,lifecycle,DeleteBlob,DELETE,202,false,false,2
local,local-read64-round2-after.log,after,azblob,1,duplex,64,PASS,lifecycle,DeleteContainer,DELETE,202,false,false,3
local,local-read64-round2-after.log,after,azblob,1,duplex,64,PASS,lifecycle,DownloadBlob,GET,200,false,false,1
local,local-read64-round2-after.log,after,azblob,1,duplex,64,PASS,lifecycle,DownloadBlob,GET,206,false,false,183
local,local-read64-round2-after.log,after,azblob,1,duplex,64,PASS,lifecycle,DownloadBlob,GET,404,false,true,1
local,local-read64-round2-after.log,after,azblob,1,duplex,64,PASS,lifecycle,DownloadBlob,GET,416,false,true,6
local,local-read64-round2-after.log,after,azblob,1,duplex,64,PASS,lifecycle,ListBlobs,GET,200,false,false,3
local,local-read64-round2-after.log,after,azblob,1,duplex,64,PASS,lifecycle,PutBlob,PUT,201,false,false,4
local,local-read64-round2-after.log,after,azblob,1,wake,64,PASS,workload,AppendBlock,PUT,201,false,false,1
local,local-read64-round2-after.log,after,azblob,1,wake,64,PASS,workload,DownloadBlob,GET,206,false,false,1
local,local-read64-round2-after.log,after,azblob,1,wake,64,PASS,workload,DownloadBlob,GET,416,false,true,77
local,local-read64-round2-after.log,after,azblob,1,wake,64,PASS,lifecycle,AppendBlock,PUT,201,false,false,2
local,local-read64-round2-after.log,after,azblob,1,wake,64,PASS,lifecycle,CreateContainer,PUT,201,false,false,3
local,local-read64-round2-after.log,after,azblob,1,wake,64,PASS,lifecycle,DeleteBlob,DELETE,202,false,false,2
local,local-read64-round2-after.log,after,azblob,1,wake,64,PASS,lifecycle,DeleteContainer,DELETE,202,false,false,3
local,local-read64-round2-after.log,after,azblob,1,wake,64,PASS,lifecycle,DownloadBlob,GET,200,false,false,1
local,local-read64-round2-after.log,after,azblob,1,wake,64,PASS,lifecycle,DownloadBlob,GET,206,false,false,1
local,local-read64-round2-after.log,after,azblob,1,wake,64,PASS,lifecycle,DownloadBlob,GET,404,false,true,1
local,local-read64-round2-after.log,after,azblob,1,wake,64,PASS,lifecycle,DownloadBlob,GET,416,false,true,77
local,local-read64-round2-after.log,after,azblob,1,wake,64,PASS,lifecycle,ListBlobs,GET,200,false,false,2
local,local-read64-round2-after.log,after,azblob,1,wake,64,PASS,lifecycle,PutBlob,PUT,201,false,false,4
local,local-read64-round2-after.log,after,azblob,4,idle,64,PASS,workload,DownloadBlob,GET,0,false,true,2
local,local-read64-round2-after.log,after,azblob,4,idle,64,PASS,workload,DownloadBlob,GET,416,false,true,316
local,local-read64-round2-after.log,after,azblob,4,idle,64,PASS,lifecycle,AppendBlock,PUT,201,false,false,4
local,local-read64-round2-after.log,after,azblob,4,idle,64,PASS,lifecycle,CreateContainer,PUT,201,false,false,6
local,local-read64-round2-after.log,after,azblob,4,idle,64,PASS,lifecycle,DeleteBlob,DELETE,202,false,false,8
local,local-read64-round2-after.log,after,azblob,4,idle,64,PASS,lifecycle,DeleteContainer,DELETE,202,false,false,6
local,local-read64-round2-after.log,after,azblob,4,idle,64,PASS,lifecycle,DownloadBlob,GET,0,false,true,2
local,local-read64-round2-after.log,after,azblob,4,idle,64,PASS,lifecycle,DownloadBlob,GET,200,false,false,4
local,local-read64-round2-after.log,after,azblob,4,idle,64,PASS,lifecycle,DownloadBlob,GET,404,false,true,7
local,local-read64-round2-after.log,after,azblob,4,idle,64,PASS,lifecycle,DownloadBlob,GET,416,false,true,316
local,local-read64-round2-after.log,after,azblob,4,idle,64,PASS,lifecycle,ListBlobs,GET,200,false,false,11
local,local-read64-round2-after.log,after,azblob,4,idle,64,PASS,lifecycle,PutBlob,PUT,201,false,false,16
local,local-read64-round2-after.log,after,azblob,4,interactive,64,PASS,workload,AppendBlock,PUT,201,false,false,128
local,local-read64-round2-after.log,after,azblob,4,interactive,64,PASS,workload,DeleteBlob,DELETE,202,false,false,4
local,local-read64-round2-after.log,after,azblob,4,interactive,64,PASS,workload,DownloadBlob,GET,206,false,false,128
local,local-read64-round2-after.log,after,azblob,4,interactive,64,PASS,lifecycle,AppendBlock,PUT,201,false,false,132
local,local-read64-round2-after.log,after,azblob,4,interactive,64,PASS,lifecycle,CreateContainer,PUT,201,false,false,6
local,local-read64-round2-after.log,after,azblob,4,interactive,64,PASS,lifecycle,DeleteBlob,DELETE,202,false,false,8
local,local-read64-round2-after.log,after,azblob,4,interactive,64,PASS,lifecycle,DeleteContainer,DELETE,202,false,false,6
local,local-read64-round2-after.log,after,azblob,4,interactive,64,PASS,lifecycle,DownloadBlob,GET,200,false,false,4
local,local-read64-round2-after.log,after,azblob,4,interactive,64,PASS,lifecycle,DownloadBlob,GET,206,false,false,128
local,local-read64-round2-after.log,after,azblob,4,interactive,64,PASS,lifecycle,DownloadBlob,GET,404,false,true,4
local,local-read64-round2-after.log,after,azblob,4,interactive,64,PASS,lifecycle,ListBlobs,GET,200,false,false,11
local,local-read64-round2-after.log,after,azblob,4,interactive,64,PASS,lifecycle,PutBlob,PUT,201,false,false,16
local,local-read64-round2-after.log,after,azblob,4,stream,64,PASS,workload,AppendBlock,PUT,201,false,false,260
local,local-read64-round2-after.log,after,azblob,4,stream,64,PASS,workload,DeleteBlob,DELETE,202,false,false,4
local,local-read64-round2-after.log,after,azblob,4,stream,64,PASS,workload,DownloadBlob,GET,206,false,false,272
local,local-read64-round2-after.log,after,azblob,4,stream,64,PASS,workload,DownloadBlob,GET,416,false,true,11
local,local-read64-round2-after.log,after,azblob,4,stream,64,PASS,lifecycle,AppendBlock,PUT,201,false,false,260
local,local-read64-round2-after.log,after,azblob,4,stream,64,PASS,lifecycle,CreateContainer,PUT,201,false,false,6
local,local-read64-round2-after.log,after,azblob,4,stream,64,PASS,lifecycle,DeleteBlob,DELETE,202,false,false,8
local,local-read64-round2-after.log,after,azblob,4,stream,64,PASS,lifecycle,DeleteContainer,DELETE,202,false,false,6
local,local-read64-round2-after.log,after,azblob,4,stream,64,PASS,lifecycle,DownloadBlob,GET,200,false,false,4
local,local-read64-round2-after.log,after,azblob,4,stream,64,PASS,lifecycle,DownloadBlob,GET,206,false,false,272
local,local-read64-round2-after.log,after,azblob,4,stream,64,PASS,lifecycle,DownloadBlob,GET,404,false,true,4
local,local-read64-round2-after.log,after,azblob,4,stream,64,PASS,lifecycle,DownloadBlob,GET,416,false,true,11
local,local-read64-round2-after.log,after,azblob,4,stream,64,PASS,lifecycle,ListBlobs,GET,200,false,false,10
local,local-read64-round2-after.log,after,azblob,4,stream,64,PASS,lifecycle,PutBlob,PUT,201,false,false,16
local,local-read64-round2-after.log,after,azblob,4,duplex,64,PASS,workload,AppendBlock,PUT,201,false,false,520
local,local-read64-round2-after.log,after,azblob,4,duplex,64,PASS,workload,DeleteBlob,DELETE,202,false,false,4
local,local-read64-round2-after.log,after,azblob,4,duplex,64,PASS,workload,DownloadBlob,GET,206,false,false,293
local,local-read64-round2-after.log,after,azblob,4,duplex,64,PASS,workload,DownloadBlob,GET,416,false,true,16
local,local-read64-round2-after.log,after,azblob,4,duplex,64,PASS,lifecycle,AppendBlock,PUT,201,false,false,520
local,local-read64-round2-after.log,after,azblob,4,duplex,64,PASS,lifecycle,CreateContainer,PUT,201,false,false,6
local,local-read64-round2-after.log,after,azblob,4,duplex,64,PASS,lifecycle,DeleteBlob,DELETE,202,false,false,8
local,local-read64-round2-after.log,after,azblob,4,duplex,64,PASS,lifecycle,DeleteContainer,DELETE,202,false,false,6
local,local-read64-round2-after.log,after,azblob,4,duplex,64,PASS,lifecycle,DownloadBlob,GET,200,false,false,4
local,local-read64-round2-after.log,after,azblob,4,duplex,64,PASS,lifecycle,DownloadBlob,GET,206,false,false,293
local,local-read64-round2-after.log,after,azblob,4,duplex,64,PASS,lifecycle,DownloadBlob,GET,404,false,true,4
local,local-read64-round2-after.log,after,azblob,4,duplex,64,PASS,lifecycle,DownloadBlob,GET,416,false,true,16
local,local-read64-round2-after.log,after,azblob,4,duplex,64,PASS,lifecycle,ListBlobs,GET,200,false,false,8
local,local-read64-round2-after.log,after,azblob,4,duplex,64,PASS,lifecycle,PutBlob,PUT,201,false,false,16
local,local-read64-round2-after.log,after,azblob,4,wake,64,PASS,workload,AppendBlock,PUT,201,false,false,4
local,local-read64-round2-after.log,after,azblob,4,wake,64,PASS,workload,DeleteBlob,DELETE,202,false,false,3
local,local-read64-round2-after.log,after,azblob,4,wake,64,PASS,workload,DownloadBlob,GET,206,false,false,4
local,local-read64-round2-after.log,after,azblob,4,wake,64,PASS,workload,DownloadBlob,GET,416,false,true,333
local,local-read64-round2-after.log,after,azblob,4,wake,64,PASS,lifecycle,AppendBlock,PUT,201,false,false,8
local,local-read64-round2-after.log,after,azblob,4,wake,64,PASS,lifecycle,CreateContainer,PUT,201,false,false,6
local,local-read64-round2-after.log,after,azblob,4,wake,64,PASS,lifecycle,DeleteBlob,DELETE,202,false,false,8
local,local-read64-round2-after.log,after,azblob,4,wake,64,PASS,lifecycle,DeleteContainer,DELETE,202,false,false,6
local,local-read64-round2-after.log,after,azblob,4,wake,64,PASS,lifecycle,DownloadBlob,GET,200,false,false,4
local,local-read64-round2-after.log,after,azblob,4,wake,64,PASS,lifecycle,DownloadBlob,GET,206,false,false,4
local,local-read64-round2-after.log,after,azblob,4,wake,64,PASS,lifecycle,DownloadBlob,GET,404,false,true,4
local,local-read64-round2-after.log,after,azblob,4,wake,64,PASS,lifecycle,DownloadBlob,GET,416,false,true,333
local,local-read64-round2-after.log,after,azblob,4,wake,64,PASS,lifecycle,ListBlobs,GET,200,false,false,8
local,local-read64-round2-after.log,after,azblob,4,wake,64,PASS,lifecycle,PutBlob,PUT,201,false,false,16
local,local-read64-round2-after.log,after,azqueue,1,idle,64,PASS,workload,DequeueMessages,GET,200,false,false,73
local,local-read64-round2-after.log,after,azqueue,1,idle,64,PASS,lifecycle,CreateQueue,PUT,201,false,false,4
local,local-read64-round2-after.log,after,azqueue,1,idle,64,PASS,lifecycle,DeleteMessage,DELETE,204,false,false,2
local,local-read64-round2-after.log,after,azqueue,1,idle,64,PASS,lifecycle,DeleteQueue,DELETE,204,false,false,4
local,local-read64-round2-after.log,after,azqueue,1,idle,64,PASS,lifecycle,DequeueMessages,GET,200,false,false,77
local,local-read64-round2-after.log,after,azqueue,1,idle,64,PASS,lifecycle,EnqueueMessage,POST,201,false,false,3
local,local-read64-round2-after.log,after,azqueue,1,idle,64,PASS,lifecycle,PeekMessages,GET,200,false,false,2
local,local-read64-round2-after.log,after,azqueue,1,interactive,64,PASS,workload,DeleteMessage,DELETE,204,false,false,33
local,local-read64-round2-after.log,after,azqueue,1,interactive,64,PASS,workload,DequeueMessages,GET,200,false,false,32
local,local-read64-round2-after.log,after,azqueue,1,interactive,64,PASS,workload,EnqueueMessage,POST,201,false,false,32
local,local-read64-round2-after.log,after,azqueue,1,interactive,64,PASS,lifecycle,CreateQueue,PUT,201,false,false,4
local,local-read64-round2-after.log,after,azqueue,1,interactive,64,PASS,lifecycle,DeleteMessage,DELETE,204,false,false,34
local,local-read64-round2-after.log,after,azqueue,1,interactive,64,PASS,lifecycle,DeleteQueue,DELETE,204,false,false,4
local,local-read64-round2-after.log,after,azqueue,1,interactive,64,PASS,lifecycle,DequeueMessages,GET,200,false,false,35
local,local-read64-round2-after.log,after,azqueue,1,interactive,64,PASS,lifecycle,EnqueueMessage,POST,201,false,false,35
local,local-read64-round2-after.log,after,azqueue,1,interactive,64,PASS,lifecycle,PeekMessages,GET,200,false,false,3
local,local-read64-round2-after.log,after,azqueue,1,stream,64,PASS,workload,DeleteMessage,DELETE,204,false,false,130
local,local-read64-round2-after.log,after,azqueue,1,stream,64,PASS,workload,DequeueMessages,GET,200,false,false,294
local,local-read64-round2-after.log,after,azqueue,1,stream,64,PASS,workload,EnqueueMessage,POST,201,false,false,129
local,local-read64-round2-after.log,after,azqueue,1,stream,64,PASS,lifecycle,CreateQueue,PUT,201,false,false,4
local,local-read64-round2-after.log,after,azqueue,1,stream,64,PASS,lifecycle,DeleteMessage,DELETE,204,false,false,131
local,local-read64-round2-after.log,after,azqueue,1,stream,64,PASS,lifecycle,DeleteQueue,DELETE,204,false,false,4
local,local-read64-round2-after.log,after,azqueue,1,stream,64,PASS,lifecycle,DequeueMessages,GET,200,false,false,297
local,local-read64-round2-after.log,after,azqueue,1,stream,64,PASS,lifecycle,EnqueueMessage,POST,201,false,false,131
local,local-read64-round2-after.log,after,azqueue,1,stream,64,PASS,lifecycle,PeekMessages,GET,200,false,false,2
local,local-read64-round2-after.log,after,azqueue,1,duplex,64,PASS,workload,DeleteMessage,DELETE,204,false,false,259
local,local-read64-round2-after.log,after,azqueue,1,duplex,64,PASS,workload,DequeueMessages,GET,200,false,false,591
local,local-read64-round2-after.log,after,azqueue,1,duplex,64,PASS,workload,EnqueueMessage,POST,201,false,false,258
local,local-read64-round2-after.log,after,azqueue,1,duplex,64,PASS,lifecycle,CreateQueue,PUT,201,false,false,4
local,local-read64-round2-after.log,after,azqueue,1,duplex,64,PASS,lifecycle,DeleteMessage,DELETE,204,false,false,260
local,local-read64-round2-after.log,after,azqueue,1,duplex,64,PASS,lifecycle,DeleteQueue,DELETE,204,false,false,4
local,local-read64-round2-after.log,after,azqueue,1,duplex,64,PASS,lifecycle,DequeueMessages,GET,200,false,false,594
local,local-read64-round2-after.log,after,azqueue,1,duplex,64,PASS,lifecycle,EnqueueMessage,POST,201,false,false,260
local,local-read64-round2-after.log,after,azqueue,1,duplex,64,PASS,lifecycle,PeekMessages,GET,200,false,false,2
local,local-read64-round2-after.log,after,azqueue,1,wake,64,PASS,workload,DeleteMessage,DELETE,204,false,false,1
local,local-read64-round2-after.log,after,azqueue,1,wake,64,PASS,workload,DequeueMessages,GET,200,false,false,78
local,local-read64-round2-after.log,after,azqueue,1,wake,64,PASS,workload,EnqueueMessage,POST,201,false,false,1
local,local-read64-round2-after.log,after,azqueue,1,wake,64,PASS,lifecycle,CreateQueue,PUT,201,false,false,4
local,local-read64-round2-after.log,after,azqueue,1,wake,64,PASS,lifecycle,DeleteMessage,DELETE,204,false,false,3
local,local-read64-round2-after.log,after,azqueue,1,wake,64,PASS,lifecycle,DeleteQueue,DELETE,204,false,false,4
local,local-read64-round2-after.log,after,azqueue,1,wake,64,PASS,lifecycle,DequeueMessages,GET,200,false,false,80
local,local-read64-round2-after.log,after,azqueue,1,wake,64,PASS,lifecycle,EnqueueMessage,POST,201,false,false,4
local,local-read64-round2-after.log,after,azqueue,1,wake,64,PASS,lifecycle,PeekMessages,GET,200,false,false,2
local,local-read64-round2-after.log,after,azqueue,4,idle,64,PASS,workload,DequeueMessages,GET,200,false,false,311
local,local-read64-round2-after.log,after,azqueue,4,idle,64,PASS,lifecycle,CreateQueue,PUT,201,false,false,10
local,local-read64-round2-after.log,after,azqueue,4,idle,64,PASS,lifecycle,DeleteMessage,DELETE,204,false,false,8
local,local-read64-round2-after.log,after,azqueue,4,idle,64,PASS,lifecycle,DeleteQueue,DELETE,204,false,false,10
local,local-read64-round2-after.log,after,azqueue,4,idle,64,PASS,lifecycle,DequeueMessages,GET,200,false,false,323
local,local-read64-round2-after.log,after,azqueue,4,idle,64,PASS,lifecycle,EnqueueMessage,POST,201,false,false,12
local,local-read64-round2-after.log,after,azqueue,4,idle,64,PASS,lifecycle,PeekMessages,GET,200,false,false,10
local,local-read64-round2-after.log,after,azqueue,4,interactive,64,PASS,workload,DeleteMessage,DELETE,204,false,false,132
local,local-read64-round2-after.log,after,azqueue,4,interactive,64,PASS,workload,DequeueMessages,GET,200,false,false,128
local,local-read64-round2-after.log,after,azqueue,4,interactive,64,PASS,workload,EnqueueMessage,POST,201,false,false,128
local,local-read64-round2-after.log,after,azqueue,4,interactive,64,PASS,lifecycle,CreateQueue,PUT,201,false,false,10
local,local-read64-round2-after.log,after,azqueue,4,interactive,64,PASS,lifecycle,DeleteMessage,DELETE,204,false,false,136
local,local-read64-round2-after.log,after,azqueue,4,interactive,64,PASS,lifecycle,DeleteQueue,DELETE,204,false,false,10
local,local-read64-round2-after.log,after,azqueue,4,interactive,64,PASS,lifecycle,DequeueMessages,GET,200,false,false,140
local,local-read64-round2-after.log,after,azqueue,4,interactive,64,PASS,lifecycle,EnqueueMessage,POST,201,false,false,140
local,local-read64-round2-after.log,after,azqueue,4,interactive,64,PASS,lifecycle,PeekMessages,GET,200,false,false,9
local,local-read64-round2-after.log,after,azqueue,4,stream,64,PASS,workload,DeleteMessage,DELETE,204,false,false,520
local,local-read64-round2-after.log,after,azqueue,4,stream,64,PASS,workload,DequeueMessages,GET,200,false,false,1838
local,local-read64-round2-after.log,after,azqueue,4,stream,64,PASS,workload,EnqueueMessage,POST,201,false,false,516
local,local-read64-round2-after.log,after,azqueue,4,stream,64,PASS,lifecycle,CreateQueue,PUT,201,false,false,10
local,local-read64-round2-after.log,after,azqueue,4,stream,64,PASS,lifecycle,DeleteMessage,DELETE,204,false,false,524
local,local-read64-round2-after.log,after,azqueue,4,stream,64,PASS,lifecycle,DeleteQueue,DELETE,204,false,false,10
local,local-read64-round2-after.log,after,azqueue,4,stream,64,PASS,lifecycle,DequeueMessages,GET,200,false,false,1846
local,local-read64-round2-after.log,after,azqueue,4,stream,64,PASS,lifecycle,EnqueueMessage,POST,201,false,false,524
local,local-read64-round2-after.log,after,azqueue,4,stream,64,PASS,lifecycle,PeekMessages,GET,200,false,false,8
local,local-read64-round2-after.log,after,azqueue,4,duplex,64,PASS,workload,DeleteMessage,DELETE,204,false,false,1036
local,local-read64-round2-after.log,after,azqueue,4,duplex,64,PASS,workload,DequeueMessages,GET,200,false,false,7174
local,local-read64-round2-after.log,after,azqueue,4,duplex,64,PASS,workload,EnqueueMessage,POST,201,false,false,1032
local,local-read64-round2-after.log,after,azqueue,4,duplex,64,PASS,lifecycle,CreateQueue,PUT,201,false,false,10
local,local-read64-round2-after.log,after,azqueue,4,duplex,64,PASS,lifecycle,DeleteMessage,DELETE,204,false,false,1040
local,local-read64-round2-after.log,after,azqueue,4,duplex,64,PASS,lifecycle,DeleteQueue,DELETE,204,false,false,10
local,local-read64-round2-after.log,after,azqueue,4,duplex,64,PASS,lifecycle,DequeueMessages,GET,200,false,false,7182
local,local-read64-round2-after.log,after,azqueue,4,duplex,64,PASS,lifecycle,EnqueueMessage,POST,201,false,false,1040
local,local-read64-round2-after.log,after,azqueue,4,duplex,64,PASS,lifecycle,PeekMessages,GET,200,false,false,8
local,local-read64-round2-after.log,after,azqueue,4,wake,64,PASS,workload,DeleteMessage,DELETE,204,false,false,7
local,local-read64-round2-after.log,after,azqueue,4,wake,64,PASS,workload,DequeueMessages,GET,200,false,false,357
local,local-read64-round2-after.log,after,azqueue,4,wake,64,PASS,workload,EnqueueMessage,POST,201,false,false,4
local,local-read64-round2-after.log,after,azqueue,4,wake,64,PASS,lifecycle,CreateQueue,PUT,201,false,false,10
local,local-read64-round2-after.log,after,azqueue,4,wake,64,PASS,lifecycle,DeleteMessage,DELETE,204,false,false,12
local,local-read64-round2-after.log,after,azqueue,4,wake,64,PASS,lifecycle,DeleteQueue,DELETE,204,false,false,10
local,local-read64-round2-after.log,after,azqueue,4,wake,64,PASS,lifecycle,DequeueMessages,GET,200,false,false,367
local,local-read64-round2-after.log,after,azqueue,4,wake,64,PASS,lifecycle,EnqueueMessage,POST,201,false,false,16
local,local-read64-round2-after.log,after,azqueue,4,wake,64,PASS,lifecycle,PeekMessages,GET,200,false,false,8
local,local-read64-round2-after.log,after,aztable,1,idle,64,PASS,workload,QueryEntities,GET,200,false,false,74
local,local-read64-round2-after.log,after,aztable,1,idle,64,PASS,lifecycle,AddEntity,POST,201,false,false,2
local,local-read64-round2-after.log,after,aztable,1,idle,64,PASS,lifecycle,AddEntity,POST,204,false,false,1
local,local-read64-round2-after.log,after,aztable,1,idle,64,PASS,lifecycle,CreateTable,POST,201,false,false,4
local,local-read64-round2-after.log,after,aztable,1,idle,64,PASS,lifecycle,DeleteEntity,DELETE,204,false,false,2
local,local-read64-round2-after.log,after,aztable,1,idle,64,PASS,lifecycle,DeleteTable,DELETE,204,false,false,4
local,local-read64-round2-after.log,after,aztable,1,idle,64,PASS,lifecycle,GetEntity,GET,200,false,false,1
local,local-read64-round2-after.log,after,aztable,1,idle,64,PASS,lifecycle,GetEntity,GET,404,false,true,1
local,local-read64-round2-after.log,after,aztable,1,idle,64,PASS,lifecycle,QueryEntities,GET,200,false,false,76
local,local-read64-round2-after.log,after,aztable,1,interactive,64,PASS,workload,AddEntity,POST,204,false,false,32
local,local-read64-round2-after.log,after,aztable,1,interactive,64,PASS,workload,DeleteEntity,DELETE,204,false,false,1
local,local-read64-round2-after.log,after,aztable,1,interactive,64,PASS,workload,QueryEntities,GET,200,false,false,32
local,local-read64-round2-after.log,after,aztable,1,interactive,64,PASS,lifecycle,AddEntity,POST,201,false,false,2
local,local-read64-round2-after.log,after,aztable,1,interactive,64,PASS,lifecycle,AddEntity,POST,204,false,false,33
local,local-read64-round2-after.log,after,aztable,1,interactive,64,PASS,lifecycle,CreateTable,POST,201,false,false,4
local,local-read64-round2-after.log,after,aztable,1,interactive,64,PASS,lifecycle,DeleteEntity,DELETE,204,false,false,2
local,local-read64-round2-after.log,after,aztable,1,interactive,64,PASS,lifecycle,DeleteTable,DELETE,204,false,false,4
local,local-read64-round2-after.log,after,aztable,1,interactive,64,PASS,lifecycle,GetEntity,GET,200,false,false,1
local,local-read64-round2-after.log,after,aztable,1,interactive,64,PASS,lifecycle,GetEntity,GET,404,false,true,1
local,local-read64-round2-after.log,after,aztable,1,interactive,64,PASS,lifecycle,QueryEntities,GET,200,false,false,34
local,local-read64-round2-after.log,after,aztable,1,stream,64,PASS,workload,AddEntity,POST,204,false,false,65
local,local-read64-round2-after.log,after,aztable,1,stream,64,PASS,workload,DeleteEntity,DELETE,204,false,false,1
local,local-read64-round2-after.log,after,aztable,1,stream,64,PASS,workload,QueryEntities,GET,200,false,false,19
local,local-read64-round2-after.log,after,aztable,1,stream,64,PASS,lifecycle,AddEntity,POST,201,false,false,2
local,local-read64-round2-after.log,after,aztable,1,stream,64,PASS,lifecycle,AddEntity,POST,204,false,false,65
local,local-read64-round2-after.log,after,aztable,1,stream,64,PASS,lifecycle,CreateTable,POST,201,false,false,4
local,local-read64-round2-after.log,after,aztable,1,stream,64,PASS,lifecycle,DeleteEntity,DELETE,204,false,false,2
local,local-read64-round2-after.log,after,aztable,1,stream,64,PASS,lifecycle,DeleteTable,DELETE,204,false,false,4
local,local-read64-round2-after.log,after,aztable,1,stream,64,PASS,lifecycle,GetEntity,GET,200,false,false,1
local,local-read64-round2-after.log,after,aztable,1,stream,64,PASS,lifecycle,GetEntity,GET,404,false,true,1
local,local-read64-round2-after.log,after,aztable,1,stream,64,PASS,lifecycle,QueryEntities,GET,200,false,false,21
local,local-read64-round2-after.log,after,aztable,1,duplex,64,PASS,workload,AddEntity,POST,204,false,false,130
local,local-read64-round2-after.log,after,aztable,1,duplex,64,PASS,workload,DeleteEntity,DELETE,204,false,false,1
local,local-read64-round2-after.log,after,aztable,1,duplex,64,PASS,workload,QueryEntities,GET,200,false,false,41
local,local-read64-round2-after.log,after,aztable,1,duplex,64,PASS,lifecycle,AddEntity,POST,201,false,false,2
local,local-read64-round2-after.log,after,aztable,1,duplex,64,PASS,lifecycle,AddEntity,POST,204,false,false,130
local,local-read64-round2-after.log,after,aztable,1,duplex,64,PASS,lifecycle,CreateTable,POST,201,false,false,4
local,local-read64-round2-after.log,after,aztable,1,duplex,64,PASS,lifecycle,DeleteEntity,DELETE,204,false,false,2
local,local-read64-round2-after.log,after,aztable,1,duplex,64,PASS,lifecycle,DeleteTable,DELETE,204,false,false,4
local,local-read64-round2-after.log,after,aztable,1,duplex,64,PASS,lifecycle,GetEntity,GET,200,false,false,1
local,local-read64-round2-after.log,after,aztable,1,duplex,64,PASS,lifecycle,GetEntity,GET,404,false,true,1
local,local-read64-round2-after.log,after,aztable,1,duplex,64,PASS,lifecycle,QueryEntities,GET,200,false,false,43
local,local-read64-round2-after.log,after,aztable,1,wake,64,PASS,workload,AddEntity,POST,204,false,false,1
local,local-read64-round2-after.log,after,aztable,1,wake,64,PASS,workload,QueryEntities,GET,200,false,false,77
local,local-read64-round2-after.log,after,aztable,1,wake,64,PASS,lifecycle,AddEntity,POST,201,false,false,2
local,local-read64-round2-after.log,after,aztable,1,wake,64,PASS,lifecycle,AddEntity,POST,204,false,false,2
local,local-read64-round2-after.log,after,aztable,1,wake,64,PASS,lifecycle,CreateTable,POST,201,false,false,4
local,local-read64-round2-after.log,after,aztable,1,wake,64,PASS,lifecycle,DeleteEntity,DELETE,204,false,false,2
local,local-read64-round2-after.log,after,aztable,1,wake,64,PASS,lifecycle,DeleteTable,DELETE,204,false,false,4
local,local-read64-round2-after.log,after,aztable,1,wake,64,PASS,lifecycle,GetEntity,GET,200,false,false,1
local,local-read64-round2-after.log,after,aztable,1,wake,64,PASS,lifecycle,GetEntity,GET,404,false,true,1
local,local-read64-round2-after.log,after,aztable,1,wake,64,PASS,lifecycle,QueryEntities,GET,200,false,false,79
local,local-read64-round2-after.log,after,aztable,4,idle,64,PASS,workload,QueryEntities,GET,0,false,true,1
local,local-read64-round2-after.log,after,aztable,4,idle,64,PASS,workload,QueryEntities,GET,200,false,false,316
local,local-read64-round2-after.log,after,aztable,4,idle,64,PASS,lifecycle,AddEntity,POST,201,false,false,8
local,local-read64-round2-after.log,after,aztable,4,idle,64,PASS,lifecycle,AddEntity,POST,204,false,false,4
local,local-read64-round2-after.log,after,aztable,4,idle,64,PASS,lifecycle,CreateTable,POST,201,false,false,10
local,local-read64-round2-after.log,after,aztable,4,idle,64,PASS,lifecycle,DeleteEntity,DELETE,204,false,false,8
local,local-read64-round2-after.log,after,aztable,4,idle,64,PASS,lifecycle,DeleteTable,DELETE,204,false,false,10
local,local-read64-round2-after.log,after,aztable,4,idle,64,PASS,lifecycle,GetEntity,GET,200,false,false,4
local,local-read64-round2-after.log,after,aztable,4,idle,64,PASS,lifecycle,GetEntity,GET,404,false,true,4
local,local-read64-round2-after.log,after,aztable,4,idle,64,PASS,lifecycle,QueryEntities,GET,0,false,true,1
local,local-read64-round2-after.log,after,aztable,4,idle,64,PASS,lifecycle,QueryEntities,GET,200,false,false,324
local,local-read64-round2-after.log,after,aztable,4,interactive,64,PASS,workload,AddEntity,POST,204,false,false,128
local,local-read64-round2-after.log,after,aztable,4,interactive,64,PASS,workload,DeleteEntity,DELETE,204,false,false,4
local,local-read64-round2-after.log,after,aztable,4,interactive,64,PASS,workload,QueryEntities,GET,200,false,false,128
local,local-read64-round2-after.log,after,aztable,4,interactive,64,PASS,lifecycle,AddEntity,POST,201,false,false,8
local,local-read64-round2-after.log,after,aztable,4,interactive,64,PASS,lifecycle,AddEntity,POST,204,false,false,132
local,local-read64-round2-after.log,after,aztable,4,interactive,64,PASS,lifecycle,CreateTable,POST,201,false,false,10
local,local-read64-round2-after.log,after,aztable,4,interactive,64,PASS,lifecycle,DeleteEntity,DELETE,204,false,false,8
local,local-read64-round2-after.log,after,aztable,4,interactive,64,PASS,lifecycle,DeleteTable,DELETE,204,false,false,10
local,local-read64-round2-after.log,after,aztable,4,interactive,64,PASS,lifecycle,GetEntity,GET,200,false,false,4
local,local-read64-round2-after.log,after,aztable,4,interactive,64,PASS,lifecycle,GetEntity,GET,404,false,true,4
local,local-read64-round2-after.log,after,aztable,4,interactive,64,PASS,lifecycle,QueryEntities,GET,200,false,false,136
local,local-read64-round2-after.log,after,aztable,4,stream,64,PASS,workload,AddEntity,POST,204,false,false,260
local,local-read64-round2-after.log,after,aztable,4,stream,64,PASS,workload,DeleteEntity,DELETE,204,false,false,4
local,local-read64-round2-after.log,after,aztable,4,stream,64,PASS,workload,QueryEntities,GET,200,false,false,125
local,local-read64-round2-after.log,after,aztable,4,stream,64,PASS,lifecycle,AddEntity,POST,201,false,false,8
local,local-read64-round2-after.log,after,aztable,4,stream,64,PASS,lifecycle,AddEntity,POST,204,false,false,260
local,local-read64-round2-after.log,after,aztable,4,stream,64,PASS,lifecycle,CreateTable,POST,201,false,false,10
local,local-read64-round2-after.log,after,aztable,4,stream,64,PASS,lifecycle,DeleteEntity,DELETE,204,false,false,8
local,local-read64-round2-after.log,after,aztable,4,stream,64,PASS,lifecycle,DeleteTable,DELETE,204,false,false,10
local,local-read64-round2-after.log,after,aztable,4,stream,64,PASS,lifecycle,GetEntity,GET,200,false,false,4
local,local-read64-round2-after.log,after,aztable,4,stream,64,PASS,lifecycle,GetEntity,GET,404,false,true,4
local,local-read64-round2-after.log,after,aztable,4,stream,64,PASS,lifecycle,QueryEntities,GET,200,false,false,133
local,local-read64-round2-after.log,after,aztable,4,duplex,64,PASS,workload,AddEntity,POST,204,false,false,520
local,local-read64-round2-after.log,after,aztable,4,duplex,64,PASS,workload,DeleteEntity,DELETE,204,false,false,4
local,local-read64-round2-after.log,after,aztable,4,duplex,64,PASS,workload,QueryEntities,GET,200,false,false,392
local,local-read64-round2-after.log,after,aztable,4,duplex,64,PASS,lifecycle,AddEntity,POST,201,false,false,8
local,local-read64-round2-after.log,after,aztable,4,duplex,64,PASS,lifecycle,AddEntity,POST,204,false,false,520
local,local-read64-round2-after.log,after,aztable,4,duplex,64,PASS,lifecycle,CreateTable,POST,201,false,false,10
local,local-read64-round2-after.log,after,aztable,4,duplex,64,PASS,lifecycle,DeleteEntity,DELETE,204,false,false,8
local,local-read64-round2-after.log,after,aztable,4,duplex,64,PASS,lifecycle,DeleteTable,DELETE,204,false,false,10
local,local-read64-round2-after.log,after,aztable,4,duplex,64,PASS,lifecycle,GetEntity,GET,200,false,false,4
local,local-read64-round2-after.log,after,aztable,4,duplex,64,PASS,lifecycle,GetEntity,GET,404,false,true,4
local,local-read64-round2-after.log,after,aztable,4,duplex,64,PASS,lifecycle,QueryEntities,GET,200,false,false,400
local,local-read64-round2-after.log,after,aztable,4,wake,64,PASS,workload,AddEntity,POST,204,false,false,4
local,local-read64-round2-after.log,after,aztable,4,wake,64,PASS,workload,QueryEntities,GET,200,false,false,332
local,local-read64-round2-after.log,after,aztable,4,wake,64,PASS,lifecycle,AddEntity,POST,201,false,false,8
local,local-read64-round2-after.log,after,aztable,4,wake,64,PASS,lifecycle,AddEntity,POST,204,false,false,8
local,local-read64-round2-after.log,after,aztable,4,wake,64,PASS,lifecycle,CreateTable,POST,201,false,false,10
local,local-read64-round2-after.log,after,aztable,4,wake,64,PASS,lifecycle,DeleteEntity,DELETE,204,false,false,8
local,local-read64-round2-after.log,after,aztable,4,wake,64,PASS,lifecycle,DeleteTable,DELETE,204,false,false,10
local,local-read64-round2-after.log,after,aztable,4,wake,64,PASS,lifecycle,GetEntity,GET,200,false,false,4
local,local-read64-round2-after.log,after,aztable,4,wake,64,PASS,lifecycle,GetEntity,GET,404,false,true,4
local,local-read64-round2-after.log,after,aztable,4,wake,64,PASS,lifecycle,QueryEntities,GET,200,false,false,340
local,local-read64-round2-before.log,before,azblob,1,idle,64,PASS,workload,DownloadBlob,GET,416,false,true,70
local,local-read64-round2-before.log,before,azblob,1,idle,64,PASS,lifecycle,AppendBlock,PUT,201,false,false,1
local,local-read64-round2-before.log,before,azblob,1,idle,64,PASS,lifecycle,CreateContainer,PUT,201,false,false,3
local,local-read64-round2-before.log,before,azblob,1,idle,64,PASS,lifecycle,DeleteBlob,DELETE,202,false,false,2
local,local-read64-round2-before.log,before,azblob,1,idle,64,PASS,lifecycle,DeleteContainer,DELETE,202,false,false,3
local,local-read64-round2-before.log,before,azblob,1,idle,64,PASS,lifecycle,DownloadBlob,GET,200,false,false,1
local,local-read64-round2-before.log,before,azblob,1,idle,64,PASS,lifecycle,DownloadBlob,GET,404,false,true,2
local,local-read64-round2-before.log,before,azblob,1,idle,64,PASS,lifecycle,DownloadBlob,GET,416,false,true,70
local,local-read64-round2-before.log,before,azblob,1,idle,64,PASS,lifecycle,ListBlobs,GET,200,false,false,3
local,local-read64-round2-before.log,before,azblob,1,idle,64,PASS,lifecycle,PutBlob,PUT,201,false,false,4
local,local-read64-round2-before.log,before,azblob,1,interactive,64,PASS,workload,AppendBlock,PUT,201,false,false,32
local,local-read64-round2-before.log,before,azblob,1,interactive,64,PASS,workload,DeleteBlob,DELETE,202,false,false,1
local,local-read64-round2-before.log,before,azblob,1,interactive,64,PASS,workload,DownloadBlob,GET,206,false,false,32
local,local-read64-round2-before.log,before,azblob,1,interactive,64,PASS,lifecycle,AppendBlock,PUT,201,false,false,33
local,local-read64-round2-before.log,before,azblob,1,interactive,64,PASS,lifecycle,CreateContainer,PUT,201,false,false,3
local,local-read64-round2-before.log,before,azblob,1,interactive,64,PASS,lifecycle,DeleteBlob,DELETE,202,false,false,2
local,local-read64-round2-before.log,before,azblob,1,interactive,64,PASS,lifecycle,DeleteContainer,DELETE,202,false,false,3
local,local-read64-round2-before.log,before,azblob,1,interactive,64,PASS,lifecycle,DownloadBlob,GET,200,false,false,1
local,local-read64-round2-before.log,before,azblob,1,interactive,64,PASS,lifecycle,DownloadBlob,GET,206,false,false,32
local,local-read64-round2-before.log,before,azblob,1,interactive,64,PASS,lifecycle,DownloadBlob,GET,404,false,true,2
local,local-read64-round2-before.log,before,azblob,1,interactive,64,PASS,lifecycle,ListBlobs,GET,200,false,false,3
local,local-read64-round2-before.log,before,azblob,1,interactive,64,PASS,lifecycle,PutBlob,PUT,201,false,false,4
local,local-read64-round2-before.log,before,azblob,1,stream,64,PASS,workload,AppendBlock,PUT,201,false,false,65
local,local-read64-round2-before.log,before,azblob,1,stream,64,PASS,workload,DeleteBlob,DELETE,202,false,false,1
local,local-read64-round2-before.log,before,azblob,1,stream,64,PASS,workload,DownloadBlob,GET,206,false,false,90
local,local-read64-round2-before.log,before,azblob,1,stream,64,PASS,workload,DownloadBlob,GET,416,false,true,2
local,local-read64-round2-before.log,before,azblob,1,stream,64,PASS,lifecycle,AppendBlock,PUT,201,false,false,65
local,local-read64-round2-before.log,before,azblob,1,stream,64,PASS,lifecycle,CreateContainer,PUT,201,false,false,3
local,local-read64-round2-before.log,before,azblob,1,stream,64,PASS,lifecycle,DeleteBlob,DELETE,202,false,false,2
local,local-read64-round2-before.log,before,azblob,1,stream,64,PASS,lifecycle,DeleteContainer,DELETE,202,false,false,3
local,local-read64-round2-before.log,before,azblob,1,stream,64,PASS,lifecycle,DownloadBlob,GET,200,false,false,1
local,local-read64-round2-before.log,before,azblob,1,stream,64,PASS,lifecycle,DownloadBlob,GET,206,false,false,90
local,local-read64-round2-before.log,before,azblob,1,stream,64,PASS,lifecycle,DownloadBlob,GET,404,false,true,1
local,local-read64-round2-before.log,before,azblob,1,stream,64,PASS,lifecycle,DownloadBlob,GET,416,false,true,2
local,local-read64-round2-before.log,before,azblob,1,stream,64,PASS,lifecycle,ListBlobs,GET,200,false,false,2
local,local-read64-round2-before.log,before,azblob,1,stream,64,PASS,lifecycle,PutBlob,PUT,201,false,false,4
local,local-read64-round2-before.log,before,azblob,1,duplex,64,PASS,workload,AppendBlock,PUT,201,false,false,130
local,local-read64-round2-before.log,before,azblob,1,duplex,64,PASS,workload,DeleteBlob,DELETE,202,false,false,1
local,local-read64-round2-before.log,before,azblob,1,duplex,64,PASS,workload,DownloadBlob,GET,206,false,false,177
local,local-read64-round2-before.log,before,azblob,1,duplex,64,PASS,workload,DownloadBlob,GET,416,false,true,5
local,local-read64-round2-before.log,before,azblob,1,duplex,64,PASS,lifecycle,AppendBlock,PUT,201,false,false,130
local,local-read64-round2-before.log,before,azblob,1,duplex,64,PASS,lifecycle,CreateContainer,PUT,201,false,false,3
local,local-read64-round2-before.log,before,azblob,1,duplex,64,PASS,lifecycle,DeleteBlob,DELETE,202,false,false,2
local,local-read64-round2-before.log,before,azblob,1,duplex,64,PASS,lifecycle,DeleteContainer,DELETE,202,false,false,3
local,local-read64-round2-before.log,before,azblob,1,duplex,64,PASS,lifecycle,DownloadBlob,GET,200,false,false,1
local,local-read64-round2-before.log,before,azblob,1,duplex,64,PASS,lifecycle,DownloadBlob,GET,206,false,false,177
local,local-read64-round2-before.log,before,azblob,1,duplex,64,PASS,lifecycle,DownloadBlob,GET,404,false,true,1
local,local-read64-round2-before.log,before,azblob,1,duplex,64,PASS,lifecycle,DownloadBlob,GET,416,false,true,5
local,local-read64-round2-before.log,before,azblob,1,duplex,64,PASS,lifecycle,ListBlobs,GET,200,false,false,3
local,local-read64-round2-before.log,before,azblob,1,duplex,64,PASS,lifecycle,PutBlob,PUT,201,false,false,4
local,local-read64-round2-before.log,before,azblob,1,wake,64,PASS,workload,AppendBlock,PUT,201,false,false,1
local,local-read64-round2-before.log,before,azblob,1,wake,64,PASS,workload,DownloadBlob,GET,206,false,false,1
local,local-read64-round2-before.log,before,azblob,1,wake,64,PASS,workload,DownloadBlob,GET,416,false,true,75
local,local-read64-round2-before.log,before,azblob,1,wake,64,PASS,lifecycle,AppendBlock,PUT,201,false,false,2
local,local-read64-round2-before.log,before,azblob,1,wake,64,PASS,lifecycle,CreateContainer,PUT,201,false,false,3
local,local-read64-round2-before.log,before,azblob,1,wake,64,PASS,lifecycle,DeleteBlob,DELETE,202,false,false,2
local,local-read64-round2-before.log,before,azblob,1,wake,64,PASS,lifecycle,DeleteContainer,DELETE,202,false,false,3
local,local-read64-round2-before.log,before,azblob,1,wake,64,PASS,lifecycle,DownloadBlob,GET,200,false,false,1
local,local-read64-round2-before.log,before,azblob,1,wake,64,PASS,lifecycle,DownloadBlob,GET,206,false,false,1
local,local-read64-round2-before.log,before,azblob,1,wake,64,PASS,lifecycle,DownloadBlob,GET,404,false,true,1
local,local-read64-round2-before.log,before,azblob,1,wake,64,PASS,lifecycle,DownloadBlob,GET,416,false,true,75
local,local-read64-round2-before.log,before,azblob,1,wake,64,PASS,lifecycle,ListBlobs,GET,200,false,false,2
local,local-read64-round2-before.log,before,azblob,1,wake,64,PASS,lifecycle,PutBlob,PUT,201,false,false,4
local,local-read64-round2-before.log,before,azblob,4,idle,64,PASS,workload,DownloadBlob,GET,416,false,true,323
local,local-read64-round2-before.log,before,azblob,4,idle,64,PASS,lifecycle,AppendBlock,PUT,201,false,false,4
local,local-read64-round2-before.log,before,azblob,4,idle,64,PASS,lifecycle,CreateContainer,PUT,201,false,false,6
local,local-read64-round2-before.log,before,azblob,4,idle,64,PASS,lifecycle,DeleteBlob,DELETE,202,false,false,8
local,local-read64-round2-before.log,before,azblob,4,idle,64,PASS,lifecycle,DeleteContainer,DELETE,202,false,false,6
local,local-read64-round2-before.log,before,azblob,4,idle,64,PASS,lifecycle,DownloadBlob,GET,200,false,false,4
local,local-read64-round2-before.log,before,azblob,4,idle,64,PASS,lifecycle,DownloadBlob,GET,404,false,true,6
local,local-read64-round2-before.log,before,azblob,4,idle,64,PASS,lifecycle,DownloadBlob,GET,416,false,true,323
local,local-read64-round2-before.log,before,azblob,4,idle,64,PASS,lifecycle,ListBlobs,GET,200,false,false,11
local,local-read64-round2-before.log,before,azblob,4,idle,64,PASS,lifecycle,PutBlob,PUT,201,false,false,16
local,local-read64-round2-before.log,before,azblob,4,interactive,64,PASS,workload,AppendBlock,PUT,201,false,false,128
local,local-read64-round2-before.log,before,azblob,4,interactive,64,PASS,workload,DeleteBlob,DELETE,202,false,false,4
local,local-read64-round2-before.log,before,azblob,4,interactive,64,PASS,workload,DownloadBlob,GET,206,false,false,128
local,local-read64-round2-before.log,before,azblob,4,interactive,64,PASS,lifecycle,AppendBlock,PUT,201,false,false,132
local,local-read64-round2-before.log,before,azblob,4,interactive,64,PASS,lifecycle,CreateContainer,PUT,201,false,false,6
local,local-read64-round2-before.log,before,azblob,4,interactive,64,PASS,lifecycle,DeleteBlob,DELETE,202,false,false,8
local,local-read64-round2-before.log,before,azblob,4,interactive,64,PASS,lifecycle,DeleteContainer,DELETE,202,false,false,6
local,local-read64-round2-before.log,before,azblob,4,interactive,64,PASS,lifecycle,DownloadBlob,GET,200,false,false,4
local,local-read64-round2-before.log,before,azblob,4,interactive,64,PASS,lifecycle,DownloadBlob,GET,206,false,false,128
local,local-read64-round2-before.log,before,azblob,4,interactive,64,PASS,lifecycle,DownloadBlob,GET,404,false,true,4
local,local-read64-round2-before.log,before,azblob,4,interactive,64,PASS,lifecycle,ListBlobs,GET,200,false,false,12
local,local-read64-round2-before.log,before,azblob,4,interactive,64,PASS,lifecycle,PutBlob,PUT,201,false,false,16
local,local-read64-round2-before.log,before,azblob,4,stream,64,PASS,workload,AppendBlock,PUT,201,false,false,260
local,local-read64-round2-before.log,before,azblob,4,stream,64,PASS,workload,DeleteBlob,DELETE,202,false,false,4
local,local-read64-round2-before.log,before,azblob,4,stream,64,PASS,workload,DownloadBlob,GET,206,false,false,232
local,local-read64-round2-before.log,before,azblob,4,stream,64,PASS,workload,DownloadBlob,GET,416,false,true,11
local,local-read64-round2-before.log,before,azblob,4,stream,64,PASS,lifecycle,AppendBlock,PUT,201,false,false,260
local,local-read64-round2-before.log,before,azblob,4,stream,64,PASS,lifecycle,CreateContainer,PUT,201,false,false,6
local,local-read64-round2-before.log,before,azblob,4,stream,64,PASS,lifecycle,DeleteBlob,DELETE,202,false,false,8
local,local-read64-round2-before.log,before,azblob,4,stream,64,PASS,lifecycle,DeleteContainer,DELETE,202,false,false,6
local,local-read64-round2-before.log,before,azblob,4,stream,64,PASS,lifecycle,DownloadBlob,GET,200,false,false,4
local,local-read64-round2-before.log,before,azblob,4,stream,64,PASS,lifecycle,DownloadBlob,GET,206,false,false,232
local,local-read64-round2-before.log,before,azblob,4,stream,64,PASS,lifecycle,DownloadBlob,GET,404,false,true,4
local,local-read64-round2-before.log,before,azblob,4,stream,64,PASS,lifecycle,DownloadBlob,GET,416,false,true,11
local,local-read64-round2-before.log,before,azblob,4,stream,64,PASS,lifecycle,ListBlobs,GET,200,false,false,10
local,local-read64-round2-before.log,before,azblob,4,stream,64,PASS,lifecycle,PutBlob,PUT,201,false,false,16
local,local-read64-round2-before.log,before,azblob,4,duplex,64,PASS,workload,AppendBlock,PUT,201,false,false,520
local,local-read64-round2-before.log,before,azblob,4,duplex,64,PASS,workload,DeleteBlob,DELETE,202,false,false,4
local,local-read64-round2-before.log,before,azblob,4,duplex,64,PASS,workload,DownloadBlob,GET,206,false,false,206
local,local-read64-round2-before.log,before,azblob,4,duplex,64,PASS,workload,DownloadBlob,GET,416,false,true,24
local,local-read64-round2-before.log,before,azblob,4,duplex,64,PASS,lifecycle,AppendBlock,PUT,201,false,false,520
local,local-read64-round2-before.log,before,azblob,4,duplex,64,PASS,lifecycle,CreateContainer,PUT,201,false,false,6
local,local-read64-round2-before.log,before,azblob,4,duplex,64,PASS,lifecycle,DeleteBlob,DELETE,202,false,false,8
local,local-read64-round2-before.log,before,azblob,4,duplex,64,PASS,lifecycle,DeleteContainer,DELETE,202,false,false,6
local,local-read64-round2-before.log,before,azblob,4,duplex,64,PASS,lifecycle,DownloadBlob,GET,200,false,false,4
local,local-read64-round2-before.log,before,azblob,4,duplex,64,PASS,lifecycle,DownloadBlob,GET,206,false,false,206
local,local-read64-round2-before.log,before,azblob,4,duplex,64,PASS,lifecycle,DownloadBlob,GET,404,false,true,4
local,local-read64-round2-before.log,before,azblob,4,duplex,64,PASS,lifecycle,DownloadBlob,GET,416,false,true,24
local,local-read64-round2-before.log,before,azblob,4,duplex,64,PASS,lifecycle,ListBlobs,GET,200,false,false,11
local,local-read64-round2-before.log,before,azblob,4,duplex,64,PASS,lifecycle,PutBlob,PUT,201,false,false,16
local,local-read64-round2-before.log,before,azblob,4,wake,64,PASS,workload,AppendBlock,PUT,201,false,false,4
local,local-read64-round2-before.log,before,azblob,4,wake,64,PASS,workload,DeleteBlob,DELETE,202,false,false,1
local,local-read64-round2-before.log,before,azblob,4,wake,64,PASS,workload,DownloadBlob,GET,206,false,false,4
local,local-read64-round2-before.log,before,azblob,4,wake,64,PASS,workload,DownloadBlob,GET,416,false,true,332
local,local-read64-round2-before.log,before,azblob,4,wake,64,PASS,lifecycle,AppendBlock,PUT,201,false,false,8
local,local-read64-round2-before.log,before,azblob,4,wake,64,PASS,lifecycle,CreateContainer,PUT,201,false,false,6
local,local-read64-round2-before.log,before,azblob,4,wake,64,PASS,lifecycle,DeleteBlob,DELETE,202,false,false,8
local,local-read64-round2-before.log,before,azblob,4,wake,64,PASS,lifecycle,DeleteContainer,DELETE,202,false,false,6
local,local-read64-round2-before.log,before,azblob,4,wake,64,PASS,lifecycle,DownloadBlob,GET,200,false,false,4
local,local-read64-round2-before.log,before,azblob,4,wake,64,PASS,lifecycle,DownloadBlob,GET,206,false,false,4
local,local-read64-round2-before.log,before,azblob,4,wake,64,PASS,lifecycle,DownloadBlob,GET,404,false,true,4
local,local-read64-round2-before.log,before,azblob,4,wake,64,PASS,lifecycle,DownloadBlob,GET,416,false,true,332
local,local-read64-round2-before.log,before,azblob,4,wake,64,PASS,lifecycle,ListBlobs,GET,200,false,false,8
local,local-read64-round2-before.log,before,azblob,4,wake,64,PASS,lifecycle,PutBlob,PUT,201,false,false,16
local,local-read64-round2-before.log,before,azqueue,1,idle,64,PASS,workload,DequeueMessages,GET,200,false,false,74
local,local-read64-round2-before.log,before,azqueue,1,idle,64,PASS,lifecycle,CreateQueue,PUT,201,false,false,4
local,local-read64-round2-before.log,before,azqueue,1,idle,64,PASS,lifecycle,DeleteMessage,DELETE,204,false,false,2
local,local-read64-round2-before.log,before,azqueue,1,idle,64,PASS,lifecycle,DeleteQueue,DELETE,204,false,false,4
local,local-read64-round2-before.log,before,azqueue,1,idle,64,PASS,lifecycle,DequeueMessages,GET,200,false,false,77
local,local-read64-round2-before.log,before,azqueue,1,idle,64,PASS,lifecycle,EnqueueMessage,POST,201,false,false,3
local,local-read64-round2-before.log,before,azqueue,1,idle,64,PASS,lifecycle,PeekMessages,GET,200,false,false,2
local,local-read64-round2-before.log,before,azqueue,1,interactive,64,PASS,workload,DeleteMessage,DELETE,204,false,false,33
local,local-read64-round2-before.log,before,azqueue,1,interactive,64,PASS,workload,DequeueMessages,GET,200,false,false,32
local,local-read64-round2-before.log,before,azqueue,1,interactive,64,PASS,workload,EnqueueMessage,POST,201,false,false,32
local,local-read64-round2-before.log,before,azqueue,1,interactive,64,PASS,lifecycle,CreateQueue,PUT,201,false,false,4
local,local-read64-round2-before.log,before,azqueue,1,interactive,64,PASS,lifecycle,DeleteMessage,DELETE,204,false,false,34
local,local-read64-round2-before.log,before,azqueue,1,interactive,64,PASS,lifecycle,DeleteQueue,DELETE,204,false,false,4
local,local-read64-round2-before.log,before,azqueue,1,interactive,64,PASS,lifecycle,DequeueMessages,GET,200,false,false,35
local,local-read64-round2-before.log,before,azqueue,1,interactive,64,PASS,lifecycle,EnqueueMessage,POST,201,false,false,35
local,local-read64-round2-before.log,before,azqueue,1,interactive,64,PASS,lifecycle,PeekMessages,GET,200,false,false,3
local,local-read64-round2-before.log,before,azqueue,1,stream,64,PASS,workload,DeleteMessage,DELETE,204,false,false,130
local,local-read64-round2-before.log,before,azqueue,1,stream,64,PASS,workload,DequeueMessages,GET,200,false,false,233
local,local-read64-round2-before.log,before,azqueue,1,stream,64,PASS,workload,EnqueueMessage,POST,201,false,false,129
local,local-read64-round2-before.log,before,azqueue,1,stream,64,PASS,lifecycle,CreateQueue,PUT,201,false,false,4
local,local-read64-round2-before.log,before,azqueue,1,stream,64,PASS,lifecycle,DeleteMessage,DELETE,204,false,false,131
local,local-read64-round2-before.log,before,azqueue,1,stream,64,PASS,lifecycle,DeleteQueue,DELETE,204,false,false,4
local,local-read64-round2-before.log,before,azqueue,1,stream,64,PASS,lifecycle,DequeueMessages,GET,200,false,false,236
local,local-read64-round2-before.log,before,azqueue,1,stream,64,PASS,lifecycle,EnqueueMessage,POST,201,false,false,131
local,local-read64-round2-before.log,before,azqueue,1,stream,64,PASS,lifecycle,PeekMessages,GET,200,false,false,3
local,local-read64-round2-before.log,before,azqueue,1,duplex,64,PASS,workload,DeleteMessage,DELETE,204,false,false,259
local,local-read64-round2-before.log,before,azqueue,1,duplex,64,PASS,workload,DequeueMessages,GET,200,false,false,494
local,local-read64-round2-before.log,before,azqueue,1,duplex,64,PASS,workload,EnqueueMessage,POST,201,false,false,258
local,local-read64-round2-before.log,before,azqueue,1,duplex,64,PASS,lifecycle,CreateQueue,PUT,201,false,false,4
local,local-read64-round2-before.log,before,azqueue,1,duplex,64,PASS,lifecycle,DeleteMessage,DELETE,204,false,false,260
local,local-read64-round2-before.log,before,azqueue,1,duplex,64,PASS,lifecycle,DeleteQueue,DELETE,204,false,false,4
local,local-read64-round2-before.log,before,azqueue,1,duplex,64,PASS,lifecycle,DequeueMessages,GET,200,false,false,497
local,local-read64-round2-before.log,before,azqueue,1,duplex,64,PASS,lifecycle,EnqueueMessage,POST,201,false,false,260
local,local-read64-round2-before.log,before,azqueue,1,duplex,64,PASS,lifecycle,PeekMessages,GET,200,false,false,2
local,local-read64-round2-before.log,before,azqueue,1,wake,64,PASS,workload,DeleteMessage,DELETE,204,false,false,1
local,local-read64-round2-before.log,before,azqueue,1,wake,64,PASS,workload,DequeueMessages,GET,200,false,false,78
local,local-read64-round2-before.log,before,azqueue,1,wake,64,PASS,workload,EnqueueMessage,POST,201,false,false,1
local,local-read64-round2-before.log,before,azqueue,1,wake,64,PASS,lifecycle,CreateQueue,PUT,201,false,false,4
local,local-read64-round2-before.log,before,azqueue,1,wake,64,PASS,lifecycle,DeleteMessage,DELETE,204,false,false,3
local,local-read64-round2-before.log,before,azqueue,1,wake,64,PASS,lifecycle,DeleteQueue,DELETE,204,false,false,4
local,local-read64-round2-before.log,before,azqueue,1,wake,64,PASS,lifecycle,DequeueMessages,GET,200,false,false,80
local,local-read64-round2-before.log,before,azqueue,1,wake,64,PASS,lifecycle,EnqueueMessage,POST,201,false,false,4
local,local-read64-round2-before.log,before,azqueue,1,wake,64,PASS,lifecycle,PeekMessages,GET,200,false,false,2
local,local-read64-round2-before.log,before,azqueue,4,idle,64,PASS,workload,DequeueMessages,GET,0,false,true,2
local,local-read64-round2-before.log,before,azqueue,4,idle,64,PASS,workload,DequeueMessages,GET,200,false,false,311
local,local-read64-round2-before.log,before,azqueue,4,idle,64,PASS,lifecycle,CreateQueue,PUT,201,false,false,10
local,local-read64-round2-before.log,before,azqueue,4,idle,64,PASS,lifecycle,DeleteMessage,DELETE,204,false,false,8
local,local-read64-round2-before.log,before,azqueue,4,idle,64,PASS,lifecycle,DeleteQueue,DELETE,204,false,false,10
local,local-read64-round2-before.log,before,azqueue,4,idle,64,PASS,lifecycle,DequeueMessages,GET,0,false,true,2
local,local-read64-round2-before.log,before,azqueue,4,idle,64,PASS,lifecycle,DequeueMessages,GET,200,false,false,323
local,local-read64-round2-before.log,before,azqueue,4,idle,64,PASS,lifecycle,EnqueueMessage,POST,201,false,false,12
local,local-read64-round2-before.log,before,azqueue,4,idle,64,PASS,lifecycle,PeekMessages,GET,200,false,false,9
local,local-read64-round2-before.log,before,azqueue,4,interactive,64,PASS,workload,DeleteMessage,DELETE,204,false,false,132
local,local-read64-round2-before.log,before,azqueue,4,interactive,64,PASS,workload,DequeueMessages,GET,200,false,false,128
local,local-read64-round2-before.log,before,azqueue,4,interactive,64,PASS,workload,EnqueueMessage,POST,201,false,false,128
local,local-read64-round2-before.log,before,azqueue,4,interactive,64,PASS,lifecycle,CreateQueue,PUT,201,false,false,10
local,local-read64-round2-before.log,before,azqueue,4,interactive,64,PASS,lifecycle,DeleteMessage,DELETE,204,false,false,136
local,local-read64-round2-before.log,before,azqueue,4,interactive,64,PASS,lifecycle,DeleteQueue,DELETE,204,false,false,10
local,local-read64-round2-before.log,before,azqueue,4,interactive,64,PASS,lifecycle,DequeueMessages,GET,200,false,false,140
local,local-read64-round2-before.log,before,azqueue,4,interactive,64,PASS,lifecycle,EnqueueMessage,POST,201,false,false,140
local,local-read64-round2-before.log,before,azqueue,4,interactive,64,PASS,lifecycle,PeekMessages,GET,200,false,false,8
local,local-read64-round2-before.log,before,azqueue,4,stream,64,PASS,workload,DeleteMessage,DELETE,204,false,false,520
local,local-read64-round2-before.log,before,azqueue,4,stream,64,PASS,workload,DequeueMessages,GET,200,false,false,1632
local,local-read64-round2-before.log,before,azqueue,4,stream,64,PASS,workload,EnqueueMessage,POST,201,false,false,516
local,local-read64-round2-before.log,before,azqueue,4,stream,64,PASS,lifecycle,CreateQueue,PUT,201,false,false,10
local,local-read64-round2-before.log,before,azqueue,4,stream,64,PASS,lifecycle,DeleteMessage,DELETE,204,false,false,524
local,local-read64-round2-before.log,before,azqueue,4,stream,64,PASS,lifecycle,DeleteQueue,DELETE,204,false,false,10
local,local-read64-round2-before.log,before,azqueue,4,stream,64,PASS,lifecycle,DequeueMessages,GET,200,false,false,1640
local,local-read64-round2-before.log,before,azqueue,4,stream,64,PASS,lifecycle,EnqueueMessage,POST,201,false,false,524
local,local-read64-round2-before.log,before,azqueue,4,stream,64,PASS,lifecycle,PeekMessages,GET,200,false,false,8
local,local-read64-round2-before.log,before,azqueue,4,duplex,64,PASS,workload,DeleteMessage,DELETE,204,false,false,1036
local,local-read64-round2-before.log,before,azqueue,4,duplex,64,PASS,workload,DequeueMessages,GET,200,false,false,7064
local,local-read64-round2-before.log,before,azqueue,4,duplex,64,PASS,workload,EnqueueMessage,POST,201,false,false,1032
local,local-read64-round2-before.log,before,azqueue,4,duplex,64,PASS,lifecycle,CreateQueue,PUT,201,false,false,10
local,local-read64-round2-before.log,before,azqueue,4,duplex,64,PASS,lifecycle,DeleteMessage,DELETE,204,false,false,1040
local,local-read64-round2-before.log,before,azqueue,4,duplex,64,PASS,lifecycle,DeleteQueue,DELETE,204,false,false,10
local,local-read64-round2-before.log,before,azqueue,4,duplex,64,PASS,lifecycle,DequeueMessages,GET,200,false,false,7072
local,local-read64-round2-before.log,before,azqueue,4,duplex,64,PASS,lifecycle,EnqueueMessage,POST,201,false,false,1040
local,local-read64-round2-before.log,before,azqueue,4,duplex,64,PASS,lifecycle,PeekMessages,GET,200,false,false,8
local,local-read64-round2-before.log,before,azqueue,4,wake,64,PASS,workload,DeleteMessage,DELETE,204,false,false,7
local,local-read64-round2-before.log,before,azqueue,4,wake,64,PASS,workload,DequeueMessages,GET,200,false,false,334
local,local-read64-round2-before.log,before,azqueue,4,wake,64,PASS,workload,EnqueueMessage,POST,201,false,false,4
local,local-read64-round2-before.log,before,azqueue,4,wake,64,PASS,lifecycle,CreateQueue,PUT,201,false,false,10
local,local-read64-round2-before.log,before,azqueue,4,wake,64,PASS,lifecycle,DeleteMessage,DELETE,204,false,false,12
local,local-read64-round2-before.log,before,azqueue,4,wake,64,PASS,lifecycle,DeleteQueue,DELETE,204,false,false,10
local,local-read64-round2-before.log,before,azqueue,4,wake,64,PASS,lifecycle,DequeueMessages,GET,200,false,false,342
local,local-read64-round2-before.log,before,azqueue,4,wake,64,PASS,lifecycle,EnqueueMessage,POST,201,false,false,16
local,local-read64-round2-before.log,before,azqueue,4,wake,64,PASS,lifecycle,PeekMessages,GET,200,false,false,8
local,local-read64-round2-before.log,before,aztable,1,idle,64,PASS,workload,QueryEntities,GET,200,false,false,75
local,local-read64-round2-before.log,before,aztable,1,idle,64,PASS,lifecycle,AddEntity,POST,201,false,false,2
local,local-read64-round2-before.log,before,aztable,1,idle,64,PASS,lifecycle,AddEntity,POST,204,false,false,1
local,local-read64-round2-before.log,before,aztable,1,idle,64,PASS,lifecycle,CreateTable,POST,201,false,false,4
local,local-read64-round2-before.log,before,aztable,1,idle,64,PASS,lifecycle,DeleteEntity,DELETE,204,false,false,2
local,local-read64-round2-before.log,before,aztable,1,idle,64,PASS,lifecycle,DeleteTable,DELETE,204,false,false,4
local,local-read64-round2-before.log,before,aztable,1,idle,64,PASS,lifecycle,GetEntity,GET,200,false,false,1
local,local-read64-round2-before.log,before,aztable,1,idle,64,PASS,lifecycle,GetEntity,GET,404,false,true,1
local,local-read64-round2-before.log,before,aztable,1,idle,64,PASS,lifecycle,QueryEntities,GET,200,false,false,77
local,local-read64-round2-before.log,before,aztable,1,interactive,64,PASS,workload,AddEntity,POST,204,false,false,32
local,local-read64-round2-before.log,before,aztable,1,interactive,64,PASS,workload,DeleteEntity,DELETE,204,false,false,1
local,local-read64-round2-before.log,before,aztable,1,interactive,64,PASS,workload,QueryEntities,GET,200,false,false,32
local,local-read64-round2-before.log,before,aztable,1,interactive,64,PASS,lifecycle,AddEntity,POST,201,false,false,2
local,local-read64-round2-before.log,before,aztable,1,interactive,64,PASS,lifecycle,AddEntity,POST,204,false,false,33
local,local-read64-round2-before.log,before,aztable,1,interactive,64,PASS,lifecycle,CreateTable,POST,201,false,false,4
local,local-read64-round2-before.log,before,aztable,1,interactive,64,PASS,lifecycle,DeleteEntity,DELETE,204,false,false,2
local,local-read64-round2-before.log,before,aztable,1,interactive,64,PASS,lifecycle,DeleteTable,DELETE,204,false,false,4
local,local-read64-round2-before.log,before,aztable,1,interactive,64,PASS,lifecycle,GetEntity,GET,200,false,false,1
local,local-read64-round2-before.log,before,aztable,1,interactive,64,PASS,lifecycle,GetEntity,GET,404,false,true,1
local,local-read64-round2-before.log,before,aztable,1,interactive,64,PASS,lifecycle,QueryEntities,GET,200,false,false,34
local,local-read64-round2-before.log,before,aztable,1,stream,64,PASS,workload,AddEntity,POST,204,false,false,65
local,local-read64-round2-before.log,before,aztable,1,stream,64,PASS,workload,DeleteEntity,DELETE,204,false,false,1
local,local-read64-round2-before.log,before,aztable,1,stream,64,PASS,workload,QueryEntities,GET,200,false,false,20
local,local-read64-round2-before.log,before,aztable,1,stream,64,PASS,lifecycle,AddEntity,POST,201,false,false,2
local,local-read64-round2-before.log,before,aztable,1,stream,64,PASS,lifecycle,AddEntity,POST,204,false,false,65
local,local-read64-round2-before.log,before,aztable,1,stream,64,PASS,lifecycle,CreateTable,POST,201,false,false,4
local,local-read64-round2-before.log,before,aztable,1,stream,64,PASS,lifecycle,DeleteEntity,DELETE,204,false,false,2
local,local-read64-round2-before.log,before,aztable,1,stream,64,PASS,lifecycle,DeleteTable,DELETE,204,false,false,4
local,local-read64-round2-before.log,before,aztable,1,stream,64,PASS,lifecycle,GetEntity,GET,200,false,false,1
local,local-read64-round2-before.log,before,aztable,1,stream,64,PASS,lifecycle,GetEntity,GET,404,false,true,1
local,local-read64-round2-before.log,before,aztable,1,stream,64,PASS,lifecycle,QueryEntities,GET,200,false,false,22
local,local-read64-round2-before.log,before,aztable,1,duplex,64,PASS,workload,AddEntity,POST,204,false,false,130
local,local-read64-round2-before.log,before,aztable,1,duplex,64,PASS,workload,DeleteEntity,DELETE,204,false,false,1
local,local-read64-round2-before.log,before,aztable,1,duplex,64,PASS,workload,QueryEntities,GET,200,false,false,39
local,local-read64-round2-before.log,before,aztable,1,duplex,64,PASS,lifecycle,AddEntity,POST,201,false,false,2
local,local-read64-round2-before.log,before,aztable,1,duplex,64,PASS,lifecycle,AddEntity,POST,204,false,false,130
local,local-read64-round2-before.log,before,aztable,1,duplex,64,PASS,lifecycle,CreateTable,POST,201,false,false,4
local,local-read64-round2-before.log,before,aztable,1,duplex,64,PASS,lifecycle,DeleteEntity,DELETE,204,false,false,2
local,local-read64-round2-before.log,before,aztable,1,duplex,64,PASS,lifecycle,DeleteTable,DELETE,204,false,false,4
local,local-read64-round2-before.log,before,aztable,1,duplex,64,PASS,lifecycle,GetEntity,GET,200,false,false,1
local,local-read64-round2-before.log,before,aztable,1,duplex,64,PASS,lifecycle,GetEntity,GET,404,false,true,1
local,local-read64-round2-before.log,before,aztable,1,duplex,64,PASS,lifecycle,QueryEntities,GET,200,false,false,40
local,local-read64-round2-before.log,before,aztable,1,wake,64,PASS,workload,AddEntity,POST,204,false,false,1
local,local-read64-round2-before.log,before,aztable,1,wake,64,PASS,workload,QueryEntities,GET,200,false,false,78
local,local-read64-round2-before.log,before,aztable,1,wake,64,PASS,lifecycle,AddEntity,POST,201,false,false,2
local,local-read64-round2-before.log,before,aztable,1,wake,64,PASS,lifecycle,AddEntity,POST,204,false,false,2
local,local-read64-round2-before.log,before,aztable,1,wake,64,PASS,lifecycle,CreateTable,POST,201,false,false,4
local,local-read64-round2-before.log,before,aztable,1,wake,64,PASS,lifecycle,DeleteEntity,DELETE,204,false,false,2
local,local-read64-round2-before.log,before,aztable,1,wake,64,PASS,lifecycle,DeleteTable,DELETE,204,false,false,4
local,local-read64-round2-before.log,before,aztable,1,wake,64,PASS,lifecycle,GetEntity,GET,200,false,false,1
local,local-read64-round2-before.log,before,aztable,1,wake,64,PASS,lifecycle,GetEntity,GET,404,false,true,1
local,local-read64-round2-before.log,before,aztable,1,wake,64,PASS,lifecycle,QueryEntities,GET,200,false,false,80
local,local-read64-round2-before.log,before,aztable,4,idle,64,PASS,workload,QueryEntities,GET,0,false,true,4
local,local-read64-round2-before.log,before,aztable,4,idle,64,PASS,workload,QueryEntities,GET,200,false,false,299
local,local-read64-round2-before.log,before,aztable,4,idle,64,PASS,lifecycle,AddEntity,POST,201,false,false,8
local,local-read64-round2-before.log,before,aztable,4,idle,64,PASS,lifecycle,AddEntity,POST,204,false,false,4
local,local-read64-round2-before.log,before,aztable,4,idle,64,PASS,lifecycle,CreateTable,POST,201,false,false,10
local,local-read64-round2-before.log,before,aztable,4,idle,64,PASS,lifecycle,DeleteEntity,DELETE,204,false,false,8
local,local-read64-round2-before.log,before,aztable,4,idle,64,PASS,lifecycle,DeleteTable,DELETE,204,false,false,10
local,local-read64-round2-before.log,before,aztable,4,idle,64,PASS,lifecycle,GetEntity,GET,200,false,false,4
local,local-read64-round2-before.log,before,aztable,4,idle,64,PASS,lifecycle,GetEntity,GET,404,false,true,4
local,local-read64-round2-before.log,before,aztable,4,idle,64,PASS,lifecycle,QueryEntities,GET,0,false,true,4
local,local-read64-round2-before.log,before,aztable,4,idle,64,PASS,lifecycle,QueryEntities,GET,200,false,false,307
local,local-read64-round2-before.log,before,aztable,4,interactive,64,PASS,workload,AddEntity,POST,204,false,false,128
local,local-read64-round2-before.log,before,aztable,4,interactive,64,PASS,workload,DeleteEntity,DELETE,204,false,false,4
local,local-read64-round2-before.log,before,aztable,4,interactive,64,PASS,workload,QueryEntities,GET,200,false,false,128
local,local-read64-round2-before.log,before,aztable,4,interactive,64,PASS,lifecycle,AddEntity,POST,201,false,false,8
local,local-read64-round2-before.log,before,aztable,4,interactive,64,PASS,lifecycle,AddEntity,POST,204,false,false,132
local,local-read64-round2-before.log,before,aztable,4,interactive,64,PASS,lifecycle,CreateTable,POST,201,false,false,10
local,local-read64-round2-before.log,before,aztable,4,interactive,64,PASS,lifecycle,DeleteEntity,DELETE,204,false,false,8
local,local-read64-round2-before.log,before,aztable,4,interactive,64,PASS,lifecycle,DeleteTable,DELETE,204,false,false,10
local,local-read64-round2-before.log,before,aztable,4,interactive,64,PASS,lifecycle,GetEntity,GET,200,false,false,4
local,local-read64-round2-before.log,before,aztable,4,interactive,64,PASS,lifecycle,GetEntity,GET,404,false,true,5
local,local-read64-round2-before.log,before,aztable,4,interactive,64,PASS,lifecycle,QueryEntities,GET,200,false,false,136
local,local-read64-round2-before.log,before,aztable,4,stream,64,PASS,workload,AddEntity,POST,204,false,false,260
local,local-read64-round2-before.log,before,aztable,4,stream,64,PASS,workload,DeleteEntity,DELETE,204,false,false,4
local,local-read64-round2-before.log,before,aztable,4,stream,64,PASS,workload,QueryEntities,GET,200,false,false,106
local,local-read64-round2-before.log,before,aztable,4,stream,64,PASS,lifecycle,AddEntity,POST,201,false,false,8
local,local-read64-round2-before.log,before,aztable,4,stream,64,PASS,lifecycle,AddEntity,POST,204,false,false,260
local,local-read64-round2-before.log,before,aztable,4,stream,64,PASS,lifecycle,CreateTable,POST,201,false,false,10
local,local-read64-round2-before.log,before,aztable,4,stream,64,PASS,lifecycle,DeleteEntity,DELETE,204,false,false,8
local,local-read64-round2-before.log,before,aztable,4,stream,64,PASS,lifecycle,DeleteTable,DELETE,204,false,false,10
local,local-read64-round2-before.log,before,aztable,4,stream,64,PASS,lifecycle,GetEntity,GET,200,false,false,4
local,local-read64-round2-before.log,before,aztable,4,stream,64,PASS,lifecycle,GetEntity,GET,404,false,true,4
local,local-read64-round2-before.log,before,aztable,4,stream,64,PASS,lifecycle,QueryEntities,GET,200,false,false,114
local,local-read64-round2-before.log,before,aztable,4,duplex,64,PASS,workload,AddEntity,POST,204,false,false,520
local,local-read64-round2-before.log,before,aztable,4,duplex,64,PASS,workload,DeleteEntity,DELETE,204,false,false,4
local,local-read64-round2-before.log,before,aztable,4,duplex,64,PASS,workload,QueryEntities,GET,200,false,false,434
local,local-read64-round2-before.log,before,aztable,4,duplex,64,PASS,lifecycle,AddEntity,POST,201,false,false,8
local,local-read64-round2-before.log,before,aztable,4,duplex,64,PASS,lifecycle,AddEntity,POST,204,false,false,520
local,local-read64-round2-before.log,before,aztable,4,duplex,64,PASS,lifecycle,CreateTable,POST,201,false,false,10
local,local-read64-round2-before.log,before,aztable,4,duplex,64,PASS,lifecycle,DeleteEntity,DELETE,204,false,false,8
local,local-read64-round2-before.log,before,aztable,4,duplex,64,PASS,lifecycle,DeleteTable,DELETE,204,false,false,10
local,local-read64-round2-before.log,before,aztable,4,duplex,64,PASS,lifecycle,GetEntity,GET,200,false,false,4
local,local-read64-round2-before.log,before,aztable,4,duplex,64,PASS,lifecycle,GetEntity,GET,404,false,true,4
local,local-read64-round2-before.log,before,aztable,4,duplex,64,PASS,lifecycle,QueryEntities,GET,200,false,false,442
local,local-read64-round2-before.log,before,aztable,4,wake,64,PASS,workload,AddEntity,POST,204,false,false,4
local,local-read64-round2-before.log,before,aztable,4,wake,64,PASS,workload,DeleteEntity,DELETE,204,false,false,2
local,local-read64-round2-before.log,before,aztable,4,wake,64,PASS,workload,QueryEntities,GET,200,false,false,316
local,local-read64-round2-before.log,before,aztable,4,wake,64,PASS,lifecycle,AddEntity,POST,201,false,false,8
local,local-read64-round2-before.log,before,aztable,4,wake,64,PASS,lifecycle,AddEntity,POST,204,false,false,8
local,local-read64-round2-before.log,before,aztable,4,wake,64,PASS,lifecycle,CreateTable,POST,201,false,false,10
local,local-read64-round2-before.log,before,aztable,4,wake,64,PASS,lifecycle,DeleteEntity,DELETE,204,false,false,8
local,local-read64-round2-before.log,before,aztable,4,wake,64,PASS,lifecycle,DeleteTable,DELETE,204,false,false,10
local,local-read64-round2-before.log,before,aztable,4,wake,64,PASS,lifecycle,GetEntity,GET,200,false,false,4
local,local-read64-round2-before.log,before,aztable,4,wake,64,PASS,lifecycle,GetEntity,GET,404,false,true,4
local,local-read64-round2-before.log,before,aztable,4,wake,64,PASS,lifecycle,QueryEntities,GET,200,false,false,324
local,local-read64-round3-after.log,after,azblob,1,idle,64,PASS,workload,DownloadBlob,GET,0,false,true,1
local,local-read64-round3-after.log,after,azblob,1,idle,64,PASS,workload,DownloadBlob,GET,416,false,true,73
local,local-read64-round3-after.log,after,azblob,1,idle,64,PASS,lifecycle,AppendBlock,PUT,201,false,false,1
local,local-read64-round3-after.log,after,azblob,1,idle,64,PASS,lifecycle,CreateContainer,PUT,201,false,false,3
local,local-read64-round3-after.log,after,azblob,1,idle,64,PASS,lifecycle,DeleteBlob,DELETE,202,false,false,2
local,local-read64-round3-after.log,after,azblob,1,idle,64,PASS,lifecycle,DeleteContainer,DELETE,202,false,false,3
local,local-read64-round3-after.log,after,azblob,1,idle,64,PASS,lifecycle,DownloadBlob,GET,0,false,true,1
local,local-read64-round3-after.log,after,azblob,1,idle,64,PASS,lifecycle,DownloadBlob,GET,200,false,false,1
local,local-read64-round3-after.log,after,azblob,1,idle,64,PASS,lifecycle,DownloadBlob,GET,404,false,true,2
local,local-read64-round3-after.log,after,azblob,1,idle,64,PASS,lifecycle,DownloadBlob,GET,416,false,true,73
local,local-read64-round3-after.log,after,azblob,1,idle,64,PASS,lifecycle,ListBlobs,GET,200,false,false,5
local,local-read64-round3-after.log,after,azblob,1,idle,64,PASS,lifecycle,PutBlob,PUT,201,false,false,4
local,local-read64-round3-after.log,after,azblob,1,interactive,64,PASS,workload,AppendBlock,PUT,201,false,false,32
local,local-read64-round3-after.log,after,azblob,1,interactive,64,PASS,workload,DeleteBlob,DELETE,202,false,false,1
local,local-read64-round3-after.log,after,azblob,1,interactive,64,PASS,workload,DownloadBlob,GET,206,false,false,32
local,local-read64-round3-after.log,after,azblob,1,interactive,64,PASS,lifecycle,AppendBlock,PUT,201,false,false,33
local,local-read64-round3-after.log,after,azblob,1,interactive,64,PASS,lifecycle,CreateContainer,PUT,201,false,false,3
local,local-read64-round3-after.log,after,azblob,1,interactive,64,PASS,lifecycle,DeleteBlob,DELETE,202,false,false,2
local,local-read64-round3-after.log,after,azblob,1,interactive,64,PASS,lifecycle,DeleteContainer,DELETE,202,false,false,3
local,local-read64-round3-after.log,after,azblob,1,interactive,64,PASS,lifecycle,DownloadBlob,GET,200,false,false,1
local,local-read64-round3-after.log,after,azblob,1,interactive,64,PASS,lifecycle,DownloadBlob,GET,206,false,false,32
local,local-read64-round3-after.log,after,azblob,1,interactive,64,PASS,lifecycle,DownloadBlob,GET,404,false,true,2
local,local-read64-round3-after.log,after,azblob,1,interactive,64,PASS,lifecycle,ListBlobs,GET,200,false,false,3
local,local-read64-round3-after.log,after,azblob,1,interactive,64,PASS,lifecycle,PutBlob,PUT,201,false,false,4
local,local-read64-round3-after.log,after,azblob,1,stream,64,PASS,workload,AppendBlock,PUT,201,false,false,65
local,local-read64-round3-after.log,after,azblob,1,stream,64,PASS,workload,DeleteBlob,DELETE,202,false,false,1
local,local-read64-round3-after.log,after,azblob,1,stream,64,PASS,workload,DownloadBlob,GET,206,false,false,155
local,local-read64-round3-after.log,after,azblob,1,stream,64,PASS,workload,DownloadBlob,GET,416,false,true,2
local,local-read64-round3-after.log,after,azblob,1,stream,64,PASS,lifecycle,AppendBlock,PUT,201,false,false,65
local,local-read64-round3-after.log,after,azblob,1,stream,64,PASS,lifecycle,CreateContainer,PUT,201,false,false,3
local,local-read64-round3-after.log,after,azblob,1,stream,64,PASS,lifecycle,DeleteBlob,DELETE,202,false,false,2
local,local-read64-round3-after.log,after,azblob,1,stream,64,PASS,lifecycle,DeleteContainer,DELETE,202,false,false,3
local,local-read64-round3-after.log,after,azblob,1,stream,64,PASS,lifecycle,DownloadBlob,GET,200,false,false,1
local,local-read64-round3-after.log,after,azblob,1,stream,64,PASS,lifecycle,DownloadBlob,GET,206,false,false,155
local,local-read64-round3-after.log,after,azblob,1,stream,64,PASS,lifecycle,DownloadBlob,GET,404,false,true,1
local,local-read64-round3-after.log,after,azblob,1,stream,64,PASS,lifecycle,DownloadBlob,GET,416,false,true,2
local,local-read64-round3-after.log,after,azblob,1,stream,64,PASS,lifecycle,ListBlobs,GET,200,false,false,3
local,local-read64-round3-after.log,after,azblob,1,stream,64,PASS,lifecycle,PutBlob,PUT,201,false,false,4
local,local-read64-round3-after.log,after,azblob,1,duplex,64,PASS,workload,AppendBlock,PUT,201,false,false,130
local,local-read64-round3-after.log,after,azblob,1,duplex,64,PASS,workload,DeleteBlob,DELETE,202,false,false,1
local,local-read64-round3-after.log,after,azblob,1,duplex,64,PASS,workload,DownloadBlob,GET,206,false,false,216
local,local-read64-round3-after.log,after,azblob,1,duplex,64,PASS,workload,DownloadBlob,GET,416,false,true,6
local,local-read64-round3-after.log,after,azblob,1,duplex,64,PASS,lifecycle,AppendBlock,PUT,201,false,false,130
local,local-read64-round3-after.log,after,azblob,1,duplex,64,PASS,lifecycle,CreateContainer,PUT,201,false,false,3
local,local-read64-round3-after.log,after,azblob,1,duplex,64,PASS,lifecycle,DeleteBlob,DELETE,202,false,false,2
local,local-read64-round3-after.log,after,azblob,1,duplex,64,PASS,lifecycle,DeleteContainer,DELETE,202,false,false,3
local,local-read64-round3-after.log,after,azblob,1,duplex,64,PASS,lifecycle,DownloadBlob,GET,200,false,false,1
local,local-read64-round3-after.log,after,azblob,1,duplex,64,PASS,lifecycle,DownloadBlob,GET,206,false,false,216
local,local-read64-round3-after.log,after,azblob,1,duplex,64,PASS,lifecycle,DownloadBlob,GET,404,false,true,1
local,local-read64-round3-after.log,after,azblob,1,duplex,64,PASS,lifecycle,DownloadBlob,GET,416,false,true,6
local,local-read64-round3-after.log,after,azblob,1,duplex,64,PASS,lifecycle,ListBlobs,GET,200,false,false,3
local,local-read64-round3-after.log,after,azblob,1,duplex,64,PASS,lifecycle,PutBlob,PUT,201,false,false,4
local,local-read64-round3-after.log,after,azblob,1,wake,64,PASS,workload,AppendBlock,PUT,201,false,false,1
local,local-read64-round3-after.log,after,azblob,1,wake,64,PASS,workload,DownloadBlob,GET,206,false,false,1
local,local-read64-round3-after.log,after,azblob,1,wake,64,PASS,workload,DownloadBlob,GET,416,false,true,76
local,local-read64-round3-after.log,after,azblob,1,wake,64,PASS,lifecycle,AppendBlock,PUT,201,false,false,2
local,local-read64-round3-after.log,after,azblob,1,wake,64,PASS,lifecycle,CreateContainer,PUT,201,false,false,3
local,local-read64-round3-after.log,after,azblob,1,wake,64,PASS,lifecycle,DeleteBlob,DELETE,202,false,false,2
local,local-read64-round3-after.log,after,azblob,1,wake,64,PASS,lifecycle,DeleteContainer,DELETE,202,false,false,3
local,local-read64-round3-after.log,after,azblob,1,wake,64,PASS,lifecycle,DownloadBlob,GET,200,false,false,1
local,local-read64-round3-after.log,after,azblob,1,wake,64,PASS,lifecycle,DownloadBlob,GET,206,false,false,1
local,local-read64-round3-after.log,after,azblob,1,wake,64,PASS,lifecycle,DownloadBlob,GET,404,false,true,1
local,local-read64-round3-after.log,after,azblob,1,wake,64,PASS,lifecycle,DownloadBlob,GET,416,false,true,76
local,local-read64-round3-after.log,after,azblob,1,wake,64,PASS,lifecycle,ListBlobs,GET,200,false,false,2
local,local-read64-round3-after.log,after,azblob,1,wake,64,PASS,lifecycle,PutBlob,PUT,201,false,false,4
local,local-read64-round3-after.log,after,azblob,4,idle,64,PASS,workload,DownloadBlob,GET,416,false,true,324
local,local-read64-round3-after.log,after,azblob,4,idle,64,PASS,lifecycle,AppendBlock,PUT,201,false,false,4
local,local-read64-round3-after.log,after,azblob,4,idle,64,PASS,lifecycle,CreateContainer,PUT,201,false,false,6
local,local-read64-round3-after.log,after,azblob,4,idle,64,PASS,lifecycle,DeleteBlob,DELETE,202,false,false,8
local,local-read64-round3-after.log,after,azblob,4,idle,64,PASS,lifecycle,DeleteContainer,DELETE,202,false,false,6
local,local-read64-round3-after.log,after,azblob,4,idle,64,PASS,lifecycle,DownloadBlob,GET,200,false,false,4
local,local-read64-round3-after.log,after,azblob,4,idle,64,PASS,lifecycle,DownloadBlob,GET,404,false,true,7
local,local-read64-round3-after.log,after,azblob,4,idle,64,PASS,lifecycle,DownloadBlob,GET,416,false,true,324
local,local-read64-round3-after.log,after,azblob,4,idle,64,PASS,lifecycle,ListBlobs,GET,200,false,false,11
local,local-read64-round3-after.log,after,azblob,4,idle,64,PASS,lifecycle,PutBlob,PUT,201,false,false,16
local,local-read64-round3-after.log,after,azblob,4,interactive,64,PASS,workload,AppendBlock,PUT,201,false,false,128
local,local-read64-round3-after.log,after,azblob,4,interactive,64,PASS,workload,DeleteBlob,DELETE,202,false,false,4
local,local-read64-round3-after.log,after,azblob,4,interactive,64,PASS,workload,DownloadBlob,GET,206,false,false,128
local,local-read64-round3-after.log,after,azblob,4,interactive,64,PASS,lifecycle,AppendBlock,PUT,201,false,false,132
local,local-read64-round3-after.log,after,azblob,4,interactive,64,PASS,lifecycle,CreateContainer,PUT,201,false,false,6
local,local-read64-round3-after.log,after,azblob,4,interactive,64,PASS,lifecycle,DeleteBlob,DELETE,202,false,false,8
local,local-read64-round3-after.log,after,azblob,4,interactive,64,PASS,lifecycle,DeleteContainer,DELETE,202,false,false,6
local,local-read64-round3-after.log,after,azblob,4,interactive,64,PASS,lifecycle,DownloadBlob,GET,200,false,false,4
local,local-read64-round3-after.log,after,azblob,4,interactive,64,PASS,lifecycle,DownloadBlob,GET,206,false,false,128
local,local-read64-round3-after.log,after,azblob,4,interactive,64,PASS,lifecycle,DownloadBlob,GET,404,false,true,4
local,local-read64-round3-after.log,after,azblob,4,interactive,64,PASS,lifecycle,ListBlobs,GET,200,false,false,11
local,local-read64-round3-after.log,after,azblob,4,interactive,64,PASS,lifecycle,PutBlob,PUT,201,false,false,16
local,local-read64-round3-after.log,after,azblob,4,stream,64,PASS,workload,AppendBlock,PUT,201,false,false,260
local,local-read64-round3-after.log,after,azblob,4,stream,64,PASS,workload,DeleteBlob,DELETE,202,false,false,4
local,local-read64-round3-after.log,after,azblob,4,stream,64,PASS,workload,DownloadBlob,GET,206,false,false,289
local,local-read64-round3-after.log,after,azblob,4,stream,64,PASS,workload,DownloadBlob,GET,416,false,true,11
local,local-read64-round3-after.log,after,azblob,4,stream,64,PASS,lifecycle,AppendBlock,PUT,201,false,false,260
local,local-read64-round3-after.log,after,azblob,4,stream,64,PASS,lifecycle,CreateContainer,PUT,201,false,false,6
local,local-read64-round3-after.log,after,azblob,4,stream,64,PASS,lifecycle,DeleteBlob,DELETE,202,false,false,8
local,local-read64-round3-after.log,after,azblob,4,stream,64,PASS,lifecycle,DeleteContainer,DELETE,202,false,false,6
local,local-read64-round3-after.log,after,azblob,4,stream,64,PASS,lifecycle,DownloadBlob,GET,200,false,false,4
local,local-read64-round3-after.log,after,azblob,4,stream,64,PASS,lifecycle,DownloadBlob,GET,206,false,false,289
local,local-read64-round3-after.log,after,azblob,4,stream,64,PASS,lifecycle,DownloadBlob,GET,404,false,true,4
local,local-read64-round3-after.log,after,azblob,4,stream,64,PASS,lifecycle,DownloadBlob,GET,416,false,true,11
local,local-read64-round3-after.log,after,azblob,4,stream,64,PASS,lifecycle,ListBlobs,GET,200,false,false,9
local,local-read64-round3-after.log,after,azblob,4,stream,64,PASS,lifecycle,PutBlob,PUT,201,false,false,16
local,local-read64-round3-after.log,after,azblob,4,duplex,64,PASS,workload,AppendBlock,PUT,201,false,false,520
local,local-read64-round3-after.log,after,azblob,4,duplex,64,PASS,workload,DeleteBlob,DELETE,202,false,false,4
local,local-read64-round3-after.log,after,azblob,4,duplex,64,PASS,workload,DownloadBlob,GET,206,false,false,345
local,local-read64-round3-after.log,after,azblob,4,duplex,64,PASS,workload,DownloadBlob,GET,416,false,true,18
local,local-read64-round3-after.log,after,azblob,4,duplex,64,PASS,lifecycle,AppendBlock,PUT,201,false,false,520
local,local-read64-round3-after.log,after,azblob,4,duplex,64,PASS,lifecycle,CreateContainer,PUT,201,false,false,6
local,local-read64-round3-after.log,after,azblob,4,duplex,64,PASS,lifecycle,DeleteBlob,DELETE,202,false,false,8
local,local-read64-round3-after.log,after,azblob,4,duplex,64,PASS,lifecycle,DeleteContainer,DELETE,202,false,false,6
local,local-read64-round3-after.log,after,azblob,4,duplex,64,PASS,lifecycle,DownloadBlob,GET,200,false,false,4
local,local-read64-round3-after.log,after,azblob,4,duplex,64,PASS,lifecycle,DownloadBlob,GET,206,false,false,345
local,local-read64-round3-after.log,after,azblob,4,duplex,64,PASS,lifecycle,DownloadBlob,GET,404,false,true,4
local,local-read64-round3-after.log,after,azblob,4,duplex,64,PASS,lifecycle,DownloadBlob,GET,416,false,true,18
local,local-read64-round3-after.log,after,azblob,4,duplex,64,PASS,lifecycle,ListBlobs,GET,200,false,false,8
local,local-read64-round3-after.log,after,azblob,4,duplex,64,PASS,lifecycle,PutBlob,PUT,201,false,false,16
local,local-read64-round3-after.log,after,azblob,4,wake,64,PASS,workload,AppendBlock,PUT,201,false,false,4
local,local-read64-round3-after.log,after,azblob,4,wake,64,PASS,workload,DeleteBlob,DELETE,202,false,false,2
local,local-read64-round3-after.log,after,azblob,4,wake,64,PASS,workload,DownloadBlob,GET,206,false,false,4
local,local-read64-round3-after.log,after,azblob,4,wake,64,PASS,workload,DownloadBlob,GET,416,false,true,329
local,local-read64-round3-after.log,after,azblob,4,wake,64,PASS,lifecycle,AppendBlock,PUT,201,false,false,8
local,local-read64-round3-after.log,after,azblob,4,wake,64,PASS,lifecycle,CreateContainer,PUT,201,false,false,6
local,local-read64-round3-after.log,after,azblob,4,wake,64,PASS,lifecycle,DeleteBlob,DELETE,202,false,false,8
local,local-read64-round3-after.log,after,azblob,4,wake,64,PASS,lifecycle,DeleteContainer,DELETE,202,false,false,6
local,local-read64-round3-after.log,after,azblob,4,wake,64,PASS,lifecycle,DownloadBlob,GET,200,false,false,4
local,local-read64-round3-after.log,after,azblob,4,wake,64,PASS,lifecycle,DownloadBlob,GET,206,false,false,4
local,local-read64-round3-after.log,after,azblob,4,wake,64,PASS,lifecycle,DownloadBlob,GET,404,false,true,4
local,local-read64-round3-after.log,after,azblob,4,wake,64,PASS,lifecycle,DownloadBlob,GET,416,false,true,329
local,local-read64-round3-after.log,after,azblob,4,wake,64,PASS,lifecycle,ListBlobs,GET,200,false,false,8
local,local-read64-round3-after.log,after,azblob,4,wake,64,PASS,lifecycle,PutBlob,PUT,201,false,false,16
local,local-read64-round3-after.log,after,azqueue,1,idle,64,PASS,workload,DequeueMessages,GET,0,false,true,1
local,local-read64-round3-after.log,after,azqueue,1,idle,64,PASS,workload,DequeueMessages,GET,200,false,false,76
local,local-read64-round3-after.log,after,azqueue,1,idle,64,PASS,lifecycle,CreateQueue,PUT,201,false,false,4
local,local-read64-round3-after.log,after,azqueue,1,idle,64,PASS,lifecycle,DeleteMessage,DELETE,204,false,false,2
local,local-read64-round3-after.log,after,azqueue,1,idle,64,PASS,lifecycle,DeleteQueue,DELETE,204,false,false,4
local,local-read64-round3-after.log,after,azqueue,1,idle,64,PASS,lifecycle,DequeueMessages,GET,0,false,true,1
local,local-read64-round3-after.log,after,azqueue,1,idle,64,PASS,lifecycle,DequeueMessages,GET,200,false,false,79
local,local-read64-round3-after.log,after,azqueue,1,idle,64,PASS,lifecycle,EnqueueMessage,POST,201,false,false,3
local,local-read64-round3-after.log,after,azqueue,1,idle,64,PASS,lifecycle,PeekMessages,GET,200,false,false,2
local,local-read64-round3-after.log,after,azqueue,1,interactive,64,PASS,workload,DeleteMessage,DELETE,204,false,false,33
local,local-read64-round3-after.log,after,azqueue,1,interactive,64,PASS,workload,DequeueMessages,GET,200,false,false,32
local,local-read64-round3-after.log,after,azqueue,1,interactive,64,PASS,workload,EnqueueMessage,POST,201,false,false,32
local,local-read64-round3-after.log,after,azqueue,1,interactive,64,PASS,lifecycle,CreateQueue,PUT,201,false,false,4
local,local-read64-round3-after.log,after,azqueue,1,interactive,64,PASS,lifecycle,DeleteMessage,DELETE,204,false,false,34
local,local-read64-round3-after.log,after,azqueue,1,interactive,64,PASS,lifecycle,DeleteQueue,DELETE,204,false,false,4
local,local-read64-round3-after.log,after,azqueue,1,interactive,64,PASS,lifecycle,DequeueMessages,GET,200,false,false,36
local,local-read64-round3-after.log,after,azqueue,1,interactive,64,PASS,lifecycle,EnqueueMessage,POST,201,false,false,35
local,local-read64-round3-after.log,after,azqueue,1,interactive,64,PASS,lifecycle,PeekMessages,GET,200,false,false,3
local,local-read64-round3-after.log,after,azqueue,1,stream,64,PASS,workload,DeleteMessage,DELETE,204,false,false,130
local,local-read64-round3-after.log,after,azqueue,1,stream,64,PASS,workload,DequeueMessages,GET,200,false,false,276
local,local-read64-round3-after.log,after,azqueue,1,stream,64,PASS,workload,EnqueueMessage,POST,201,false,false,129
local,local-read64-round3-after.log,after,azqueue,1,stream,64,PASS,lifecycle,CreateQueue,PUT,201,false,false,4
local,local-read64-round3-after.log,after,azqueue,1,stream,64,PASS,lifecycle,DeleteMessage,DELETE,204,false,false,131
local,local-read64-round3-after.log,after,azqueue,1,stream,64,PASS,lifecycle,DeleteQueue,DELETE,204,false,false,4
local,local-read64-round3-after.log,after,azqueue,1,stream,64,PASS,lifecycle,DequeueMessages,GET,200,false,false,279
local,local-read64-round3-after.log,after,azqueue,1,stream,64,PASS,lifecycle,EnqueueMessage,POST,201,false,false,131
local,local-read64-round3-after.log,after,azqueue,1,stream,64,PASS,lifecycle,PeekMessages,GET,200,false,false,2
local,local-read64-round3-after.log,after,azqueue,1,duplex,64,PASS,workload,DeleteMessage,DELETE,204,false,false,259
local,local-read64-round3-after.log,after,azqueue,1,duplex,64,PASS,workload,DequeueMessages,GET,200,false,false,546
local,local-read64-round3-after.log,after,azqueue,1,duplex,64,PASS,workload,EnqueueMessage,POST,201,false,false,258
local,local-read64-round3-after.log,after,azqueue,1,duplex,64,PASS,lifecycle,CreateQueue,PUT,201,false,false,4
local,local-read64-round3-after.log,after,azqueue,1,duplex,64,PASS,lifecycle,DeleteMessage,DELETE,204,false,false,260
local,local-read64-round3-after.log,after,azqueue,1,duplex,64,PASS,lifecycle,DeleteQueue,DELETE,204,false,false,4
local,local-read64-round3-after.log,after,azqueue,1,duplex,64,PASS,lifecycle,DequeueMessages,GET,200,false,false,549
local,local-read64-round3-after.log,after,azqueue,1,duplex,64,PASS,lifecycle,EnqueueMessage,POST,201,false,false,260
local,local-read64-round3-after.log,after,azqueue,1,duplex,64,PASS,lifecycle,PeekMessages,GET,200,false,false,2
local,local-read64-round3-after.log,after,azqueue,1,wake,64,PASS,workload,DeleteMessage,DELETE,204,false,false,1
local,local-read64-round3-after.log,after,azqueue,1,wake,64,PASS,workload,DequeueMessages,GET,200,false,false,82
local,local-read64-round3-after.log,after,azqueue,1,wake,64,PASS,workload,EnqueueMessage,POST,201,false,false,1
local,local-read64-round3-after.log,after,azqueue,1,wake,64,PASS,lifecycle,CreateQueue,PUT,201,false,false,4
local,local-read64-round3-after.log,after,azqueue,1,wake,64,PASS,lifecycle,DeleteMessage,DELETE,204,false,false,3
local,local-read64-round3-after.log,after,azqueue,1,wake,64,PASS,lifecycle,DeleteQueue,DELETE,204,false,false,4
local,local-read64-round3-after.log,after,azqueue,1,wake,64,PASS,lifecycle,DequeueMessages,GET,200,false,false,85
local,local-read64-round3-after.log,after,azqueue,1,wake,64,PASS,lifecycle,EnqueueMessage,POST,201,false,false,4
local,local-read64-round3-after.log,after,azqueue,1,wake,64,PASS,lifecycle,PeekMessages,GET,200,false,false,2
local,local-read64-round3-after.log,after,azqueue,4,idle,64,PASS,workload,DequeueMessages,GET,200,false,false,313
local,local-read64-round3-after.log,after,azqueue,4,idle,64,PASS,lifecycle,CreateQueue,PUT,201,false,false,10
local,local-read64-round3-after.log,after,azqueue,4,idle,64,PASS,lifecycle,DeleteMessage,DELETE,204,false,false,8
local,local-read64-round3-after.log,after,azqueue,4,idle,64,PASS,lifecycle,DeleteQueue,DELETE,204,false,false,10
local,local-read64-round3-after.log,after,azqueue,4,idle,64,PASS,lifecycle,DequeueMessages,GET,200,false,false,325
local,local-read64-round3-after.log,after,azqueue,4,idle,64,PASS,lifecycle,EnqueueMessage,POST,201,false,false,12
local,local-read64-round3-after.log,after,azqueue,4,idle,64,PASS,lifecycle,PeekMessages,GET,200,false,false,9
local,local-read64-round3-after.log,after,azqueue,4,interactive,64,PASS,workload,DeleteMessage,DELETE,204,false,false,132
local,local-read64-round3-after.log,after,azqueue,4,interactive,64,PASS,workload,DequeueMessages,GET,200,false,false,128
local,local-read64-round3-after.log,after,azqueue,4,interactive,64,PASS,workload,EnqueueMessage,POST,201,false,false,128
local,local-read64-round3-after.log,after,azqueue,4,interactive,64,PASS,lifecycle,CreateQueue,PUT,201,false,false,10
local,local-read64-round3-after.log,after,azqueue,4,interactive,64,PASS,lifecycle,DeleteMessage,DELETE,204,false,false,136
local,local-read64-round3-after.log,after,azqueue,4,interactive,64,PASS,lifecycle,DeleteQueue,DELETE,204,false,false,10
local,local-read64-round3-after.log,after,azqueue,4,interactive,64,PASS,lifecycle,DequeueMessages,GET,200,false,false,140
local,local-read64-round3-after.log,after,azqueue,4,interactive,64,PASS,lifecycle,EnqueueMessage,POST,201,false,false,140
local,local-read64-round3-after.log,after,azqueue,4,interactive,64,PASS,lifecycle,PeekMessages,GET,200,false,false,9
local,local-read64-round3-after.log,after,azqueue,4,stream,64,PASS,workload,DeleteMessage,DELETE,204,false,false,520
local,local-read64-round3-after.log,after,azqueue,4,stream,64,PASS,workload,DequeueMessages,GET,200,false,false,1814
local,local-read64-round3-after.log,after,azqueue,4,stream,64,PASS,workload,EnqueueMessage,POST,201,false,false,516
local,local-read64-round3-after.log,after,azqueue,4,stream,64,PASS,lifecycle,CreateQueue,PUT,201,false,false,10
local,local-read64-round3-after.log,after,azqueue,4,stream,64,PASS,lifecycle,DeleteMessage,DELETE,204,false,false,524
local,local-read64-round3-after.log,after,azqueue,4,stream,64,PASS,lifecycle,DeleteQueue,DELETE,204,false,false,10
local,local-read64-round3-after.log,after,azqueue,4,stream,64,PASS,lifecycle,DequeueMessages,GET,200,false,false,1822
local,local-read64-round3-after.log,after,azqueue,4,stream,64,PASS,lifecycle,EnqueueMessage,POST,201,false,false,524
local,local-read64-round3-after.log,after,azqueue,4,stream,64,PASS,lifecycle,PeekMessages,GET,200,false,false,8
local,local-read64-round3-after.log,after,azqueue,4,duplex,64,PASS,workload,DeleteMessage,DELETE,204,false,false,1036
local,local-read64-round3-after.log,after,azqueue,4,duplex,64,PASS,workload,DequeueMessages,GET,200,false,false,7273
local,local-read64-round3-after.log,after,azqueue,4,duplex,64,PASS,workload,EnqueueMessage,POST,201,false,false,1032
local,local-read64-round3-after.log,after,azqueue,4,duplex,64,PASS,lifecycle,CreateQueue,PUT,201,false,false,10
local,local-read64-round3-after.log,after,azqueue,4,duplex,64,PASS,lifecycle,DeleteMessage,DELETE,204,false,false,1040
local,local-read64-round3-after.log,after,azqueue,4,duplex,64,PASS,lifecycle,DeleteQueue,DELETE,204,false,false,10
local,local-read64-round3-after.log,after,azqueue,4,duplex,64,PASS,lifecycle,DequeueMessages,GET,200,false,false,7281
local,local-read64-round3-after.log,after,azqueue,4,duplex,64,PASS,lifecycle,EnqueueMessage,POST,201,false,false,1040
local,local-read64-round3-after.log,after,azqueue,4,duplex,64,PASS,lifecycle,PeekMessages,GET,200,false,false,8
local,local-read64-round3-after.log,after,azqueue,4,wake,64,PASS,workload,DeleteMessage,DELETE,204,false,false,6
local,local-read64-round3-after.log,after,azqueue,4,wake,64,PASS,workload,DequeueMessages,GET,200,false,false,316
local,local-read64-round3-after.log,after,azqueue,4,wake,64,PASS,workload,EnqueueMessage,POST,201,false,false,4
local,local-read64-round3-after.log,after,azqueue,4,wake,64,PASS,lifecycle,CreateQueue,PUT,201,false,false,10
local,local-read64-round3-after.log,after,azqueue,4,wake,64,PASS,lifecycle,DeleteMessage,DELETE,204,false,false,12
local,local-read64-round3-after.log,after,azqueue,4,wake,64,PASS,lifecycle,DeleteQueue,DELETE,204,false,false,10
local,local-read64-round3-after.log,after,azqueue,4,wake,64,PASS,lifecycle,DequeueMessages,GET,200,false,false,324
local,local-read64-round3-after.log,after,azqueue,4,wake,64,PASS,lifecycle,EnqueueMessage,POST,201,false,false,16
local,local-read64-round3-after.log,after,azqueue,4,wake,64,PASS,lifecycle,PeekMessages,GET,200,false,false,8
local,local-read64-round3-after.log,after,aztable,1,idle,64,PASS,workload,QueryEntities,GET,200,false,false,67
local,local-read64-round3-after.log,after,aztable,1,idle,64,PASS,lifecycle,AddEntity,POST,201,false,false,2
local,local-read64-round3-after.log,after,aztable,1,idle,64,PASS,lifecycle,AddEntity,POST,204,false,false,1
local,local-read64-round3-after.log,after,aztable,1,idle,64,PASS,lifecycle,CreateTable,POST,201,false,false,4
local,local-read64-round3-after.log,after,aztable,1,idle,64,PASS,lifecycle,DeleteEntity,DELETE,204,false,false,2
local,local-read64-round3-after.log,after,aztable,1,idle,64,PASS,lifecycle,DeleteTable,DELETE,204,false,false,4
local,local-read64-round3-after.log,after,aztable,1,idle,64,PASS,lifecycle,GetEntity,GET,200,false,false,1
local,local-read64-round3-after.log,after,aztable,1,idle,64,PASS,lifecycle,GetEntity,GET,404,false,true,1
local,local-read64-round3-after.log,after,aztable,1,idle,64,PASS,lifecycle,QueryEntities,GET,200,false,false,69
local,local-read64-round3-after.log,after,aztable,1,interactive,64,PASS,workload,AddEntity,POST,204,false,false,32
local,local-read64-round3-after.log,after,aztable,1,interactive,64,PASS,workload,DeleteEntity,DELETE,204,false,false,1
local,local-read64-round3-after.log,after,aztable,1,interactive,64,PASS,workload,QueryEntities,GET,200,false,false,32
local,local-read64-round3-after.log,after,aztable,1,interactive,64,PASS,lifecycle,AddEntity,POST,201,false,false,2
local,local-read64-round3-after.log,after,aztable,1,interactive,64,PASS,lifecycle,AddEntity,POST,204,false,false,33
local,local-read64-round3-after.log,after,aztable,1,interactive,64,PASS,lifecycle,CreateTable,POST,201,false,false,4
local,local-read64-round3-after.log,after,aztable,1,interactive,64,PASS,lifecycle,DeleteEntity,DELETE,204,false,false,2
local,local-read64-round3-after.log,after,aztable,1,interactive,64,PASS,lifecycle,DeleteTable,DELETE,204,false,false,4
local,local-read64-round3-after.log,after,aztable,1,interactive,64,PASS,lifecycle,GetEntity,GET,200,false,false,1
local,local-read64-round3-after.log,after,aztable,1,interactive,64,PASS,lifecycle,GetEntity,GET,404,false,true,1
local,local-read64-round3-after.log,after,aztable,1,interactive,64,PASS,lifecycle,QueryEntities,GET,200,false,false,34
local,local-read64-round3-after.log,after,aztable,1,stream,64,PASS,workload,AddEntity,POST,204,false,false,65
local,local-read64-round3-after.log,after,aztable,1,stream,64,PASS,workload,DeleteEntity,DELETE,204,false,false,1
local,local-read64-round3-after.log,after,aztable,1,stream,64,PASS,workload,QueryEntities,GET,200,false,false,20
local,local-read64-round3-after.log,after,aztable,1,stream,64,PASS,lifecycle,AddEntity,POST,201,false,false,2
local,local-read64-round3-after.log,after,aztable,1,stream,64,PASS,lifecycle,AddEntity,POST,204,false,false,65
local,local-read64-round3-after.log,after,aztable,1,stream,64,PASS,lifecycle,CreateTable,POST,201,false,false,4
local,local-read64-round3-after.log,after,aztable,1,stream,64,PASS,lifecycle,DeleteEntity,DELETE,204,false,false,2
local,local-read64-round3-after.log,after,aztable,1,stream,64,PASS,lifecycle,DeleteTable,DELETE,204,false,false,4
local,local-read64-round3-after.log,after,aztable,1,stream,64,PASS,lifecycle,GetEntity,GET,200,false,false,1
local,local-read64-round3-after.log,after,aztable,1,stream,64,PASS,lifecycle,GetEntity,GET,404,false,true,1
local,local-read64-round3-after.log,after,aztable,1,stream,64,PASS,lifecycle,QueryEntities,GET,200,false,false,22
local,local-read64-round3-after.log,after,aztable,1,duplex,64,PASS,workload,AddEntity,POST,204,false,false,130
local,local-read64-round3-after.log,after,aztable,1,duplex,64,PASS,workload,DeleteEntity,DELETE,204,false,false,1
local,local-read64-round3-after.log,after,aztable,1,duplex,64,PASS,workload,QueryEntities,GET,200,false,false,40
local,local-read64-round3-after.log,after,aztable,1,duplex,64,PASS,lifecycle,AddEntity,POST,201,false,false,2
local,local-read64-round3-after.log,after,aztable,1,duplex,64,PASS,lifecycle,AddEntity,POST,204,false,false,130
local,local-read64-round3-after.log,after,aztable,1,duplex,64,PASS,lifecycle,CreateTable,POST,201,false,false,4
local,local-read64-round3-after.log,after,aztable,1,duplex,64,PASS,lifecycle,DeleteEntity,DELETE,204,false,false,2
local,local-read64-round3-after.log,after,aztable,1,duplex,64,PASS,lifecycle,DeleteTable,DELETE,204,false,false,4
local,local-read64-round3-after.log,after,aztable,1,duplex,64,PASS,lifecycle,GetEntity,GET,200,false,false,1
local,local-read64-round3-after.log,after,aztable,1,duplex,64,PASS,lifecycle,GetEntity,GET,404,false,true,1
local,local-read64-round3-after.log,after,aztable,1,duplex,64,PASS,lifecycle,QueryEntities,GET,200,false,false,42
local,local-read64-round3-after.log,after,aztable,1,wake,64,PASS,workload,AddEntity,POST,204,false,false,1
local,local-read64-round3-after.log,after,aztable,1,wake,64,PASS,workload,QueryEntities,GET,200,false,false,79
local,local-read64-round3-after.log,after,aztable,1,wake,64,PASS,lifecycle,AddEntity,POST,201,false,false,2
local,local-read64-round3-after.log,after,aztable,1,wake,64,PASS,lifecycle,AddEntity,POST,204,false,false,2
local,local-read64-round3-after.log,after,aztable,1,wake,64,PASS,lifecycle,CreateTable,POST,201,false,false,4
local,local-read64-round3-after.log,after,aztable,1,wake,64,PASS,lifecycle,DeleteEntity,DELETE,204,false,false,2
local,local-read64-round3-after.log,after,aztable,1,wake,64,PASS,lifecycle,DeleteTable,DELETE,204,false,false,4
local,local-read64-round3-after.log,after,aztable,1,wake,64,PASS,lifecycle,GetEntity,GET,200,false,false,1
local,local-read64-round3-after.log,after,aztable,1,wake,64,PASS,lifecycle,GetEntity,GET,404,false,true,1
local,local-read64-round3-after.log,after,aztable,1,wake,64,PASS,lifecycle,QueryEntities,GET,200,false,false,81
local,local-read64-round3-after.log,after,aztable,4,idle,64,PASS,workload,QueryEntities,GET,0,false,true,1
local,local-read64-round3-after.log,after,aztable,4,idle,64,PASS,workload,QueryEntities,GET,200,false,false,318
local,local-read64-round3-after.log,after,aztable,4,idle,64,PASS,lifecycle,AddEntity,POST,201,false,false,8
local,local-read64-round3-after.log,after,aztable,4,idle,64,PASS,lifecycle,AddEntity,POST,204,false,false,4
local,local-read64-round3-after.log,after,aztable,4,idle,64,PASS,lifecycle,CreateTable,POST,201,false,false,10
local,local-read64-round3-after.log,after,aztable,4,idle,64,PASS,lifecycle,DeleteEntity,DELETE,204,false,false,8
local,local-read64-round3-after.log,after,aztable,4,idle,64,PASS,lifecycle,DeleteTable,DELETE,204,false,false,10
local,local-read64-round3-after.log,after,aztable,4,idle,64,PASS,lifecycle,GetEntity,GET,200,false,false,4
local,local-read64-round3-after.log,after,aztable,4,idle,64,PASS,lifecycle,GetEntity,GET,404,false,true,4
local,local-read64-round3-after.log,after,aztable,4,idle,64,PASS,lifecycle,QueryEntities,GET,0,false,true,1
local,local-read64-round3-after.log,after,aztable,4,idle,64,PASS,lifecycle,QueryEntities,GET,200,false,false,326
local,local-read64-round3-after.log,after,aztable,4,interactive,64,PASS,workload,AddEntity,POST,204,false,false,128
local,local-read64-round3-after.log,after,aztable,4,interactive,64,PASS,workload,DeleteEntity,DELETE,204,false,false,4
local,local-read64-round3-after.log,after,aztable,4,interactive,64,PASS,workload,QueryEntities,GET,200,false,false,128
local,local-read64-round3-after.log,after,aztable,4,interactive,64,PASS,lifecycle,AddEntity,POST,201,false,false,8
local,local-read64-round3-after.log,after,aztable,4,interactive,64,PASS,lifecycle,AddEntity,POST,204,false,false,132
local,local-read64-round3-after.log,after,aztable,4,interactive,64,PASS,lifecycle,CreateTable,POST,201,false,false,10
local,local-read64-round3-after.log,after,aztable,4,interactive,64,PASS,lifecycle,DeleteEntity,DELETE,204,false,false,8
local,local-read64-round3-after.log,after,aztable,4,interactive,64,PASS,lifecycle,DeleteTable,DELETE,204,false,false,10
local,local-read64-round3-after.log,after,aztable,4,interactive,64,PASS,lifecycle,GetEntity,GET,200,false,false,4
local,local-read64-round3-after.log,after,aztable,4,interactive,64,PASS,lifecycle,GetEntity,GET,404,false,true,4
local,local-read64-round3-after.log,after,aztable,4,interactive,64,PASS,lifecycle,QueryEntities,GET,200,false,false,136
local,local-read64-round3-after.log,after,aztable,4,stream,64,PASS,workload,AddEntity,POST,204,false,false,260
local,local-read64-round3-after.log,after,aztable,4,stream,64,PASS,workload,DeleteEntity,DELETE,204,false,false,4
local,local-read64-round3-after.log,after,aztable,4,stream,64,PASS,workload,QueryEntities,GET,200,false,false,124
local,local-read64-round3-after.log,after,aztable,4,stream,64,PASS,lifecycle,AddEntity,POST,201,false,false,8
local,local-read64-round3-after.log,after,aztable,4,stream,64,PASS,lifecycle,AddEntity,POST,204,false,false,260
local,local-read64-round3-after.log,after,aztable,4,stream,64,PASS,lifecycle,CreateTable,POST,201,false,false,10
local,local-read64-round3-after.log,after,aztable,4,stream,64,PASS,lifecycle,DeleteEntity,DELETE,204,false,false,8
local,local-read64-round3-after.log,after,aztable,4,stream,64,PASS,lifecycle,DeleteTable,DELETE,204,false,false,10
local,local-read64-round3-after.log,after,aztable,4,stream,64,PASS,lifecycle,GetEntity,GET,200,false,false,4
local,local-read64-round3-after.log,after,aztable,4,stream,64,PASS,lifecycle,GetEntity,GET,404,false,true,4
local,local-read64-round3-after.log,after,aztable,4,stream,64,PASS,lifecycle,QueryEntities,GET,200,false,false,132
local,local-read64-round3-after.log,after,aztable,4,duplex,64,PASS,workload,AddEntity,POST,204,false,false,520
local,local-read64-round3-after.log,after,aztable,4,duplex,64,PASS,workload,DeleteEntity,DELETE,204,false,false,4
local,local-read64-round3-after.log,after,aztable,4,duplex,64,PASS,workload,QueryEntities,GET,200,false,false,424
local,local-read64-round3-after.log,after,aztable,4,duplex,64,PASS,lifecycle,AddEntity,POST,201,false,false,8
local,local-read64-round3-after.log,after,aztable,4,duplex,64,PASS,lifecycle,AddEntity,POST,204,false,false,520
local,local-read64-round3-after.log,after,aztable,4,duplex,64,PASS,lifecycle,CreateTable,POST,201,false,false,10
local,local-read64-round3-after.log,after,aztable,4,duplex,64,PASS,lifecycle,DeleteEntity,DELETE,204,false,false,8
local,local-read64-round3-after.log,after,aztable,4,duplex,64,PASS,lifecycle,DeleteTable,DELETE,204,false,false,10
local,local-read64-round3-after.log,after,aztable,4,duplex,64,PASS,lifecycle,GetEntity,GET,200,false,false,4
local,local-read64-round3-after.log,after,aztable,4,duplex,64,PASS,lifecycle,GetEntity,GET,404,false,true,4
local,local-read64-round3-after.log,after,aztable,4,duplex,64,PASS,lifecycle,QueryEntities,GET,200,false,false,432
local,local-read64-round3-after.log,after,aztable,4,wake,64,PASS,workload,AddEntity,POST,204,false,false,4
local,local-read64-round3-after.log,after,aztable,4,wake,64,PASS,workload,DeleteEntity,DELETE,204,false,false,3
local,local-read64-round3-after.log,after,aztable,4,wake,64,PASS,workload,QueryEntities,GET,200,false,false,332
local,local-read64-round3-after.log,after,aztable,4,wake,64,PASS,lifecycle,AddEntity,POST,201,false,false,8
local,local-read64-round3-after.log,after,aztable,4,wake,64,PASS,lifecycle,AddEntity,POST,204,false,false,8
local,local-read64-round3-after.log,after,aztable,4,wake,64,PASS,lifecycle,CreateTable,POST,201,false,false,10
local,local-read64-round3-after.log,after,aztable,4,wake,64,PASS,lifecycle,DeleteEntity,DELETE,204,false,false,8
local,local-read64-round3-after.log,after,aztable,4,wake,64,PASS,lifecycle,DeleteTable,DELETE,204,false,false,10
local,local-read64-round3-after.log,after,aztable,4,wake,64,PASS,lifecycle,GetEntity,GET,200,false,false,4
local,local-read64-round3-after.log,after,aztable,4,wake,64,PASS,lifecycle,GetEntity,GET,404,false,true,4
local,local-read64-round3-after.log,after,aztable,4,wake,64,PASS,lifecycle,QueryEntities,GET,200,false,false,340
local,local-read64-round3-before.log,before,azblob,1,idle,64,PASS,workload,DownloadBlob,GET,0,false,true,1
local,local-read64-round3-before.log,before,azblob,1,idle,64,PASS,workload,DownloadBlob,GET,416,false,true,76
local,local-read64-round3-before.log,before,azblob,1,idle,64,PASS,lifecycle,AppendBlock,PUT,201,false,false,1
local,local-read64-round3-before.log,before,azblob,1,idle,64,PASS,lifecycle,CreateContainer,PUT,201,false,false,3
local,local-read64-round3-before.log,before,azblob,1,idle,64,PASS,lifecycle,DeleteBlob,DELETE,202,false,false,2
local,local-read64-round3-before.log,before,azblob,1,idle,64,PASS,lifecycle,DeleteContainer,DELETE,202,false,false,3
local,local-read64-round3-before.log,before,azblob,1,idle,64,PASS,lifecycle,DownloadBlob,GET,0,false,true,1
local,local-read64-round3-before.log,before,azblob,1,idle,64,PASS,lifecycle,DownloadBlob,GET,200,false,false,1
local,local-read64-round3-before.log,before,azblob,1,idle,64,PASS,lifecycle,DownloadBlob,GET,404,false,true,2
local,local-read64-round3-before.log,before,azblob,1,idle,64,PASS,lifecycle,DownloadBlob,GET,416,false,true,76
local,local-read64-round3-before.log,before,azblob,1,idle,64,PASS,lifecycle,ListBlobs,GET,200,false,false,3
local,local-read64-round3-before.log,before,azblob,1,idle,64,PASS,lifecycle,PutBlob,PUT,201,false,false,4
local,local-read64-round3-before.log,before,azblob,1,interactive,64,PASS,workload,AppendBlock,PUT,201,false,false,32
local,local-read64-round3-before.log,before,azblob,1,interactive,64,PASS,workload,DeleteBlob,DELETE,202,false,false,1
local,local-read64-round3-before.log,before,azblob,1,interactive,64,PASS,workload,DownloadBlob,GET,206,false,false,32
local,local-read64-round3-before.log,before,azblob,1,interactive,64,PASS,lifecycle,AppendBlock,PUT,201,false,false,33
local,local-read64-round3-before.log,before,azblob,1,interactive,64,PASS,lifecycle,CreateContainer,PUT,201,false,false,3
local,local-read64-round3-before.log,before,azblob,1,interactive,64,PASS,lifecycle,DeleteBlob,DELETE,202,false,false,2
local,local-read64-round3-before.log,before,azblob,1,interactive,64,PASS,lifecycle,DeleteContainer,DELETE,202,false,false,3
local,local-read64-round3-before.log,before,azblob,1,interactive,64,PASS,lifecycle,DownloadBlob,GET,200,false,false,1
local,local-read64-round3-before.log,before,azblob,1,interactive,64,PASS,lifecycle,DownloadBlob,GET,206,false,false,32
local,local-read64-round3-before.log,before,azblob,1,interactive,64,PASS,lifecycle,DownloadBlob,GET,404,false,true,2
local,local-read64-round3-before.log,before,azblob,1,interactive,64,PASS,lifecycle,ListBlobs,GET,200,false,false,3
local,local-read64-round3-before.log,before,azblob,1,interactive,64,PASS,lifecycle,PutBlob,PUT,201,false,false,4
local,local-read64-round3-before.log,before,azblob,1,stream,64,PASS,workload,AppendBlock,PUT,201,false,false,65
local,local-read64-round3-before.log,before,azblob,1,stream,64,PASS,workload,DeleteBlob,DELETE,202,false,false,1
local,local-read64-round3-before.log,before,azblob,1,stream,64,PASS,workload,DownloadBlob,GET,206,false,false,96
local,local-read64-round3-before.log,before,azblob,1,stream,64,PASS,workload,DownloadBlob,GET,416,false,true,2
local,local-read64-round3-before.log,before,azblob,1,stream,64,PASS,lifecycle,AppendBlock,PUT,201,false,false,65
local,local-read64-round3-before.log,before,azblob,1,stream,64,PASS,lifecycle,CreateContainer,PUT,201,false,false,3
local,local-read64-round3-before.log,before,azblob,1,stream,64,PASS,lifecycle,DeleteBlob,DELETE,202,false,false,2
local,local-read64-round3-before.log,before,azblob,1,stream,64,PASS,lifecycle,DeleteContainer,DELETE,202,false,false,3
local,local-read64-round3-before.log,before,azblob,1,stream,64,PASS,lifecycle,DownloadBlob,GET,200,false,false,1
local,local-read64-round3-before.log,before,azblob,1,stream,64,PASS,lifecycle,DownloadBlob,GET,206,false,false,96
local,local-read64-round3-before.log,before,azblob,1,stream,64,PASS,lifecycle,DownloadBlob,GET,404,false,true,1
local,local-read64-round3-before.log,before,azblob,1,stream,64,PASS,lifecycle,DownloadBlob,GET,416,false,true,2
local,local-read64-round3-before.log,before,azblob,1,stream,64,PASS,lifecycle,ListBlobs,GET,200,false,false,2
local,local-read64-round3-before.log,before,azblob,1,stream,64,PASS,lifecycle,PutBlob,PUT,201,false,false,4
local,local-read64-round3-before.log,before,azblob,1,duplex,64,PASS,workload,AppendBlock,PUT,201,false,false,130
local,local-read64-round3-before.log,before,azblob,1,duplex,64,PASS,workload,DeleteBlob,DELETE,202,false,false,1
local,local-read64-round3-before.log,before,azblob,1,duplex,64,PASS,workload,DownloadBlob,GET,206,false,false,179
local,local-read64-round3-before.log,before,azblob,1,duplex,64,PASS,workload,DownloadBlob,GET,416,false,true,5
local,local-read64-round3-before.log,before,azblob,1,duplex,64,PASS,lifecycle,AppendBlock,PUT,201,false,false,130
local,local-read64-round3-before.log,before,azblob,1,duplex,64,PASS,lifecycle,CreateContainer,PUT,201,false,false,3
local,local-read64-round3-before.log,before,azblob,1,duplex,64,PASS,lifecycle,DeleteBlob,DELETE,202,false,false,2
local,local-read64-round3-before.log,before,azblob,1,duplex,64,PASS,lifecycle,DeleteContainer,DELETE,202,false,false,3
local,local-read64-round3-before.log,before,azblob,1,duplex,64,PASS,lifecycle,DownloadBlob,GET,200,false,false,1
local,local-read64-round3-before.log,before,azblob,1,duplex,64,PASS,lifecycle,DownloadBlob,GET,206,false,false,179
local,local-read64-round3-before.log,before,azblob,1,duplex,64,PASS,lifecycle,DownloadBlob,GET,404,false,true,1
local,local-read64-round3-before.log,before,azblob,1,duplex,64,PASS,lifecycle,DownloadBlob,GET,416,false,true,5
local,local-read64-round3-before.log,before,azblob,1,duplex,64,PASS,lifecycle,ListBlobs,GET,200,false,false,3
local,local-read64-round3-before.log,before,azblob,1,duplex,64,PASS,lifecycle,PutBlob,PUT,201,false,false,4
local,local-read64-round3-before.log,before,azblob,1,wake,64,PASS,workload,AppendBlock,PUT,201,false,false,1
local,local-read64-round3-before.log,before,azblob,1,wake,64,PASS,workload,DownloadBlob,GET,206,false,false,1
local,local-read64-round3-before.log,before,azblob,1,wake,64,PASS,workload,DownloadBlob,GET,416,false,true,74
local,local-read64-round3-before.log,before,azblob,1,wake,64,PASS,lifecycle,AppendBlock,PUT,201,false,false,2
local,local-read64-round3-before.log,before,azblob,1,wake,64,PASS,lifecycle,CreateContainer,PUT,201,false,false,3
local,local-read64-round3-before.log,before,azblob,1,wake,64,PASS,lifecycle,DeleteBlob,DELETE,202,false,false,2
local,local-read64-round3-before.log,before,azblob,1,wake,64,PASS,lifecycle,DeleteContainer,DELETE,202,false,false,3
local,local-read64-round3-before.log,before,azblob,1,wake,64,PASS,lifecycle,DownloadBlob,GET,200,false,false,1
local,local-read64-round3-before.log,before,azblob,1,wake,64,PASS,lifecycle,DownloadBlob,GET,206,false,false,1
local,local-read64-round3-before.log,before,azblob,1,wake,64,PASS,lifecycle,DownloadBlob,GET,404,false,true,1
local,local-read64-round3-before.log,before,azblob,1,wake,64,PASS,lifecycle,DownloadBlob,GET,416,false,true,74
local,local-read64-round3-before.log,before,azblob,1,wake,64,PASS,lifecycle,ListBlobs,GET,200,false,false,3
local,local-read64-round3-before.log,before,azblob,1,wake,64,PASS,lifecycle,PutBlob,PUT,201,false,false,4
local,local-read64-round3-before.log,before,azblob,4,idle,64,PASS,workload,DownloadBlob,GET,416,false,true,325
local,local-read64-round3-before.log,before,azblob,4,idle,64,PASS,lifecycle,AppendBlock,PUT,201,false,false,4
local,local-read64-round3-before.log,before,azblob,4,idle,64,PASS,lifecycle,CreateContainer,PUT,201,false,false,6
local,local-read64-round3-before.log,before,azblob,4,idle,64,PASS,lifecycle,DeleteBlob,DELETE,202,false,false,8
local,local-read64-round3-before.log,before,azblob,4,idle,64,PASS,lifecycle,DeleteContainer,DELETE,202,false,false,6
local,local-read64-round3-before.log,before,azblob,4,idle,64,PASS,lifecycle,DownloadBlob,GET,200,false,false,4
local,local-read64-round3-before.log,before,azblob,4,idle,64,PASS,lifecycle,DownloadBlob,GET,404,false,true,5
local,local-read64-round3-before.log,before,azblob,4,idle,64,PASS,lifecycle,DownloadBlob,GET,416,false,true,325
local,local-read64-round3-before.log,before,azblob,4,idle,64,PASS,lifecycle,ListBlobs,GET,200,false,false,11
local,local-read64-round3-before.log,before,azblob,4,idle,64,PASS,lifecycle,PutBlob,PUT,201,false,false,16
local,local-read64-round3-before.log,before,azblob,4,interactive,64,PASS,workload,AppendBlock,PUT,201,false,false,128
local,local-read64-round3-before.log,before,azblob,4,interactive,64,PASS,workload,DeleteBlob,DELETE,202,false,false,4
local,local-read64-round3-before.log,before,azblob,4,interactive,64,PASS,workload,DownloadBlob,GET,206,false,false,128
local,local-read64-round3-before.log,before,azblob,4,interactive,64,PASS,lifecycle,AppendBlock,PUT,201,false,false,132
local,local-read64-round3-before.log,before,azblob,4,interactive,64,PASS,lifecycle,CreateContainer,PUT,201,false,false,6
local,local-read64-round3-before.log,before,azblob,4,interactive,64,PASS,lifecycle,DeleteBlob,DELETE,202,false,false,8
local,local-read64-round3-before.log,before,azblob,4,interactive,64,PASS,lifecycle,DeleteContainer,DELETE,202,false,false,6
local,local-read64-round3-before.log,before,azblob,4,interactive,64,PASS,lifecycle,DownloadBlob,GET,200,false,false,4
local,local-read64-round3-before.log,before,azblob,4,interactive,64,PASS,lifecycle,DownloadBlob,GET,206,false,false,128
local,local-read64-round3-before.log,before,azblob,4,interactive,64,PASS,lifecycle,DownloadBlob,GET,404,false,true,4
local,local-read64-round3-before.log,before,azblob,4,interactive,64,PASS,lifecycle,ListBlobs,GET,200,false,false,11
local,local-read64-round3-before.log,before,azblob,4,interactive,64,PASS,lifecycle,PutBlob,PUT,201,false,false,16
local,local-read64-round3-before.log,before,azblob,4,stream,64,PASS,workload,AppendBlock,PUT,201,false,false,260
local,local-read64-round3-before.log,before,azblob,4,stream,64,PASS,workload,DeleteBlob,DELETE,202,false,false,4
local,local-read64-round3-before.log,before,azblob,4,stream,64,PASS,workload,DownloadBlob,GET,206,false,false,200
local,local-read64-round3-before.log,before,azblob,4,stream,64,PASS,workload,DownloadBlob,GET,416,false,true,8
local,local-read64-round3-before.log,before,azblob,4,stream,64,PASS,lifecycle,AppendBlock,PUT,201,false,false,260
local,local-read64-round3-before.log,before,azblob,4,stream,64,PASS,lifecycle,CreateContainer,PUT,201,false,false,6
local,local-read64-round3-before.log,before,azblob,4,stream,64,PASS,lifecycle,DeleteBlob,DELETE,202,false,false,8
local,local-read64-round3-before.log,before,azblob,4,stream,64,PASS,lifecycle,DeleteContainer,DELETE,202,false,false,6
local,local-read64-round3-before.log,before,azblob,4,stream,64,PASS,lifecycle,DownloadBlob,GET,200,false,false,4
local,local-read64-round3-before.log,before,azblob,4,stream,64,PASS,lifecycle,DownloadBlob,GET,206,false,false,200
local,local-read64-round3-before.log,before,azblob,4,stream,64,PASS,lifecycle,DownloadBlob,GET,404,false,true,4
local,local-read64-round3-before.log,before,azblob,4,stream,64,PASS,lifecycle,DownloadBlob,GET,416,false,true,8
local,local-read64-round3-before.log,before,azblob,4,stream,64,PASS,lifecycle,ListBlobs,GET,200,false,false,10
local,local-read64-round3-before.log,before,azblob,4,stream,64,PASS,lifecycle,PutBlob,PUT,201,false,false,16
local,local-read64-round3-before.log,before,azblob,4,duplex,64,PASS,workload,AppendBlock,PUT,201,false,false,520
local,local-read64-round3-before.log,before,azblob,4,duplex,64,PASS,workload,DeleteBlob,DELETE,202,false,false,4
local,local-read64-round3-before.log,before,azblob,4,duplex,64,PASS,workload,DownloadBlob,GET,206,false,false,246
local,local-read64-round3-before.log,before,azblob,4,duplex,64,PASS,workload,DownloadBlob,GET,416,false,true,15
local,local-read64-round3-before.log,before,azblob,4,duplex,64,PASS,lifecycle,AppendBlock,PUT,201,false,false,520
local,local-read64-round3-before.log,before,azblob,4,duplex,64,PASS,lifecycle,CreateContainer,PUT,201,false,false,6
local,local-read64-round3-before.log,before,azblob,4,duplex,64,PASS,lifecycle,DeleteBlob,DELETE,202,false,false,8
local,local-read64-round3-before.log,before,azblob,4,duplex,64,PASS,lifecycle,DeleteContainer,DELETE,202,false,false,6
local,local-read64-round3-before.log,before,azblob,4,duplex,64,PASS,lifecycle,DownloadBlob,GET,200,false,false,4
local,local-read64-round3-before.log,before,azblob,4,duplex,64,PASS,lifecycle,DownloadBlob,GET,206,false,false,246
local,local-read64-round3-before.log,before,azblob,4,duplex,64,PASS,lifecycle,DownloadBlob,GET,404,false,true,4
local,local-read64-round3-before.log,before,azblob,4,duplex,64,PASS,lifecycle,DownloadBlob,GET,416,false,true,15
local,local-read64-round3-before.log,before,azblob,4,duplex,64,PASS,lifecycle,ListBlobs,GET,200,false,false,10
local,local-read64-round3-before.log,before,azblob,4,duplex,64,PASS,lifecycle,PutBlob,PUT,201,false,false,16
local,local-read64-round3-before.log,before,azblob,4,wake,64,PASS,workload,AppendBlock,PUT,201,false,false,4
local,local-read64-round3-before.log,before,azblob,4,wake,64,PASS,workload,DeleteBlob,DELETE,202,false,false,2
local,local-read64-round3-before.log,before,azblob,4,wake,64,PASS,workload,DownloadBlob,GET,206,false,false,4
local,local-read64-round3-before.log,before,azblob,4,wake,64,PASS,workload,DownloadBlob,GET,416,false,true,326
local,local-read64-round3-before.log,before,azblob,4,wake,64,PASS,lifecycle,AppendBlock,PUT,201,false,false,8
local,local-read64-round3-before.log,before,azblob,4,wake,64,PASS,lifecycle,CreateContainer,PUT,201,false,false,6
local,local-read64-round3-before.log,before,azblob,4,wake,64,PASS,lifecycle,DeleteBlob,DELETE,202,false,false,8
local,local-read64-round3-before.log,before,azblob,4,wake,64,PASS,lifecycle,DeleteContainer,DELETE,202,false,false,6
local,local-read64-round3-before.log,before,azblob,4,wake,64,PASS,lifecycle,DownloadBlob,GET,200,false,false,4
local,local-read64-round3-before.log,before,azblob,4,wake,64,PASS,lifecycle,DownloadBlob,GET,206,false,false,4
local,local-read64-round3-before.log,before,azblob,4,wake,64,PASS,lifecycle,DownloadBlob,GET,404,false,true,4
local,local-read64-round3-before.log,before,azblob,4,wake,64,PASS,lifecycle,DownloadBlob,GET,416,false,true,326
local,local-read64-round3-before.log,before,azblob,4,wake,64,PASS,lifecycle,ListBlobs,GET,200,false,false,8
local,local-read64-round3-before.log,before,azblob,4,wake,64,PASS,lifecycle,PutBlob,PUT,201,false,false,16
local,local-read64-round3-before.log,before,azqueue,1,idle,64,PASS,workload,DequeueMessages,GET,200,false,false,77
local,local-read64-round3-before.log,before,azqueue,1,idle,64,PASS,lifecycle,CreateQueue,PUT,201,false,false,4
local,local-read64-round3-before.log,before,azqueue,1,idle,64,PASS,lifecycle,DeleteMessage,DELETE,204,false,false,2
local,local-read64-round3-before.log,before,azqueue,1,idle,64,PASS,lifecycle,DeleteQueue,DELETE,204,false,false,4
local,local-read64-round3-before.log,before,azqueue,1,idle,64,PASS,lifecycle,DequeueMessages,GET,200,false,false,80
local,local-read64-round3-before.log,before,azqueue,1,idle,64,PASS,lifecycle,EnqueueMessage,POST,201,false,false,3
local,local-read64-round3-before.log,before,azqueue,1,idle,64,PASS,lifecycle,PeekMessages,GET,200,false,false,2
local,local-read64-round3-before.log,before,azqueue,1,interactive,64,PASS,workload,DeleteMessage,DELETE,204,false,false,33
local,local-read64-round3-before.log,before,azqueue,1,interactive,64,PASS,workload,DequeueMessages,GET,200,false,false,32
local,local-read64-round3-before.log,before,azqueue,1,interactive,64,PASS,workload,EnqueueMessage,POST,201,false,false,32
local,local-read64-round3-before.log,before,azqueue,1,interactive,64,PASS,lifecycle,CreateQueue,PUT,201,false,false,4
local,local-read64-round3-before.log,before,azqueue,1,interactive,64,PASS,lifecycle,DeleteMessage,DELETE,204,false,false,34
local,local-read64-round3-before.log,before,azqueue,1,interactive,64,PASS,lifecycle,DeleteQueue,DELETE,204,false,false,4
local,local-read64-round3-before.log,before,azqueue,1,interactive,64,PASS,lifecycle,DequeueMessages,GET,200,false,false,35
local,local-read64-round3-before.log,before,azqueue,1,interactive,64,PASS,lifecycle,EnqueueMessage,POST,201,false,false,35
local,local-read64-round3-before.log,before,azqueue,1,interactive,64,PASS,lifecycle,PeekMessages,GET,200,false,false,2
local,local-read64-round3-before.log,before,azqueue,1,stream,64,PASS,workload,DeleteMessage,DELETE,204,false,false,130
local,local-read64-round3-before.log,before,azqueue,1,stream,64,PASS,workload,DequeueMessages,GET,200,false,false,207
local,local-read64-round3-before.log,before,azqueue,1,stream,64,PASS,workload,EnqueueMessage,POST,201,false,false,129
local,local-read64-round3-before.log,before,azqueue,1,stream,64,PASS,lifecycle,CreateQueue,PUT,201,false,false,4
local,local-read64-round3-before.log,before,azqueue,1,stream,64,PASS,lifecycle,DeleteMessage,DELETE,204,false,false,131
local,local-read64-round3-before.log,before,azqueue,1,stream,64,PASS,lifecycle,DeleteQueue,DELETE,204,false,false,4
local,local-read64-round3-before.log,before,azqueue,1,stream,64,PASS,lifecycle,DequeueMessages,GET,200,false,false,210
local,local-read64-round3-before.log,before,azqueue,1,stream,64,PASS,lifecycle,EnqueueMessage,POST,201,false,false,131
local,local-read64-round3-before.log,before,azqueue,1,stream,64,PASS,lifecycle,PeekMessages,GET,200,false,false,2
local,local-read64-round3-before.log,before,azqueue,1,duplex,64,PASS,workload,DeleteMessage,DELETE,204,false,false,259
local,local-read64-round3-before.log,before,azqueue,1,duplex,64,PASS,workload,DequeueMessages,GET,200,false,false,418
local,local-read64-round3-before.log,before,azqueue,1,duplex,64,PASS,workload,EnqueueMessage,POST,201,false,false,258
local,local-read64-round3-before.log,before,azqueue,1,duplex,64,PASS,lifecycle,CreateQueue,PUT,201,false,false,4
local,local-read64-round3-before.log,before,azqueue,1,duplex,64,PASS,lifecycle,DeleteMessage,DELETE,204,false,false,260
local,local-read64-round3-before.log,before,azqueue,1,duplex,64,PASS,lifecycle,DeleteQueue,DELETE,204,false,false,4
local,local-read64-round3-before.log,before,azqueue,1,duplex,64,PASS,lifecycle,DequeueMessages,GET,200,false,false,421
local,local-read64-round3-before.log,before,azqueue,1,duplex,64,PASS,lifecycle,EnqueueMessage,POST,201,false,false,260
local,local-read64-round3-before.log,before,azqueue,1,duplex,64,PASS,lifecycle,PeekMessages,GET,200,false,false,2
local,local-read64-round3-before.log,before,azqueue,1,wake,64,PASS,workload,DeleteMessage,DELETE,204,false,false,1
local,local-read64-round3-before.log,before,azqueue,1,wake,64,PASS,workload,DequeueMessages,GET,200,false,false,79
local,local-read64-round3-before.log,before,azqueue,1,wake,64,PASS,workload,EnqueueMessage,POST,201,false,false,1
local,local-read64-round3-before.log,before,azqueue,1,wake,64,PASS,lifecycle,CreateQueue,PUT,201,false,false,4
local,local-read64-round3-before.log,before,azqueue,1,wake,64,PASS,lifecycle,DeleteMessage,DELETE,204,false,false,3
local,local-read64-round3-before.log,before,azqueue,1,wake,64,PASS,lifecycle,DeleteQueue,DELETE,204,false,false,4
local,local-read64-round3-before.log,before,azqueue,1,wake,64,PASS,lifecycle,DequeueMessages,GET,200,false,false,81
local,local-read64-round3-before.log,before,azqueue,1,wake,64,PASS,lifecycle,EnqueueMessage,POST,201,false,false,4
local,local-read64-round3-before.log,before,azqueue,1,wake,64,PASS,lifecycle,PeekMessages,GET,200,false,false,2
local,local-read64-round3-before.log,before,azqueue,4,idle,64,PASS,workload,DequeueMessages,GET,0,false,true,2
local,local-read64-round3-before.log,before,azqueue,4,idle,64,PASS,workload,DequeueMessages,GET,200,false,false,310
local,local-read64-round3-before.log,before,azqueue,4,idle,64,PASS,lifecycle,CreateQueue,PUT,201,false,false,10
local,local-read64-round3-before.log,before,azqueue,4,idle,64,PASS,lifecycle,DeleteMessage,DELETE,204,false,false,8
local,local-read64-round3-before.log,before,azqueue,4,idle,64,PASS,lifecycle,DeleteQueue,DELETE,204,false,false,10
local,local-read64-round3-before.log,before,azqueue,4,idle,64,PASS,lifecycle,DequeueMessages,GET,0,false,true,2
local,local-read64-round3-before.log,before,azqueue,4,idle,64,PASS,lifecycle,DequeueMessages,GET,200,false,false,322
local,local-read64-round3-before.log,before,azqueue,4,idle,64,PASS,lifecycle,EnqueueMessage,POST,201,false,false,12
local,local-read64-round3-before.log,before,azqueue,4,idle,64,PASS,lifecycle,PeekMessages,GET,200,false,false,8
local,local-read64-round3-before.log,before,azqueue,4,interactive,64,PASS,workload,DeleteMessage,DELETE,204,false,false,132
local,local-read64-round3-before.log,before,azqueue,4,interactive,64,PASS,workload,DequeueMessages,GET,200,false,false,128
local,local-read64-round3-before.log,before,azqueue,4,interactive,64,PASS,workload,EnqueueMessage,POST,201,false,false,128
local,local-read64-round3-before.log,before,azqueue,4,interactive,64,PASS,lifecycle,CreateQueue,PUT,201,false,false,10
local,local-read64-round3-before.log,before,azqueue,4,interactive,64,PASS,lifecycle,DeleteMessage,DELETE,204,false,false,136
local,local-read64-round3-before.log,before,azqueue,4,interactive,64,PASS,lifecycle,DeleteQueue,DELETE,204,false,false,10
local,local-read64-round3-before.log,before,azqueue,4,interactive,64,PASS,lifecycle,DequeueMessages,GET,200,false,false,141
local,local-read64-round3-before.log,before,azqueue,4,interactive,64,PASS,lifecycle,EnqueueMessage,POST,201,false,false,140
local,local-read64-round3-before.log,before,azqueue,4,interactive,64,PASS,lifecycle,PeekMessages,GET,200,false,false,9
local,local-read64-round3-before.log,before,azqueue,4,stream,64,PASS,workload,DeleteMessage,DELETE,204,false,false,520
local,local-read64-round3-before.log,before,azqueue,4,stream,64,PASS,workload,DequeueMessages,GET,200,false,false,1662
local,local-read64-round3-before.log,before,azqueue,4,stream,64,PASS,workload,EnqueueMessage,POST,201,false,false,516
local,local-read64-round3-before.log,before,azqueue,4,stream,64,PASS,lifecycle,CreateQueue,PUT,201,false,false,10
local,local-read64-round3-before.log,before,azqueue,4,stream,64,PASS,lifecycle,DeleteMessage,DELETE,204,false,false,524
local,local-read64-round3-before.log,before,azqueue,4,stream,64,PASS,lifecycle,DeleteQueue,DELETE,204,false,false,10
local,local-read64-round3-before.log,before,azqueue,4,stream,64,PASS,lifecycle,DequeueMessages,GET,200,false,false,1670
local,local-read64-round3-before.log,before,azqueue,4,stream,64,PASS,lifecycle,EnqueueMessage,POST,201,false,false,524
local,local-read64-round3-before.log,before,azqueue,4,stream,64,PASS,lifecycle,PeekMessages,GET,200,false,false,8
local,local-read64-round3-before.log,before,azqueue,4,duplex,64,PASS,workload,DeleteMessage,DELETE,204,false,false,1036
local,local-read64-round3-before.log,before,azqueue,4,duplex,64,PASS,workload,DequeueMessages,GET,200,false,false,7407
local,local-read64-round3-before.log,before,azqueue,4,duplex,64,PASS,workload,EnqueueMessage,POST,201,false,false,1032
local,local-read64-round3-before.log,before,azqueue,4,duplex,64,PASS,lifecycle,CreateQueue,PUT,201,false,false,10
local,local-read64-round3-before.log,before,azqueue,4,duplex,64,PASS,lifecycle,DeleteMessage,DELETE,204,false,false,1040
local,local-read64-round3-before.log,before,azqueue,4,duplex,64,PASS,lifecycle,DeleteQueue,DELETE,204,false,false,10
local,local-read64-round3-before.log,before,azqueue,4,duplex,64,PASS,lifecycle,DequeueMessages,GET,200,false,false,7415
local,local-read64-round3-before.log,before,azqueue,4,duplex,64,PASS,lifecycle,EnqueueMessage,POST,201,false,false,1040
local,local-read64-round3-before.log,before,azqueue,4,duplex,64,PASS,lifecycle,PeekMessages,GET,200,false,false,8
local,local-read64-round3-before.log,before,azqueue,4,wake,64,PASS,workload,DeleteMessage,DELETE,204,false,false,6
local,local-read64-round3-before.log,before,azqueue,4,wake,64,PASS,workload,DequeueMessages,GET,200,false,false,333
local,local-read64-round3-before.log,before,azqueue,4,wake,64,PASS,workload,EnqueueMessage,POST,201,false,false,4
local,local-read64-round3-before.log,before,azqueue,4,wake,64,PASS,lifecycle,CreateQueue,PUT,201,false,false,10
local,local-read64-round3-before.log,before,azqueue,4,wake,64,PASS,lifecycle,DeleteMessage,DELETE,204,false,false,12
local,local-read64-round3-before.log,before,azqueue,4,wake,64,PASS,lifecycle,DeleteQueue,DELETE,204,false,false,10
local,local-read64-round3-before.log,before,azqueue,4,wake,64,PASS,lifecycle,DequeueMessages,GET,200,false,false,341
local,local-read64-round3-before.log,before,azqueue,4,wake,64,PASS,lifecycle,EnqueueMessage,POST,201,false,false,16
local,local-read64-round3-before.log,before,azqueue,4,wake,64,PASS,lifecycle,PeekMessages,GET,200,false,false,8
local,local-read64-round3-before.log,before,aztable,1,idle,64,PASS,workload,QueryEntities,GET,200,false,false,79
local,local-read64-round3-before.log,before,aztable,1,idle,64,PASS,lifecycle,AddEntity,POST,201,false,false,2
local,local-read64-round3-before.log,before,aztable,1,idle,64,PASS,lifecycle,AddEntity,POST,204,false,false,1
local,local-read64-round3-before.log,before,aztable,1,idle,64,PASS,lifecycle,CreateTable,POST,201,false,false,4
local,local-read64-round3-before.log,before,aztable,1,idle,64,PASS,lifecycle,DeleteEntity,DELETE,204,false,false,2
local,local-read64-round3-before.log,before,aztable,1,idle,64,PASS,lifecycle,DeleteTable,DELETE,204,false,false,4
local,local-read64-round3-before.log,before,aztable,1,idle,64,PASS,lifecycle,GetEntity,GET,200,false,false,1
local,local-read64-round3-before.log,before,aztable,1,idle,64,PASS,lifecycle,GetEntity,GET,404,false,true,1
local,local-read64-round3-before.log,before,aztable,1,idle,64,PASS,lifecycle,QueryEntities,GET,200,false,false,81
local,local-read64-round3-before.log,before,aztable,1,interactive,64,PASS,workload,AddEntity,POST,204,false,false,32
local,local-read64-round3-before.log,before,aztable,1,interactive,64,PASS,workload,DeleteEntity,DELETE,204,false,false,1
local,local-read64-round3-before.log,before,aztable,1,interactive,64,PASS,workload,QueryEntities,GET,200,false,false,32
local,local-read64-round3-before.log,before,aztable,1,interactive,64,PASS,lifecycle,AddEntity,POST,201,false,false,2
local,local-read64-round3-before.log,before,aztable,1,interactive,64,PASS,lifecycle,AddEntity,POST,204,false,false,33
local,local-read64-round3-before.log,before,aztable,1,interactive,64,PASS,lifecycle,CreateTable,POST,201,false,false,4
local,local-read64-round3-before.log,before,aztable,1,interactive,64,PASS,lifecycle,DeleteEntity,DELETE,204,false,false,2
local,local-read64-round3-before.log,before,aztable,1,interactive,64,PASS,lifecycle,DeleteTable,DELETE,204,false,false,4
local,local-read64-round3-before.log,before,aztable,1,interactive,64,PASS,lifecycle,GetEntity,GET,200,false,false,1
local,local-read64-round3-before.log,before,aztable,1,interactive,64,PASS,lifecycle,GetEntity,GET,404,false,true,1
local,local-read64-round3-before.log,before,aztable,1,interactive,64,PASS,lifecycle,QueryEntities,GET,200,false,false,34
local,local-read64-round3-before.log,before,aztable,1,stream,64,PASS,workload,AddEntity,POST,204,false,false,65
local,local-read64-round3-before.log,before,aztable,1,stream,64,PASS,workload,DeleteEntity,DELETE,204,false,false,1
local,local-read64-round3-before.log,before,aztable,1,stream,64,PASS,workload,QueryEntities,GET,200,false,false,19
local,local-read64-round3-before.log,before,aztable,1,stream,64,PASS,lifecycle,AddEntity,POST,201,false,false,2
local,local-read64-round3-before.log,before,aztable,1,stream,64,PASS,lifecycle,AddEntity,POST,204,false,false,65
local,local-read64-round3-before.log,before,aztable,1,stream,64,PASS,lifecycle,CreateTable,POST,201,false,false,4
local,local-read64-round3-before.log,before,aztable,1,stream,64,PASS,lifecycle,DeleteEntity,DELETE,204,false,false,2
local,local-read64-round3-before.log,before,aztable,1,stream,64,PASS,lifecycle,DeleteTable,DELETE,204,false,false,4
local,local-read64-round3-before.log,before,aztable,1,stream,64,PASS,lifecycle,GetEntity,GET,200,false,false,1
local,local-read64-round3-before.log,before,aztable,1,stream,64,PASS,lifecycle,GetEntity,GET,404,false,true,1
local,local-read64-round3-before.log,before,aztable,1,stream,64,PASS,lifecycle,QueryEntities,GET,200,false,false,21
local,local-read64-round3-before.log,before,aztable,1,duplex,64,PASS,workload,AddEntity,POST,204,false,false,130
local,local-read64-round3-before.log,before,aztable,1,duplex,64,PASS,workload,DeleteEntity,DELETE,204,false,false,1
local,local-read64-round3-before.log,before,aztable,1,duplex,64,PASS,workload,QueryEntities,GET,200,false,false,38
local,local-read64-round3-before.log,before,aztable,1,duplex,64,PASS,lifecycle,AddEntity,POST,201,false,false,2
local,local-read64-round3-before.log,before,aztable,1,duplex,64,PASS,lifecycle,AddEntity,POST,204,false,false,130
local,local-read64-round3-before.log,before,aztable,1,duplex,64,PASS,lifecycle,CreateTable,POST,201,false,false,4
local,local-read64-round3-before.log,before,aztable,1,duplex,64,PASS,lifecycle,DeleteEntity,DELETE,204,false,false,2
local,local-read64-round3-before.log,before,aztable,1,duplex,64,PASS,lifecycle,DeleteTable,DELETE,204,false,false,4
local,local-read64-round3-before.log,before,aztable,1,duplex,64,PASS,lifecycle,GetEntity,GET,200,false,false,1
local,local-read64-round3-before.log,before,aztable,1,duplex,64,PASS,lifecycle,GetEntity,GET,404,false,true,1
local,local-read64-round3-before.log,before,aztable,1,duplex,64,PASS,lifecycle,QueryEntities,GET,200,false,false,40
local,local-read64-round3-before.log,before,aztable,1,wake,64,PASS,workload,AddEntity,POST,204,false,false,1
local,local-read64-round3-before.log,before,aztable,1,wake,64,PASS,workload,QueryEntities,GET,200,false,false,82
local,local-read64-round3-before.log,before,aztable,1,wake,64,PASS,lifecycle,AddEntity,POST,201,false,false,2
local,local-read64-round3-before.log,before,aztable,1,wake,64,PASS,lifecycle,AddEntity,POST,204,false,false,2
local,local-read64-round3-before.log,before,aztable,1,wake,64,PASS,lifecycle,CreateTable,POST,201,false,false,4
local,local-read64-round3-before.log,before,aztable,1,wake,64,PASS,lifecycle,DeleteEntity,DELETE,204,false,false,2
local,local-read64-round3-before.log,before,aztable,1,wake,64,PASS,lifecycle,DeleteTable,DELETE,204,false,false,4
local,local-read64-round3-before.log,before,aztable,1,wake,64,PASS,lifecycle,GetEntity,GET,200,false,false,1
local,local-read64-round3-before.log,before,aztable,1,wake,64,PASS,lifecycle,GetEntity,GET,404,false,true,1
local,local-read64-round3-before.log,before,aztable,1,wake,64,PASS,lifecycle,QueryEntities,GET,200,false,false,84
local,local-read64-round3-before.log,before,aztable,4,idle,64,PASS,workload,QueryEntities,GET,200,false,false,315
local,local-read64-round3-before.log,before,aztable,4,idle,64,PASS,lifecycle,AddEntity,POST,201,false,false,8
local,local-read64-round3-before.log,before,aztable,4,idle,64,PASS,lifecycle,AddEntity,POST,204,false,false,4
local,local-read64-round3-before.log,before,aztable,4,idle,64,PASS,lifecycle,CreateTable,POST,201,false,false,10
local,local-read64-round3-before.log,before,aztable,4,idle,64,PASS,lifecycle,DeleteEntity,DELETE,204,false,false,8
local,local-read64-round3-before.log,before,aztable,4,idle,64,PASS,lifecycle,DeleteTable,DELETE,204,false,false,10
local,local-read64-round3-before.log,before,aztable,4,idle,64,PASS,lifecycle,GetEntity,GET,200,false,false,4
local,local-read64-round3-before.log,before,aztable,4,idle,64,PASS,lifecycle,GetEntity,GET,404,false,true,4
local,local-read64-round3-before.log,before,aztable,4,idle,64,PASS,lifecycle,QueryEntities,GET,200,false,false,323
local,local-read64-round3-before.log,before,aztable,4,interactive,64,PASS,workload,AddEntity,POST,204,false,false,128
local,local-read64-round3-before.log,before,aztable,4,interactive,64,PASS,workload,DeleteEntity,DELETE,204,false,false,4
local,local-read64-round3-before.log,before,aztable,4,interactive,64,PASS,workload,QueryEntities,GET,200,false,false,128
local,local-read64-round3-before.log,before,aztable,4,interactive,64,PASS,lifecycle,AddEntity,POST,201,false,false,8
local,local-read64-round3-before.log,before,aztable,4,interactive,64,PASS,lifecycle,AddEntity,POST,204,false,false,132
local,local-read64-round3-before.log,before,aztable,4,interactive,64,PASS,lifecycle,CreateTable,POST,201,false,false,10
local,local-read64-round3-before.log,before,aztable,4,interactive,64,PASS,lifecycle,DeleteEntity,DELETE,204,false,false,8
local,local-read64-round3-before.log,before,aztable,4,interactive,64,PASS,lifecycle,DeleteTable,DELETE,204,false,false,10
local,local-read64-round3-before.log,before,aztable,4,interactive,64,PASS,lifecycle,GetEntity,GET,200,false,false,4
local,local-read64-round3-before.log,before,aztable,4,interactive,64,PASS,lifecycle,GetEntity,GET,404,false,true,4
local,local-read64-round3-before.log,before,aztable,4,interactive,64,PASS,lifecycle,QueryEntities,GET,200,false,false,136
local,local-read64-round3-before.log,before,aztable,4,stream,64,PASS,workload,AddEntity,POST,204,false,false,260
local,local-read64-round3-before.log,before,aztable,4,stream,64,PASS,workload,DeleteEntity,DELETE,204,false,false,4
local,local-read64-round3-before.log,before,aztable,4,stream,64,PASS,workload,QueryEntities,GET,200,false,false,106
local,local-read64-round3-before.log,before,aztable,4,stream,64,PASS,lifecycle,AddEntity,POST,201,false,false,8
local,local-read64-round3-before.log,before,aztable,4,stream,64,PASS,lifecycle,AddEntity,POST,204,false,false,260
local,local-read64-round3-before.log,before,aztable,4,stream,64,PASS,lifecycle,CreateTable,POST,201,false,false,10
local,local-read64-round3-before.log,before,aztable,4,stream,64,PASS,lifecycle,DeleteEntity,DELETE,204,false,false,8
local,local-read64-round3-before.log,before,aztable,4,stream,64,PASS,lifecycle,DeleteTable,DELETE,204,false,false,10
local,local-read64-round3-before.log,before,aztable,4,stream,64,PASS,lifecycle,GetEntity,GET,200,false,false,4
local,local-read64-round3-before.log,before,aztable,4,stream,64,PASS,lifecycle,GetEntity,GET,404,false,true,4
local,local-read64-round3-before.log,before,aztable,4,stream,64,PASS,lifecycle,QueryEntities,GET,200,false,false,114
local,local-read64-round3-before.log,before,aztable,4,duplex,64,PASS,workload,AddEntity,POST,204,false,false,520
local,local-read64-round3-before.log,before,aztable,4,duplex,64,PASS,workload,DeleteEntity,DELETE,204,false,false,4
local,local-read64-round3-before.log,before,aztable,4,duplex,64,PASS,workload,QueryEntities,GET,200,false,false,415
local,local-read64-round3-before.log,before,aztable,4,duplex,64,PASS,lifecycle,AddEntity,POST,201,false,false,8
local,local-read64-round3-before.log,before,aztable,4,duplex,64,PASS,lifecycle,AddEntity,POST,204,false,false,520
local,local-read64-round3-before.log,before,aztable,4,duplex,64,PASS,lifecycle,CreateTable,POST,201,false,false,10
local,local-read64-round3-before.log,before,aztable,4,duplex,64,PASS,lifecycle,DeleteEntity,DELETE,204,false,false,8
local,local-read64-round3-before.log,before,aztable,4,duplex,64,PASS,lifecycle,DeleteTable,DELETE,204,false,false,10
local,local-read64-round3-before.log,before,aztable,4,duplex,64,PASS,lifecycle,GetEntity,GET,200,false,false,4
local,local-read64-round3-before.log,before,aztable,4,duplex,64,PASS,lifecycle,GetEntity,GET,404,false,true,4
local,local-read64-round3-before.log,before,aztable,4,duplex,64,PASS,lifecycle,QueryEntities,GET,200,false,false,423
local,local-read64-round3-before.log,before,aztable,4,wake,64,PASS,workload,AddEntity,POST,204,false,false,4
local,local-read64-round3-before.log,before,aztable,4,wake,64,PASS,workload,DeleteEntity,DELETE,204,false,false,1
local,local-read64-round3-before.log,before,aztable,4,wake,64,PASS,workload,QueryEntities,GET,200,false,false,328
local,local-read64-round3-before.log,before,aztable,4,wake,64,PASS,lifecycle,AddEntity,POST,201,false,false,8
local,local-read64-round3-before.log,before,aztable,4,wake,64,PASS,lifecycle,AddEntity,POST,204,false,false,8
local,local-read64-round3-before.log,before,aztable,4,wake,64,PASS,lifecycle,CreateTable,POST,201,false,false,10
local,local-read64-round3-before.log,before,aztable,4,wake,64,PASS,lifecycle,DeleteEntity,DELETE,204,false,false,8
local,local-read64-round3-before.log,before,aztable,4,wake,64,PASS,lifecycle,DeleteTable,DELETE,204,false,false,10
local,local-read64-round3-before.log,before,aztable,4,wake,64,PASS,lifecycle,GetEntity,GET,200,false,false,4
local,local-read64-round3-before.log,before,aztable,4,wake,64,PASS,lifecycle,GetEntity,GET,404,false,true,4
local,local-read64-round3-before.log,before,aztable,4,wake,64,PASS,lifecycle,QueryEntities,GET,200,false,false,336
local,local-read65536-round1-after.log,after,azblob,1,stream,65536,PASS,workload,AppendBlock,PUT,201,false,false,65
local,local-read65536-round1-after.log,after,azblob,1,stream,65536,PASS,workload,DeleteBlob,DELETE,202,false,false,1
local,local-read65536-round1-after.log,after,azblob,1,stream,65536,PASS,workload,DownloadBlob,GET,206,false,false,159
local,local-read65536-round1-after.log,after,azblob,1,stream,65536,PASS,workload,DownloadBlob,GET,416,false,true,2
local,local-read65536-round1-after.log,after,azblob,1,stream,65536,PASS,lifecycle,AppendBlock,PUT,201,false,false,65
local,local-read65536-round1-after.log,after,azblob,1,stream,65536,PASS,lifecycle,CreateContainer,PUT,201,false,false,3
local,local-read65536-round1-after.log,after,azblob,1,stream,65536,PASS,lifecycle,DeleteBlob,DELETE,202,false,false,2
local,local-read65536-round1-after.log,after,azblob,1,stream,65536,PASS,lifecycle,DeleteContainer,DELETE,202,false,false,3
local,local-read65536-round1-after.log,after,azblob,1,stream,65536,PASS,lifecycle,DownloadBlob,GET,200,false,false,1
local,local-read65536-round1-after.log,after,azblob,1,stream,65536,PASS,lifecycle,DownloadBlob,GET,206,false,false,159
local,local-read65536-round1-after.log,after,azblob,1,stream,65536,PASS,lifecycle,DownloadBlob,GET,404,false,true,1
local,local-read65536-round1-after.log,after,azblob,1,stream,65536,PASS,lifecycle,DownloadBlob,GET,416,false,true,2
local,local-read65536-round1-after.log,after,azblob,1,stream,65536,PASS,lifecycle,ListBlobs,GET,200,false,false,4
local,local-read65536-round1-after.log,after,azblob,1,stream,65536,PASS,lifecycle,PutBlob,PUT,201,false,false,4
local,local-read65536-round1-after.log,after,azblob,4,stream,65536,PASS,workload,AppendBlock,PUT,201,false,false,260
local,local-read65536-round1-after.log,after,azblob,4,stream,65536,PASS,workload,DeleteBlob,DELETE,202,false,false,4
local,local-read65536-round1-after.log,after,azblob,4,stream,65536,PASS,workload,DownloadBlob,GET,206,false,false,342
local,local-read65536-round1-after.log,after,azblob,4,stream,65536,PASS,workload,DownloadBlob,GET,416,false,true,10
local,local-read65536-round1-after.log,after,azblob,4,stream,65536,PASS,lifecycle,AppendBlock,PUT,201,false,false,260
local,local-read65536-round1-after.log,after,azblob,4,stream,65536,PASS,lifecycle,CreateContainer,PUT,201,false,false,6
local,local-read65536-round1-after.log,after,azblob,4,stream,65536,PASS,lifecycle,DeleteBlob,DELETE,202,false,false,8
local,local-read65536-round1-after.log,after,azblob,4,stream,65536,PASS,lifecycle,DeleteContainer,DELETE,202,false,false,6
local,local-read65536-round1-after.log,after,azblob,4,stream,65536,PASS,lifecycle,DownloadBlob,GET,200,false,false,4
local,local-read65536-round1-after.log,after,azblob,4,stream,65536,PASS,lifecycle,DownloadBlob,GET,206,false,false,342
local,local-read65536-round1-after.log,after,azblob,4,stream,65536,PASS,lifecycle,DownloadBlob,GET,404,false,true,4
local,local-read65536-round1-after.log,after,azblob,4,stream,65536,PASS,lifecycle,DownloadBlob,GET,416,false,true,10
local,local-read65536-round1-after.log,after,azblob,4,stream,65536,PASS,lifecycle,ListBlobs,GET,200,false,false,12
local,local-read65536-round1-after.log,after,azblob,4,stream,65536,PASS,lifecycle,PutBlob,PUT,201,false,false,16
local,local-read65536-round1-after.log,after,azqueue,1,stream,65536,PASS,workload,DeleteMessage,DELETE,204,false,false,130
local,local-read65536-round1-after.log,after,azqueue,1,stream,65536,PASS,workload,DequeueMessages,GET,200,false,false,216
local,local-read65536-round1-after.log,after,azqueue,1,stream,65536,PASS,workload,EnqueueMessage,POST,201,false,false,129
local,local-read65536-round1-after.log,after,azqueue,1,stream,65536,PASS,lifecycle,CreateQueue,PUT,201,false,false,4
local,local-read65536-round1-after.log,after,azqueue,1,stream,65536,PASS,lifecycle,DeleteMessage,DELETE,204,false,false,131
local,local-read65536-round1-after.log,after,azqueue,1,stream,65536,PASS,lifecycle,DeleteQueue,DELETE,204,false,false,4
local,local-read65536-round1-after.log,after,azqueue,1,stream,65536,PASS,lifecycle,DequeueMessages,GET,200,false,false,219
local,local-read65536-round1-after.log,after,azqueue,1,stream,65536,PASS,lifecycle,EnqueueMessage,POST,201,false,false,131
local,local-read65536-round1-after.log,after,azqueue,1,stream,65536,PASS,lifecycle,PeekMessages,GET,200,false,false,2
local,local-read65536-round1-after.log,after,azqueue,4,stream,65536,PASS,workload,DeleteMessage,DELETE,204,false,false,520
local,local-read65536-round1-after.log,after,azqueue,4,stream,65536,PASS,workload,DequeueMessages,GET,200,false,false,1833
local,local-read65536-round1-after.log,after,azqueue,4,stream,65536,PASS,workload,EnqueueMessage,POST,201,false,false,516
local,local-read65536-round1-after.log,after,azqueue,4,stream,65536,PASS,lifecycle,CreateQueue,PUT,201,false,false,10
local,local-read65536-round1-after.log,after,azqueue,4,stream,65536,PASS,lifecycle,DeleteMessage,DELETE,204,false,false,524
local,local-read65536-round1-after.log,after,azqueue,4,stream,65536,PASS,lifecycle,DeleteQueue,DELETE,204,false,false,10
local,local-read65536-round1-after.log,after,azqueue,4,stream,65536,PASS,lifecycle,DequeueMessages,GET,200,false,false,1845
local,local-read65536-round1-after.log,after,azqueue,4,stream,65536,PASS,lifecycle,EnqueueMessage,POST,201,false,false,524
local,local-read65536-round1-after.log,after,azqueue,4,stream,65536,PASS,lifecycle,PeekMessages,GET,200,false,false,8
local,local-read65536-round1-after.log,after,aztable,1,stream,65536,PASS,workload,AddEntity,POST,204,false,false,65
local,local-read65536-round1-after.log,after,aztable,1,stream,65536,PASS,workload,DeleteEntity,DELETE,204,false,false,1
local,local-read65536-round1-after.log,after,aztable,1,stream,65536,PASS,workload,QueryEntities,GET,200,false,false,19
local,local-read65536-round1-after.log,after,aztable,1,stream,65536,PASS,lifecycle,AddEntity,POST,201,false,false,2
local,local-read65536-round1-after.log,after,aztable,1,stream,65536,PASS,lifecycle,AddEntity,POST,204,false,false,65
local,local-read65536-round1-after.log,after,aztable,1,stream,65536,PASS,lifecycle,CreateTable,POST,201,false,false,4
local,local-read65536-round1-after.log,after,aztable,1,stream,65536,PASS,lifecycle,DeleteEntity,DELETE,204,false,false,2
local,local-read65536-round1-after.log,after,aztable,1,stream,65536,PASS,lifecycle,DeleteTable,DELETE,204,false,false,4
local,local-read65536-round1-after.log,after,aztable,1,stream,65536,PASS,lifecycle,GetEntity,GET,200,false,false,1
local,local-read65536-round1-after.log,after,aztable,1,stream,65536,PASS,lifecycle,GetEntity,GET,404,false,true,1
local,local-read65536-round1-after.log,after,aztable,1,stream,65536,PASS,lifecycle,QueryEntities,GET,200,false,false,21
local,local-read65536-round1-after.log,after,aztable,4,stream,65536,PASS,workload,AddEntity,POST,204,false,false,260
local,local-read65536-round1-after.log,after,aztable,4,stream,65536,PASS,workload,DeleteEntity,DELETE,204,false,false,4
local,local-read65536-round1-after.log,after,aztable,4,stream,65536,PASS,workload,QueryEntities,GET,200,false,false,122
local,local-read65536-round1-after.log,after,aztable,4,stream,65536,PASS,lifecycle,AddEntity,POST,201,false,false,8
local,local-read65536-round1-after.log,after,aztable,4,stream,65536,PASS,lifecycle,AddEntity,POST,204,false,false,260
local,local-read65536-round1-after.log,after,aztable,4,stream,65536,PASS,lifecycle,CreateTable,POST,201,false,false,10
local,local-read65536-round1-after.log,after,aztable,4,stream,65536,PASS,lifecycle,DeleteEntity,DELETE,204,false,false,8
local,local-read65536-round1-after.log,after,aztable,4,stream,65536,PASS,lifecycle,DeleteTable,DELETE,204,false,false,10
local,local-read65536-round1-after.log,after,aztable,4,stream,65536,PASS,lifecycle,GetEntity,GET,200,false,false,4
local,local-read65536-round1-after.log,after,aztable,4,stream,65536,PASS,lifecycle,GetEntity,GET,404,false,true,4
local,local-read65536-round1-after.log,after,aztable,4,stream,65536,PASS,lifecycle,QueryEntities,GET,200,false,false,130
local,local-read65536-round1-before.log,before,azblob,1,stream,65536,PASS,workload,AppendBlock,PUT,201,false,false,65
local,local-read65536-round1-before.log,before,azblob,1,stream,65536,PASS,workload,DeleteBlob,DELETE,202,false,false,1
local,local-read65536-round1-before.log,before,azblob,1,stream,65536,PASS,workload,DownloadBlob,GET,206,false,false,162
local,local-read65536-round1-before.log,before,azblob,1,stream,65536,PASS,workload,DownloadBlob,GET,416,false,true,2
local,local-read65536-round1-before.log,before,azblob,1,stream,65536,PASS,lifecycle,AppendBlock,PUT,201,false,false,65
local,local-read65536-round1-before.log,before,azblob,1,stream,65536,PASS,lifecycle,CreateContainer,PUT,201,false,false,3
local,local-read65536-round1-before.log,before,azblob,1,stream,65536,PASS,lifecycle,DeleteBlob,DELETE,202,false,false,2
local,local-read65536-round1-before.log,before,azblob,1,stream,65536,PASS,lifecycle,DeleteContainer,DELETE,202,false,false,3
local,local-read65536-round1-before.log,before,azblob,1,stream,65536,PASS,lifecycle,DownloadBlob,GET,200,false,false,1
local,local-read65536-round1-before.log,before,azblob,1,stream,65536,PASS,lifecycle,DownloadBlob,GET,206,false,false,162
local,local-read65536-round1-before.log,before,azblob,1,stream,65536,PASS,lifecycle,DownloadBlob,GET,404,false,true,1
local,local-read65536-round1-before.log,before,azblob,1,stream,65536,PASS,lifecycle,DownloadBlob,GET,416,false,true,2
local,local-read65536-round1-before.log,before,azblob,1,stream,65536,PASS,lifecycle,ListBlobs,GET,200,false,false,4
local,local-read65536-round1-before.log,before,azblob,1,stream,65536,PASS,lifecycle,PutBlob,PUT,201,false,false,4
local,local-read65536-round1-before.log,before,azblob,4,stream,65536,PASS,workload,AppendBlock,PUT,201,false,false,260
local,local-read65536-round1-before.log,before,azblob,4,stream,65536,PASS,workload,DeleteBlob,DELETE,202,false,false,4
local,local-read65536-round1-before.log,before,azblob,4,stream,65536,PASS,workload,DownloadBlob,GET,206,false,false,379
local,local-read65536-round1-before.log,before,azblob,4,stream,65536,PASS,workload,DownloadBlob,GET,416,false,true,11
local,local-read65536-round1-before.log,before,azblob,4,stream,65536,PASS,lifecycle,AppendBlock,PUT,201,false,false,260
local,local-read65536-round1-before.log,before,azblob,4,stream,65536,PASS,lifecycle,CreateContainer,PUT,201,false,false,6
local,local-read65536-round1-before.log,before,azblob,4,stream,65536,PASS,lifecycle,DeleteBlob,DELETE,202,false,false,8
local,local-read65536-round1-before.log,before,azblob,4,stream,65536,PASS,lifecycle,DeleteContainer,DELETE,202,false,false,6
local,local-read65536-round1-before.log,before,azblob,4,stream,65536,PASS,lifecycle,DownloadBlob,GET,200,false,false,4
local,local-read65536-round1-before.log,before,azblob,4,stream,65536,PASS,lifecycle,DownloadBlob,GET,206,false,false,379
local,local-read65536-round1-before.log,before,azblob,4,stream,65536,PASS,lifecycle,DownloadBlob,GET,404,false,true,4
local,local-read65536-round1-before.log,before,azblob,4,stream,65536,PASS,lifecycle,DownloadBlob,GET,416,false,true,11
local,local-read65536-round1-before.log,before,azblob,4,stream,65536,PASS,lifecycle,ListBlobs,GET,200,false,false,12
local,local-read65536-round1-before.log,before,azblob,4,stream,65536,PASS,lifecycle,PutBlob,PUT,201,false,false,16
local,local-read65536-round1-before.log,before,azqueue,1,stream,65536,PASS,workload,DeleteMessage,DELETE,204,false,false,130
local,local-read65536-round1-before.log,before,azqueue,1,stream,65536,PASS,workload,DequeueMessages,GET,200,false,false,205
local,local-read65536-round1-before.log,before,azqueue,1,stream,65536,PASS,workload,EnqueueMessage,POST,201,false,false,129
local,local-read65536-round1-before.log,before,azqueue,1,stream,65536,PASS,lifecycle,CreateQueue,PUT,201,false,false,4
local,local-read65536-round1-before.log,before,azqueue,1,stream,65536,PASS,lifecycle,DeleteMessage,DELETE,204,false,false,131
local,local-read65536-round1-before.log,before,azqueue,1,stream,65536,PASS,lifecycle,DeleteQueue,DELETE,204,false,false,4
local,local-read65536-round1-before.log,before,azqueue,1,stream,65536,PASS,lifecycle,DequeueMessages,GET,200,false,false,207
local,local-read65536-round1-before.log,before,azqueue,1,stream,65536,PASS,lifecycle,EnqueueMessage,POST,201,false,false,131
local,local-read65536-round1-before.log,before,azqueue,1,stream,65536,PASS,lifecycle,PeekMessages,GET,200,false,false,2
local,local-read65536-round1-before.log,before,azqueue,4,stream,65536,PASS,workload,DeleteMessage,DELETE,204,false,false,520
local,local-read65536-round1-before.log,before,azqueue,4,stream,65536,PASS,workload,DequeueMessages,GET,200,false,false,1881
local,local-read65536-round1-before.log,before,azqueue,4,stream,65536,PASS,workload,EnqueueMessage,POST,201,false,false,516
local,local-read65536-round1-before.log,before,azqueue,4,stream,65536,PASS,lifecycle,CreateQueue,PUT,201,false,false,10
local,local-read65536-round1-before.log,before,azqueue,4,stream,65536,PASS,lifecycle,DeleteMessage,DELETE,204,false,false,524
local,local-read65536-round1-before.log,before,azqueue,4,stream,65536,PASS,lifecycle,DeleteQueue,DELETE,204,false,false,10
local,local-read65536-round1-before.log,before,azqueue,4,stream,65536,PASS,lifecycle,DequeueMessages,GET,200,false,false,1893
local,local-read65536-round1-before.log,before,azqueue,4,stream,65536,PASS,lifecycle,EnqueueMessage,POST,201,false,false,524
local,local-read65536-round1-before.log,before,azqueue,4,stream,65536,PASS,lifecycle,PeekMessages,GET,200,false,false,8
local,local-read65536-round1-before.log,before,aztable,1,stream,65536,PASS,workload,AddEntity,POST,204,false,false,65
local,local-read65536-round1-before.log,before,aztable,1,stream,65536,PASS,workload,DeleteEntity,DELETE,204,false,false,1
local,local-read65536-round1-before.log,before,aztable,1,stream,65536,PASS,workload,QueryEntities,GET,200,false,false,19
local,local-read65536-round1-before.log,before,aztable,1,stream,65536,PASS,lifecycle,AddEntity,POST,201,false,false,2
local,local-read65536-round1-before.log,before,aztable,1,stream,65536,PASS,lifecycle,AddEntity,POST,204,false,false,65
local,local-read65536-round1-before.log,before,aztable,1,stream,65536,PASS,lifecycle,CreateTable,POST,201,false,false,4
local,local-read65536-round1-before.log,before,aztable,1,stream,65536,PASS,lifecycle,DeleteEntity,DELETE,204,false,false,2
local,local-read65536-round1-before.log,before,aztable,1,stream,65536,PASS,lifecycle,DeleteTable,DELETE,204,false,false,4
local,local-read65536-round1-before.log,before,aztable,1,stream,65536,PASS,lifecycle,GetEntity,GET,200,false,false,1
local,local-read65536-round1-before.log,before,aztable,1,stream,65536,PASS,lifecycle,GetEntity,GET,404,false,true,1
local,local-read65536-round1-before.log,before,aztable,1,stream,65536,PASS,lifecycle,QueryEntities,GET,200,false,false,21
local,local-read65536-round1-before.log,before,aztable,4,stream,65536,PASS,workload,AddEntity,POST,204,false,false,260
local,local-read65536-round1-before.log,before,aztable,4,stream,65536,PASS,workload,DeleteEntity,DELETE,204,false,false,4
local,local-read65536-round1-before.log,before,aztable,4,stream,65536,PASS,workload,QueryEntities,GET,200,false,false,130
local,local-read65536-round1-before.log,before,aztable,4,stream,65536,PASS,lifecycle,AddEntity,POST,201,false,false,8
local,local-read65536-round1-before.log,before,aztable,4,stream,65536,PASS,lifecycle,AddEntity,POST,204,false,false,260
local,local-read65536-round1-before.log,before,aztable,4,stream,65536,PASS,lifecycle,CreateTable,POST,201,false,false,10
local,local-read65536-round1-before.log,before,aztable,4,stream,65536,PASS,lifecycle,DeleteEntity,DELETE,204,false,false,8
local,local-read65536-round1-before.log,before,aztable,4,stream,65536,PASS,lifecycle,DeleteTable,DELETE,204,false,false,10
local,local-read65536-round1-before.log,before,aztable,4,stream,65536,PASS,lifecycle,GetEntity,GET,200,false,false,4
local,local-read65536-round1-before.log,before,aztable,4,stream,65536,PASS,lifecycle,GetEntity,GET,404,false,true,4
local,local-read65536-round1-before.log,before,aztable,4,stream,65536,PASS,lifecycle,QueryEntities,GET,200,false,false,138
local,local-read65536-round2-after.log,after,azblob,1,stream,65536,PASS,workload,AppendBlock,PUT,201,false,false,65
local,local-read65536-round2-after.log,after,azblob,1,stream,65536,PASS,workload,DeleteBlob,DELETE,202,false,false,1
local,local-read65536-round2-after.log,after,azblob,1,stream,65536,PASS,workload,DownloadBlob,GET,206,false,false,166
local,local-read65536-round2-after.log,after,azblob,1,stream,65536,PASS,workload,DownloadBlob,GET,416,false,true,2
local,local-read65536-round2-after.log,after,azblob,1,stream,65536,PASS,lifecycle,AppendBlock,PUT,201,false,false,65
local,local-read65536-round2-after.log,after,azblob,1,stream,65536,PASS,lifecycle,CreateContainer,PUT,201,false,false,3
local,local-read65536-round2-after.log,after,azblob,1,stream,65536,PASS,lifecycle,DeleteBlob,DELETE,202,false,false,2
local,local-read65536-round2-after.log,after,azblob,1,stream,65536,PASS,lifecycle,DeleteContainer,DELETE,202,false,false,3
local,local-read65536-round2-after.log,after,azblob,1,stream,65536,PASS,lifecycle,DownloadBlob,GET,200,false,false,1
local,local-read65536-round2-after.log,after,azblob,1,stream,65536,PASS,lifecycle,DownloadBlob,GET,206,false,false,166
local,local-read65536-round2-after.log,after,azblob,1,stream,65536,PASS,lifecycle,DownloadBlob,GET,404,false,true,1
local,local-read65536-round2-after.log,after,azblob,1,stream,65536,PASS,lifecycle,DownloadBlob,GET,416,false,true,2
local,local-read65536-round2-after.log,after,azblob,1,stream,65536,PASS,lifecycle,ListBlobs,GET,200,false,false,3
local,local-read65536-round2-after.log,after,azblob,1,stream,65536,PASS,lifecycle,PutBlob,PUT,201,false,false,4
local,local-read65536-round2-after.log,after,azblob,4,stream,65536,PASS,workload,AppendBlock,PUT,201,false,false,260
local,local-read65536-round2-after.log,after,azblob,4,stream,65536,PASS,workload,DeleteBlob,DELETE,202,false,false,4
local,local-read65536-round2-after.log,after,azblob,4,stream,65536,PASS,workload,DownloadBlob,GET,206,false,false,404
local,local-read65536-round2-after.log,after,azblob,4,stream,65536,PASS,workload,DownloadBlob,GET,416,false,true,7
local,local-read65536-round2-after.log,after,azblob,4,stream,65536,PASS,lifecycle,AppendBlock,PUT,201,false,false,260
local,local-read65536-round2-after.log,after,azblob,4,stream,65536,PASS,lifecycle,CreateContainer,PUT,201,false,false,6
local,local-read65536-round2-after.log,after,azblob,4,stream,65536,PASS,lifecycle,DeleteBlob,DELETE,202,false,false,8
local,local-read65536-round2-after.log,after,azblob,4,stream,65536,PASS,lifecycle,DeleteContainer,DELETE,202,false,false,6
local,local-read65536-round2-after.log,after,azblob,4,stream,65536,PASS,lifecycle,DownloadBlob,GET,200,false,false,4
local,local-read65536-round2-after.log,after,azblob,4,stream,65536,PASS,lifecycle,DownloadBlob,GET,206,false,false,404
local,local-read65536-round2-after.log,after,azblob,4,stream,65536,PASS,lifecycle,DownloadBlob,GET,404,false,true,4
local,local-read65536-round2-after.log,after,azblob,4,stream,65536,PASS,lifecycle,DownloadBlob,GET,416,false,true,7
local,local-read65536-round2-after.log,after,azblob,4,stream,65536,PASS,lifecycle,ListBlobs,GET,200,false,false,12
local,local-read65536-round2-after.log,after,azblob,4,stream,65536,PASS,lifecycle,PutBlob,PUT,201,false,false,16
local,local-read65536-round2-after.log,after,azqueue,1,stream,65536,PASS,workload,DeleteMessage,DELETE,204,false,false,130
local,local-read65536-round2-after.log,after,azqueue,1,stream,65536,PASS,workload,DequeueMessages,GET,200,false,false,244
local,local-read65536-round2-after.log,after,azqueue,1,stream,65536,PASS,workload,EnqueueMessage,POST,201,false,false,129
local,local-read65536-round2-after.log,after,azqueue,1,stream,65536,PASS,lifecycle,CreateQueue,PUT,201,false,false,4
local,local-read65536-round2-after.log,after,azqueue,1,stream,65536,PASS,lifecycle,DeleteMessage,DELETE,204,false,false,131
local,local-read65536-round2-after.log,after,azqueue,1,stream,65536,PASS,lifecycle,DeleteQueue,DELETE,204,false,false,4
local,local-read65536-round2-after.log,after,azqueue,1,stream,65536,PASS,lifecycle,DequeueMessages,GET,200,false,false,247
local,local-read65536-round2-after.log,after,azqueue,1,stream,65536,PASS,lifecycle,EnqueueMessage,POST,201,false,false,131
local,local-read65536-round2-after.log,after,azqueue,1,stream,65536,PASS,lifecycle,PeekMessages,GET,200,false,false,2
local,local-read65536-round2-after.log,after,azqueue,4,stream,65536,PASS,workload,DeleteMessage,DELETE,204,false,false,520
local,local-read65536-round2-after.log,after,azqueue,4,stream,65536,PASS,workload,DequeueMessages,GET,200,false,false,1795
local,local-read65536-round2-after.log,after,azqueue,4,stream,65536,PASS,workload,EnqueueMessage,POST,201,false,false,516
local,local-read65536-round2-after.log,after,azqueue,4,stream,65536,PASS,lifecycle,CreateQueue,PUT,201,false,false,10
local,local-read65536-round2-after.log,after,azqueue,4,stream,65536,PASS,lifecycle,DeleteMessage,DELETE,204,false,false,524
local,local-read65536-round2-after.log,after,azqueue,4,stream,65536,PASS,lifecycle,DeleteQueue,DELETE,204,false,false,10
local,local-read65536-round2-after.log,after,azqueue,4,stream,65536,PASS,lifecycle,DequeueMessages,GET,200,false,false,1806
local,local-read65536-round2-after.log,after,azqueue,4,stream,65536,PASS,lifecycle,EnqueueMessage,POST,201,false,false,524
local,local-read65536-round2-after.log,after,azqueue,4,stream,65536,PASS,lifecycle,PeekMessages,GET,200,false,false,8
local,local-read65536-round2-after.log,after,aztable,1,stream,65536,PASS,workload,AddEntity,POST,204,false,false,65
local,local-read65536-round2-after.log,after,aztable,1,stream,65536,PASS,workload,DeleteEntity,DELETE,204,false,false,1
local,local-read65536-round2-after.log,after,aztable,1,stream,65536,PASS,workload,QueryEntities,GET,200,false,false,19
local,local-read65536-round2-after.log,after,aztable,1,stream,65536,PASS,lifecycle,AddEntity,POST,201,false,false,2
local,local-read65536-round2-after.log,after,aztable,1,stream,65536,PASS,lifecycle,AddEntity,POST,204,false,false,65
local,local-read65536-round2-after.log,after,aztable,1,stream,65536,PASS,lifecycle,CreateTable,POST,201,false,false,4
local,local-read65536-round2-after.log,after,aztable,1,stream,65536,PASS,lifecycle,DeleteEntity,DELETE,204,false,false,2
local,local-read65536-round2-after.log,after,aztable,1,stream,65536,PASS,lifecycle,DeleteTable,DELETE,204,false,false,4
local,local-read65536-round2-after.log,after,aztable,1,stream,65536,PASS,lifecycle,GetEntity,GET,200,false,false,1
local,local-read65536-round2-after.log,after,aztable,1,stream,65536,PASS,lifecycle,GetEntity,GET,404,false,true,1
local,local-read65536-round2-after.log,after,aztable,1,stream,65536,PASS,lifecycle,QueryEntities,GET,200,false,false,21
local,local-read65536-round2-after.log,after,aztable,4,stream,65536,PASS,workload,AddEntity,POST,204,false,false,260
local,local-read65536-round2-after.log,after,aztable,4,stream,65536,PASS,workload,DeleteEntity,DELETE,204,false,false,4
local,local-read65536-round2-after.log,after,aztable,4,stream,65536,PASS,workload,QueryEntities,GET,200,false,false,116
local,local-read65536-round2-after.log,after,aztable,4,stream,65536,PASS,lifecycle,AddEntity,POST,201,false,false,8
local,local-read65536-round2-after.log,after,aztable,4,stream,65536,PASS,lifecycle,AddEntity,POST,204,false,false,260
local,local-read65536-round2-after.log,after,aztable,4,stream,65536,PASS,lifecycle,CreateTable,POST,201,false,false,10
local,local-read65536-round2-after.log,after,aztable,4,stream,65536,PASS,lifecycle,DeleteEntity,DELETE,204,false,false,8
local,local-read65536-round2-after.log,after,aztable,4,stream,65536,PASS,lifecycle,DeleteTable,DELETE,204,false,false,10
local,local-read65536-round2-after.log,after,aztable,4,stream,65536,PASS,lifecycle,GetEntity,GET,200,false,false,4
local,local-read65536-round2-after.log,after,aztable,4,stream,65536,PASS,lifecycle,GetEntity,GET,404,false,true,4
local,local-read65536-round2-after.log,after,aztable,4,stream,65536,PASS,lifecycle,QueryEntities,GET,200,false,false,124
local,local-read65536-round2-before.log,before,azblob,1,stream,65536,PASS,workload,AppendBlock,PUT,201,false,false,65
local,local-read65536-round2-before.log,before,azblob,1,stream,65536,PASS,workload,DeleteBlob,DELETE,202,false,false,1
local,local-read65536-round2-before.log,before,azblob,1,stream,65536,PASS,workload,DownloadBlob,GET,206,false,false,161
local,local-read65536-round2-before.log,before,azblob,1,stream,65536,PASS,workload,DownloadBlob,GET,416,false,true,2
local,local-read65536-round2-before.log,before,azblob,1,stream,65536,PASS,lifecycle,AppendBlock,PUT,201,false,false,65
local,local-read65536-round2-before.log,before,azblob,1,stream,65536,PASS,lifecycle,CreateContainer,PUT,201,false,false,3
local,local-read65536-round2-before.log,before,azblob,1,stream,65536,PASS,lifecycle,DeleteBlob,DELETE,202,false,false,2
local,local-read65536-round2-before.log,before,azblob,1,stream,65536,PASS,lifecycle,DeleteContainer,DELETE,202,false,false,3
local,local-read65536-round2-before.log,before,azblob,1,stream,65536,PASS,lifecycle,DownloadBlob,GET,200,false,false,1
local,local-read65536-round2-before.log,before,azblob,1,stream,65536,PASS,lifecycle,DownloadBlob,GET,206,false,false,161
local,local-read65536-round2-before.log,before,azblob,1,stream,65536,PASS,lifecycle,DownloadBlob,GET,404,false,true,1
local,local-read65536-round2-before.log,before,azblob,1,stream,65536,PASS,lifecycle,DownloadBlob,GET,416,false,true,2
local,local-read65536-round2-before.log,before,azblob,1,stream,65536,PASS,lifecycle,ListBlobs,GET,200,false,false,4
local,local-read65536-round2-before.log,before,azblob,1,stream,65536,PASS,lifecycle,PutBlob,PUT,201,false,false,4
local,local-read65536-round2-before.log,before,azblob,4,stream,65536,PASS,workload,AppendBlock,PUT,201,false,false,260
local,local-read65536-round2-before.log,before,azblob,4,stream,65536,PASS,workload,DeleteBlob,DELETE,202,false,false,4
local,local-read65536-round2-before.log,before,azblob,4,stream,65536,PASS,workload,DownloadBlob,GET,206,false,false,338
local,local-read65536-round2-before.log,before,azblob,4,stream,65536,PASS,workload,DownloadBlob,GET,416,false,true,9
local,local-read65536-round2-before.log,before,azblob,4,stream,65536,PASS,lifecycle,AppendBlock,PUT,201,false,false,260
local,local-read65536-round2-before.log,before,azblob,4,stream,65536,PASS,lifecycle,CreateContainer,PUT,201,false,false,6
local,local-read65536-round2-before.log,before,azblob,4,stream,65536,PASS,lifecycle,DeleteBlob,DELETE,202,false,false,8
local,local-read65536-round2-before.log,before,azblob,4,stream,65536,PASS,lifecycle,DeleteContainer,DELETE,202,false,false,6
local,local-read65536-round2-before.log,before,azblob,4,stream,65536,PASS,lifecycle,DownloadBlob,GET,200,false,false,4
local,local-read65536-round2-before.log,before,azblob,4,stream,65536,PASS,lifecycle,DownloadBlob,GET,206,false,false,338
local,local-read65536-round2-before.log,before,azblob,4,stream,65536,PASS,lifecycle,DownloadBlob,GET,404,false,true,4
local,local-read65536-round2-before.log,before,azblob,4,stream,65536,PASS,lifecycle,DownloadBlob,GET,416,false,true,9
local,local-read65536-round2-before.log,before,azblob,4,stream,65536,PASS,lifecycle,ListBlobs,GET,200,false,false,11
local,local-read65536-round2-before.log,before,azblob,4,stream,65536,PASS,lifecycle,PutBlob,PUT,201,false,false,16
local,local-read65536-round2-before.log,before,azqueue,1,stream,65536,PASS,workload,DeleteMessage,DELETE,204,false,false,130
local,local-read65536-round2-before.log,before,azqueue,1,stream,65536,PASS,workload,DequeueMessages,GET,200,false,false,164
local,local-read65536-round2-before.log,before,azqueue,1,stream,65536,PASS,workload,EnqueueMessage,POST,201,false,false,129
local,local-read65536-round2-before.log,before,azqueue,1,stream,65536,PASS,lifecycle,CreateQueue,PUT,201,false,false,4
local,local-read65536-round2-before.log,before,azqueue,1,stream,65536,PASS,lifecycle,DeleteMessage,DELETE,204,false,false,131
local,local-read65536-round2-before.log,before,azqueue,1,stream,65536,PASS,lifecycle,DeleteQueue,DELETE,204,false,false,4
local,local-read65536-round2-before.log,before,azqueue,1,stream,65536,PASS,lifecycle,DequeueMessages,GET,200,false,false,166
local,local-read65536-round2-before.log,before,azqueue,1,stream,65536,PASS,lifecycle,EnqueueMessage,POST,201,false,false,131
local,local-read65536-round2-before.log,before,azqueue,1,stream,65536,PASS,lifecycle,PeekMessages,GET,200,false,false,2
local,local-read65536-round2-before.log,before,azqueue,4,stream,65536,PASS,workload,DeleteMessage,DELETE,204,false,false,520
local,local-read65536-round2-before.log,before,azqueue,4,stream,65536,PASS,workload,DequeueMessages,GET,200,false,false,1835
local,local-read65536-round2-before.log,before,azqueue,4,stream,65536,PASS,workload,EnqueueMessage,POST,201,false,false,516
local,local-read65536-round2-before.log,before,azqueue,4,stream,65536,PASS,lifecycle,CreateQueue,PUT,201,false,false,10
local,local-read65536-round2-before.log,before,azqueue,4,stream,65536,PASS,lifecycle,DeleteMessage,DELETE,204,false,false,524
local,local-read65536-round2-before.log,before,azqueue,4,stream,65536,PASS,lifecycle,DeleteQueue,DELETE,204,false,false,10
local,local-read65536-round2-before.log,before,azqueue,4,stream,65536,PASS,lifecycle,DequeueMessages,GET,200,false,false,1846
local,local-read65536-round2-before.log,before,azqueue,4,stream,65536,PASS,lifecycle,EnqueueMessage,POST,201,false,false,524
local,local-read65536-round2-before.log,before,azqueue,4,stream,65536,PASS,lifecycle,PeekMessages,GET,200,false,false,8
local,local-read65536-round2-before.log,before,aztable,1,stream,65536,PASS,workload,AddEntity,POST,204,false,false,65
local,local-read65536-round2-before.log,before,aztable,1,stream,65536,PASS,workload,DeleteEntity,DELETE,204,false,false,1
local,local-read65536-round2-before.log,before,aztable,1,stream,65536,PASS,workload,QueryEntities,GET,200,false,false,19
local,local-read65536-round2-before.log,before,aztable,1,stream,65536,PASS,lifecycle,AddEntity,POST,201,false,false,2
local,local-read65536-round2-before.log,before,aztable,1,stream,65536,PASS,lifecycle,AddEntity,POST,204,false,false,65
local,local-read65536-round2-before.log,before,aztable,1,stream,65536,PASS,lifecycle,CreateTable,POST,201,false,false,4
local,local-read65536-round2-before.log,before,aztable,1,stream,65536,PASS,lifecycle,DeleteEntity,DELETE,204,false,false,2
local,local-read65536-round2-before.log,before,aztable,1,stream,65536,PASS,lifecycle,DeleteTable,DELETE,204,false,false,4
local,local-read65536-round2-before.log,before,aztable,1,stream,65536,PASS,lifecycle,GetEntity,GET,200,false,false,1
local,local-read65536-round2-before.log,before,aztable,1,stream,65536,PASS,lifecycle,GetEntity,GET,404,false,true,1
local,local-read65536-round2-before.log,before,aztable,1,stream,65536,PASS,lifecycle,QueryEntities,GET,200,false,false,21
local,local-read65536-round2-before.log,before,aztable,4,stream,65536,PASS,workload,AddEntity,POST,204,false,false,260
local,local-read65536-round2-before.log,before,aztable,4,stream,65536,PASS,workload,DeleteEntity,DELETE,204,false,false,4
local,local-read65536-round2-before.log,before,aztable,4,stream,65536,PASS,workload,QueryEntities,GET,200,false,false,122
local,local-read65536-round2-before.log,before,aztable,4,stream,65536,PASS,lifecycle,AddEntity,POST,201,false,false,8
local,local-read65536-round2-before.log,before,aztable,4,stream,65536,PASS,lifecycle,AddEntity,POST,204,false,false,260
local,local-read65536-round2-before.log,before,aztable,4,stream,65536,PASS,lifecycle,CreateTable,POST,201,false,false,10
local,local-read65536-round2-before.log,before,aztable,4,stream,65536,PASS,lifecycle,DeleteEntity,DELETE,204,false,false,8
local,local-read65536-round2-before.log,before,aztable,4,stream,65536,PASS,lifecycle,DeleteTable,DELETE,204,false,false,10
local,local-read65536-round2-before.log,before,aztable,4,stream,65536,PASS,lifecycle,GetEntity,GET,200,false,false,4
local,local-read65536-round2-before.log,before,aztable,4,stream,65536,PASS,lifecycle,GetEntity,GET,404,false,true,4
local,local-read65536-round2-before.log,before,aztable,4,stream,65536,PASS,lifecycle,QueryEntities,GET,200,false,false,130
local,local-read65536-round3-after.log,after,azblob,1,stream,65536,PASS,workload,AppendBlock,PUT,201,false,false,65
local,local-read65536-round3-after.log,after,azblob,1,stream,65536,PASS,workload,DeleteBlob,DELETE,202,false,false,1
local,local-read65536-round3-after.log,after,azblob,1,stream,65536,PASS,workload,DownloadBlob,GET,206,false,false,159
local,local-read65536-round3-after.log,after,azblob,1,stream,65536,PASS,workload,DownloadBlob,GET,416,false,true,2
local,local-read65536-round3-after.log,after,azblob,1,stream,65536,PASS,lifecycle,AppendBlock,PUT,201,false,false,65
local,local-read65536-round3-after.log,after,azblob,1,stream,65536,PASS,lifecycle,CreateContainer,PUT,201,false,false,3
local,local-read65536-round3-after.log,after,azblob,1,stream,65536,PASS,lifecycle,DeleteBlob,DELETE,202,false,false,2
local,local-read65536-round3-after.log,after,azblob,1,stream,65536,PASS,lifecycle,DeleteContainer,DELETE,202,false,false,3
local,local-read65536-round3-after.log,after,azblob,1,stream,65536,PASS,lifecycle,DownloadBlob,GET,200,false,false,1
local,local-read65536-round3-after.log,after,azblob,1,stream,65536,PASS,lifecycle,DownloadBlob,GET,206,false,false,159
local,local-read65536-round3-after.log,after,azblob,1,stream,65536,PASS,lifecycle,DownloadBlob,GET,404,false,true,1
local,local-read65536-round3-after.log,after,azblob,1,stream,65536,PASS,lifecycle,DownloadBlob,GET,416,false,true,2
local,local-read65536-round3-after.log,after,azblob,1,stream,65536,PASS,lifecycle,ListBlobs,GET,200,false,false,5
local,local-read65536-round3-after.log,after,azblob,1,stream,65536,PASS,lifecycle,PutBlob,PUT,201,false,false,4
local,local-read65536-round3-after.log,after,azblob,4,stream,65536,PASS,workload,AppendBlock,PUT,201,false,false,260
local,local-read65536-round3-after.log,after,azblob,4,stream,65536,PASS,workload,DeleteBlob,DELETE,202,false,false,4
local,local-read65536-round3-after.log,after,azblob,4,stream,65536,PASS,workload,DownloadBlob,GET,206,false,false,319
local,local-read65536-round3-after.log,after,azblob,4,stream,65536,PASS,workload,DownloadBlob,GET,416,false,true,8
local,local-read65536-round3-after.log,after,azblob,4,stream,65536,PASS,lifecycle,AppendBlock,PUT,201,false,false,260
local,local-read65536-round3-after.log,after,azblob,4,stream,65536,PASS,lifecycle,CreateContainer,PUT,201,false,false,6
local,local-read65536-round3-after.log,after,azblob,4,stream,65536,PASS,lifecycle,DeleteBlob,DELETE,202,false,false,8
local,local-read65536-round3-after.log,after,azblob,4,stream,65536,PASS,lifecycle,DeleteContainer,DELETE,202,false,false,6
local,local-read65536-round3-after.log,after,azblob,4,stream,65536,PASS,lifecycle,DownloadBlob,GET,200,false,false,4
local,local-read65536-round3-after.log,after,azblob,4,stream,65536,PASS,lifecycle,DownloadBlob,GET,206,false,false,319
local,local-read65536-round3-after.log,after,azblob,4,stream,65536,PASS,lifecycle,DownloadBlob,GET,404,false,true,4
local,local-read65536-round3-after.log,after,azblob,4,stream,65536,PASS,lifecycle,DownloadBlob,GET,416,false,true,8
local,local-read65536-round3-after.log,after,azblob,4,stream,65536,PASS,lifecycle,ListBlobs,GET,200,false,false,10
local,local-read65536-round3-after.log,after,azblob,4,stream,65536,PASS,lifecycle,PutBlob,PUT,201,false,false,16
local,local-read65536-round3-after.log,after,azqueue,1,stream,65536,PASS,workload,DeleteMessage,DELETE,204,false,false,130
local,local-read65536-round3-after.log,after,azqueue,1,stream,65536,PASS,workload,DequeueMessages,GET,200,false,false,197
local,local-read65536-round3-after.log,after,azqueue,1,stream,65536,PASS,workload,EnqueueMessage,POST,201,false,false,129
local,local-read65536-round3-after.log,after,azqueue,1,stream,65536,PASS,lifecycle,CreateQueue,PUT,201,false,false,4
local,local-read65536-round3-after.log,after,azqueue,1,stream,65536,PASS,lifecycle,DeleteMessage,DELETE,204,false,false,131
local,local-read65536-round3-after.log,after,azqueue,1,stream,65536,PASS,lifecycle,DeleteQueue,DELETE,204,false,false,4
local,local-read65536-round3-after.log,after,azqueue,1,stream,65536,PASS,lifecycle,DequeueMessages,GET,200,false,false,200
local,local-read65536-round3-after.log,after,azqueue,1,stream,65536,PASS,lifecycle,EnqueueMessage,POST,201,false,false,131
local,local-read65536-round3-after.log,after,azqueue,1,stream,65536,PASS,lifecycle,PeekMessages,GET,200,false,false,2
local,local-read65536-round3-after.log,after,azqueue,4,stream,65536,PASS,workload,DeleteMessage,DELETE,204,false,false,520
local,local-read65536-round3-after.log,after,azqueue,4,stream,65536,PASS,workload,DequeueMessages,GET,200,false,false,1803
local,local-read65536-round3-after.log,after,azqueue,4,stream,65536,PASS,workload,EnqueueMessage,POST,201,false,false,516
local,local-read65536-round3-after.log,after,azqueue,4,stream,65536,PASS,lifecycle,CreateQueue,PUT,201,false,false,10
local,local-read65536-round3-after.log,after,azqueue,4,stream,65536,PASS,lifecycle,DeleteMessage,DELETE,204,false,false,524
local,local-read65536-round3-after.log,after,azqueue,4,stream,65536,PASS,lifecycle,DeleteQueue,DELETE,204,false,false,10
local,local-read65536-round3-after.log,after,azqueue,4,stream,65536,PASS,lifecycle,DequeueMessages,GET,200,false,false,1814
local,local-read65536-round3-after.log,after,azqueue,4,stream,65536,PASS,lifecycle,EnqueueMessage,POST,201,false,false,524
local,local-read65536-round3-after.log,after,azqueue,4,stream,65536,PASS,lifecycle,PeekMessages,GET,200,false,false,8
local,local-read65536-round3-after.log,after,aztable,1,stream,65536,PASS,workload,AddEntity,POST,204,false,false,65
local,local-read65536-round3-after.log,after,aztable,1,stream,65536,PASS,workload,DeleteEntity,DELETE,204,false,false,1
local,local-read65536-round3-after.log,after,aztable,1,stream,65536,PASS,workload,QueryEntities,GET,200,false,false,19
local,local-read65536-round3-after.log,after,aztable,1,stream,65536,PASS,lifecycle,AddEntity,POST,201,false,false,2
local,local-read65536-round3-after.log,after,aztable,1,stream,65536,PASS,lifecycle,AddEntity,POST,204,false,false,65
local,local-read65536-round3-after.log,after,aztable,1,stream,65536,PASS,lifecycle,CreateTable,POST,201,false,false,4
local,local-read65536-round3-after.log,after,aztable,1,stream,65536,PASS,lifecycle,DeleteEntity,DELETE,204,false,false,2
local,local-read65536-round3-after.log,after,aztable,1,stream,65536,PASS,lifecycle,DeleteTable,DELETE,204,false,false,4
local,local-read65536-round3-after.log,after,aztable,1,stream,65536,PASS,lifecycle,GetEntity,GET,200,false,false,1
local,local-read65536-round3-after.log,after,aztable,1,stream,65536,PASS,lifecycle,GetEntity,GET,404,false,true,1
local,local-read65536-round3-after.log,after,aztable,1,stream,65536,PASS,lifecycle,QueryEntities,GET,200,false,false,21
local,local-read65536-round3-after.log,after,aztable,4,stream,65536,PASS,workload,AddEntity,POST,204,false,false,260
local,local-read65536-round3-after.log,after,aztable,4,stream,65536,PASS,workload,DeleteEntity,DELETE,204,false,false,4
local,local-read65536-round3-after.log,after,aztable,4,stream,65536,PASS,workload,QueryEntities,GET,200,false,false,119
local,local-read65536-round3-after.log,after,aztable,4,stream,65536,PASS,lifecycle,AddEntity,POST,201,false,false,8
local,local-read65536-round3-after.log,after,aztable,4,stream,65536,PASS,lifecycle,AddEntity,POST,204,false,false,260
local,local-read65536-round3-after.log,after,aztable,4,stream,65536,PASS,lifecycle,CreateTable,POST,201,false,false,10
local,local-read65536-round3-after.log,after,aztable,4,stream,65536,PASS,lifecycle,DeleteEntity,DELETE,204,false,false,8
local,local-read65536-round3-after.log,after,aztable,4,stream,65536,PASS,lifecycle,DeleteTable,DELETE,204,false,false,10
local,local-read65536-round3-after.log,after,aztable,4,stream,65536,PASS,lifecycle,GetEntity,GET,200,false,false,4
local,local-read65536-round3-after.log,after,aztable,4,stream,65536,PASS,lifecycle,GetEntity,GET,404,false,true,4
local,local-read65536-round3-after.log,after,aztable,4,stream,65536,PASS,lifecycle,QueryEntities,GET,200,false,false,127
local,local-read65536-round3-before.log,before,azblob,1,stream,65536,PASS,workload,AppendBlock,PUT,201,false,false,65
local,local-read65536-round3-before.log,before,azblob,1,stream,65536,PASS,workload,DeleteBlob,DELETE,202,false,false,1
local,local-read65536-round3-before.log,before,azblob,1,stream,65536,PASS,workload,DownloadBlob,GET,206,false,false,161
local,local-read65536-round3-before.log,before,azblob,1,stream,65536,PASS,workload,DownloadBlob,GET,416,false,true,2
local,local-read65536-round3-before.log,before,azblob,1,stream,65536,PASS,lifecycle,AppendBlock,PUT,201,false,false,65
local,local-read65536-round3-before.log,before,azblob,1,stream,65536,PASS,lifecycle,CreateContainer,PUT,201,false,false,3
local,local-read65536-round3-before.log,before,azblob,1,stream,65536,PASS,lifecycle,DeleteBlob,DELETE,202,false,false,2
local,local-read65536-round3-before.log,before,azblob,1,stream,65536,PASS,lifecycle,DeleteContainer,DELETE,202,false,false,3
local,local-read65536-round3-before.log,before,azblob,1,stream,65536,PASS,lifecycle,DownloadBlob,GET,200,false,false,1
local,local-read65536-round3-before.log,before,azblob,1,stream,65536,PASS,lifecycle,DownloadBlob,GET,206,false,false,161
local,local-read65536-round3-before.log,before,azblob,1,stream,65536,PASS,lifecycle,DownloadBlob,GET,404,false,true,1
local,local-read65536-round3-before.log,before,azblob,1,stream,65536,PASS,lifecycle,DownloadBlob,GET,416,false,true,2
local,local-read65536-round3-before.log,before,azblob,1,stream,65536,PASS,lifecycle,ListBlobs,GET,200,false,false,5
local,local-read65536-round3-before.log,before,azblob,1,stream,65536,PASS,lifecycle,PutBlob,PUT,201,false,false,4
local,local-read65536-round3-before.log,before,azblob,4,stream,65536,PASS,workload,AppendBlock,PUT,201,false,false,260
local,local-read65536-round3-before.log,before,azblob,4,stream,65536,PASS,workload,DeleteBlob,DELETE,202,false,false,4
local,local-read65536-round3-before.log,before,azblob,4,stream,65536,PASS,workload,DownloadBlob,GET,206,false,false,370
local,local-read65536-round3-before.log,before,azblob,4,stream,65536,PASS,workload,DownloadBlob,GET,416,false,true,10
local,local-read65536-round3-before.log,before,azblob,4,stream,65536,PASS,lifecycle,AppendBlock,PUT,201,false,false,260
local,local-read65536-round3-before.log,before,azblob,4,stream,65536,PASS,lifecycle,CreateContainer,PUT,201,false,false,6
local,local-read65536-round3-before.log,before,azblob,4,stream,65536,PASS,lifecycle,DeleteBlob,DELETE,202,false,false,8
local,local-read65536-round3-before.log,before,azblob,4,stream,65536,PASS,lifecycle,DeleteContainer,DELETE,202,false,false,6
local,local-read65536-round3-before.log,before,azblob,4,stream,65536,PASS,lifecycle,DownloadBlob,GET,200,false,false,4
local,local-read65536-round3-before.log,before,azblob,4,stream,65536,PASS,lifecycle,DownloadBlob,GET,206,false,false,370
local,local-read65536-round3-before.log,before,azblob,4,stream,65536,PASS,lifecycle,DownloadBlob,GET,404,false,true,4
local,local-read65536-round3-before.log,before,azblob,4,stream,65536,PASS,lifecycle,DownloadBlob,GET,416,false,true,10
local,local-read65536-round3-before.log,before,azblob,4,stream,65536,PASS,lifecycle,ListBlobs,GET,200,false,false,12
local,local-read65536-round3-before.log,before,azblob,4,stream,65536,PASS,lifecycle,PutBlob,PUT,201,false,false,16
local,local-read65536-round3-before.log,before,azqueue,1,stream,65536,PASS,workload,DeleteMessage,DELETE,204,false,false,130
local,local-read65536-round3-before.log,before,azqueue,1,stream,65536,PASS,workload,DequeueMessages,GET,200,false,false,180
local,local-read65536-round3-before.log,before,azqueue,1,stream,65536,PASS,workload,EnqueueMessage,POST,201,false,false,129
local,local-read65536-round3-before.log,before,azqueue,1,stream,65536,PASS,lifecycle,CreateQueue,PUT,201,false,false,4
local,local-read65536-round3-before.log,before,azqueue,1,stream,65536,PASS,lifecycle,DeleteMessage,DELETE,204,false,false,131
local,local-read65536-round3-before.log,before,azqueue,1,stream,65536,PASS,lifecycle,DeleteQueue,DELETE,204,false,false,4
local,local-read65536-round3-before.log,before,azqueue,1,stream,65536,PASS,lifecycle,DequeueMessages,GET,200,false,false,183
local,local-read65536-round3-before.log,before,azqueue,1,stream,65536,PASS,lifecycle,EnqueueMessage,POST,201,false,false,131
local,local-read65536-round3-before.log,before,azqueue,1,stream,65536,PASS,lifecycle,PeekMessages,GET,200,false,false,2
local,local-read65536-round3-before.log,before,azqueue,4,stream,65536,PASS,workload,DeleteMessage,DELETE,204,false,false,520
local,local-read65536-round3-before.log,before,azqueue,4,stream,65536,PASS,workload,DequeueMessages,GET,200,false,false,1842
local,local-read65536-round3-before.log,before,azqueue,4,stream,65536,PASS,workload,EnqueueMessage,POST,201,false,false,516
local,local-read65536-round3-before.log,before,azqueue,4,stream,65536,PASS,lifecycle,CreateQueue,PUT,201,false,false,10
local,local-read65536-round3-before.log,before,azqueue,4,stream,65536,PASS,lifecycle,DeleteMessage,DELETE,204,false,false,524
local,local-read65536-round3-before.log,before,azqueue,4,stream,65536,PASS,lifecycle,DeleteQueue,DELETE,204,false,false,10
local,local-read65536-round3-before.log,before,azqueue,4,stream,65536,PASS,lifecycle,DequeueMessages,GET,200,false,false,1853
local,local-read65536-round3-before.log,before,azqueue,4,stream,65536,PASS,lifecycle,EnqueueMessage,POST,201,false,false,524
local,local-read65536-round3-before.log,before,azqueue,4,stream,65536,PASS,lifecycle,PeekMessages,GET,200,false,false,8
local,local-read65536-round3-before.log,before,aztable,1,stream,65536,PASS,workload,AddEntity,POST,204,false,false,65
local,local-read65536-round3-before.log,before,aztable,1,stream,65536,PASS,workload,DeleteEntity,DELETE,204,false,false,1
local,local-read65536-round3-before.log,before,aztable,1,stream,65536,PASS,workload,QueryEntities,GET,200,false,false,19
local,local-read65536-round3-before.log,before,aztable,1,stream,65536,PASS,lifecycle,AddEntity,POST,201,false,false,2
local,local-read65536-round3-before.log,before,aztable,1,stream,65536,PASS,lifecycle,AddEntity,POST,204,false,false,65
local,local-read65536-round3-before.log,before,aztable,1,stream,65536,PASS,lifecycle,CreateTable,POST,201,false,false,4
local,local-read65536-round3-before.log,before,aztable,1,stream,65536,PASS,lifecycle,DeleteEntity,DELETE,204,false,false,2
local,local-read65536-round3-before.log,before,aztable,1,stream,65536,PASS,lifecycle,DeleteTable,DELETE,204,false,false,4
local,local-read65536-round3-before.log,before,aztable,1,stream,65536,PASS,lifecycle,GetEntity,GET,200,false,false,1
local,local-read65536-round3-before.log,before,aztable,1,stream,65536,PASS,lifecycle,GetEntity,GET,404,false,true,1
local,local-read65536-round3-before.log,before,aztable,1,stream,65536,PASS,lifecycle,QueryEntities,GET,200,false,false,21
local,local-read65536-round3-before.log,before,aztable,4,stream,65536,PASS,workload,AddEntity,POST,204,false,false,260
local,local-read65536-round3-before.log,before,aztable,4,stream,65536,PASS,workload,DeleteEntity,DELETE,204,false,false,4
local,local-read65536-round3-before.log,before,aztable,4,stream,65536,PASS,workload,QueryEntities,GET,200,false,false,116
local,local-read65536-round3-before.log,before,aztable,4,stream,65536,PASS,lifecycle,AddEntity,POST,201,false,false,8
local,local-read65536-round3-before.log,before,aztable,4,stream,65536,PASS,lifecycle,AddEntity,POST,204,false,false,260
local,local-read65536-round3-before.log,before,aztable,4,stream,65536,PASS,lifecycle,CreateTable,POST,201,false,false,10
local,local-read65536-round3-before.log,before,aztable,4,stream,65536,PASS,lifecycle,DeleteEntity,DELETE,204,false,false,8
local,local-read65536-round3-before.log,before,aztable,4,stream,65536,PASS,lifecycle,DeleteTable,DELETE,204,false,false,10
local,local-read65536-round3-before.log,before,aztable,4,stream,65536,PASS,lifecycle,GetEntity,GET,200,false,false,4
local,local-read65536-round3-before.log,before,aztable,4,stream,65536,PASS,lifecycle,GetEntity,GET,404,false,true,4
local,local-read65536-round3-before.log,before,aztable,4,stream,65536,PASS,lifecycle,QueryEntities,GET,200,false,false,124
sustained,sustained-read64-round1-after.log,after,azblob,1,stream,64,PASS,workload,AppendBlock,PUT,201,false,false,513
sustained,sustained-read64-round1-after.log,after,azblob,1,stream,64,PASS,workload,DeleteBlob,DELETE,202,false,false,1
sustained,sustained-read64-round1-after.log,after,azblob,1,stream,64,PASS,workload,DownloadBlob,GET,206,false,false,1052
sustained,sustained-read64-round1-after.log,after,azblob,1,stream,64,PASS,workload,DownloadBlob,GET,416,false,true,2
sustained,sustained-read64-round1-after.log,after,azblob,1,stream,64,PASS,lifecycle,AppendBlock,PUT,201,false,false,513
sustained,sustained-read64-round1-after.log,after,azblob,1,stream,64,PASS,lifecycle,CreateContainer,PUT,201,false,false,3
sustained,sustained-read64-round1-after.log,after,azblob,1,stream,64,PASS,lifecycle,DeleteBlob,DELETE,202,false,false,2
sustained,sustained-read64-round1-after.log,after,azblob,1,stream,64,PASS,lifecycle,DeleteContainer,DELETE,202,false,false,3
sustained,sustained-read64-round1-after.log,after,azblob,1,stream,64,PASS,lifecycle,DownloadBlob,GET,200,false,false,1
sustained,sustained-read64-round1-after.log,after,azblob,1,stream,64,PASS,lifecycle,DownloadBlob,GET,206,false,false,1052
sustained,sustained-read64-round1-after.log,after,azblob,1,stream,64,PASS,lifecycle,DownloadBlob,GET,404,false,true,1
sustained,sustained-read64-round1-after.log,after,azblob,1,stream,64,PASS,lifecycle,DownloadBlob,GET,416,false,true,2
sustained,sustained-read64-round1-after.log,after,azblob,1,stream,64,PASS,lifecycle,ListBlobs,GET,200,false,false,9
sustained,sustained-read64-round1-after.log,after,azblob,1,stream,64,PASS,lifecycle,PutBlob,PUT,201,false,false,4
sustained,sustained-read64-round1-after.log,after,azblob,4,stream,64,PASS,workload,AppendBlock,PUT,201,false,false,2052
sustained,sustained-read64-round1-after.log,after,azblob,4,stream,64,PASS,workload,DeleteBlob,DELETE,202,false,false,4
sustained,sustained-read64-round1-after.log,after,azblob,4,stream,64,PASS,workload,DownloadBlob,GET,206,false,false,2354
sustained,sustained-read64-round1-after.log,after,azblob,4,stream,64,PASS,workload,DownloadBlob,GET,416,false,true,5
sustained,sustained-read64-round1-after.log,after,azblob,4,stream,64,PASS,lifecycle,AppendBlock,PUT,201,false,false,2052
sustained,sustained-read64-round1-after.log,after,azblob,4,stream,64,PASS,lifecycle,CreateContainer,PUT,201,false,false,6
sustained,sustained-read64-round1-after.log,after,azblob,4,stream,64,PASS,lifecycle,DeleteBlob,DELETE,202,false,false,8
sustained,sustained-read64-round1-after.log,after,azblob,4,stream,64,PASS,lifecycle,DeleteContainer,DELETE,202,false,false,6
sustained,sustained-read64-round1-after.log,after,azblob,4,stream,64,PASS,lifecycle,DownloadBlob,GET,200,false,false,4
sustained,sustained-read64-round1-after.log,after,azblob,4,stream,64,PASS,lifecycle,DownloadBlob,GET,206,false,false,2354
sustained,sustained-read64-round1-after.log,after,azblob,4,stream,64,PASS,lifecycle,DownloadBlob,GET,404,false,true,4
sustained,sustained-read64-round1-after.log,after,azblob,4,stream,64,PASS,lifecycle,DownloadBlob,GET,416,false,true,5
sustained,sustained-read64-round1-after.log,after,azblob,4,stream,64,PASS,lifecycle,ListBlobs,GET,200,false,false,11
sustained,sustained-read64-round1-after.log,after,azblob,4,stream,64,PASS,lifecycle,PutBlob,PUT,201,false,false,16
sustained,sustained-read64-round1-after.log,after,azqueue,1,stream,64,PASS,workload,DeleteMessage,DELETE,204,false,false,1026
sustained,sustained-read64-round1-after.log,after,azqueue,1,stream,64,PASS,workload,DequeueMessages,GET,200,false,false,2051
sustained,sustained-read64-round1-after.log,after,azqueue,1,stream,64,PASS,workload,EnqueueMessage,POST,201,false,false,1025
sustained,sustained-read64-round1-after.log,after,azqueue,1,stream,64,PASS,lifecycle,CreateQueue,PUT,201,false,false,4
sustained,sustained-read64-round1-after.log,after,azqueue,1,stream,64,PASS,lifecycle,DeleteMessage,DELETE,204,false,false,1027
sustained,sustained-read64-round1-after.log,after,azqueue,1,stream,64,PASS,lifecycle,DeleteQueue,DELETE,204,false,false,4
sustained,sustained-read64-round1-after.log,after,azqueue,1,stream,64,PASS,lifecycle,DequeueMessages,GET,200,false,false,2054
sustained,sustained-read64-round1-after.log,after,azqueue,1,stream,64,PASS,lifecycle,EnqueueMessage,POST,201,false,false,1027
sustained,sustained-read64-round1-after.log,after,azqueue,1,stream,64,PASS,lifecycle,PeekMessages,GET,200,false,false,2
sustained,sustained-read64-round1-after.log,after,azqueue,4,stream,64,PASS,workload,DeleteMessage,DELETE,204,false,false,4104
sustained,sustained-read64-round1-after.log,after,azqueue,4,stream,64,PASS,workload,DequeueMessages,GET,200,false,false,15036
sustained,sustained-read64-round1-after.log,after,azqueue,4,stream,64,PASS,workload,EnqueueMessage,POST,201,false,false,4100
sustained,sustained-read64-round1-after.log,after,azqueue,4,stream,64,PASS,lifecycle,CreateQueue,PUT,201,false,false,10
sustained,sustained-read64-round1-after.log,after,azqueue,4,stream,64,PASS,lifecycle,DeleteMessage,DELETE,204,false,false,4108
sustained,sustained-read64-round1-after.log,after,azqueue,4,stream,64,PASS,lifecycle,DeleteQueue,DELETE,204,false,false,10
sustained,sustained-read64-round1-after.log,after,azqueue,4,stream,64,PASS,lifecycle,DequeueMessages,GET,200,false,false,15048
sustained,sustained-read64-round1-after.log,after,azqueue,4,stream,64,PASS,lifecycle,EnqueueMessage,POST,201,false,false,4108
sustained,sustained-read64-round1-after.log,after,azqueue,4,stream,64,PASS,lifecycle,PeekMessages,GET,200,false,false,8
sustained,sustained-read64-round1-after.log,after,aztable,1,stream,64,PASS,workload,AddEntity,POST,204,false,false,513
sustained,sustained-read64-round1-after.log,after,aztable,1,stream,64,PASS,workload,DeleteEntity,DELETE,204,false,false,1
sustained,sustained-read64-round1-after.log,after,aztable,1,stream,64,PASS,workload,QueryEntities,GET,200,false,false,131
sustained,sustained-read64-round1-after.log,after,aztable,1,stream,64,PASS,workload,SubmitTransaction,POST,202,false,false,5
sustained,sustained-read64-round1-after.log,after,aztable,1,stream,64,PASS,lifecycle,AddEntity,POST,201,false,false,2
sustained,sustained-read64-round1-after.log,after,aztable,1,stream,64,PASS,lifecycle,AddEntity,POST,204,false,false,513
sustained,sustained-read64-round1-after.log,after,aztable,1,stream,64,PASS,lifecycle,CreateTable,POST,201,false,false,4
sustained,sustained-read64-round1-after.log,after,aztable,1,stream,64,PASS,lifecycle,DeleteEntity,DELETE,204,false,false,2
sustained,sustained-read64-round1-after.log,after,aztable,1,stream,64,PASS,lifecycle,DeleteTable,DELETE,204,false,false,4
sustained,sustained-read64-round1-after.log,after,aztable,1,stream,64,PASS,lifecycle,GetEntity,GET,200,false,false,1
sustained,sustained-read64-round1-after.log,after,aztable,1,stream,64,PASS,lifecycle,GetEntity,GET,404,false,true,1
sustained,sustained-read64-round1-after.log,after,aztable,1,stream,64,PASS,lifecycle,QueryEntities,GET,200,false,false,133
sustained,sustained-read64-round1-after.log,after,aztable,1,stream,64,PASS,lifecycle,SubmitTransaction,POST,202,false,false,5
sustained,sustained-read64-round1-after.log,after,aztable,4,stream,64,PASS,workload,AddEntity,POST,204,false,false,2052
sustained,sustained-read64-round1-after.log,after,aztable,4,stream,64,PASS,workload,DeleteEntity,DELETE,204,false,false,4
sustained,sustained-read64-round1-after.log,after,aztable,4,stream,64,PASS,workload,QueryEntities,GET,200,false,false,927
sustained,sustained-read64-round1-after.log,after,aztable,4,stream,64,PASS,workload,SubmitTransaction,POST,202,false,false,20
sustained,sustained-read64-round1-after.log,after,aztable,4,stream,64,PASS,lifecycle,AddEntity,POST,201,false,false,8
sustained,sustained-read64-round1-after.log,after,aztable,4,stream,64,PASS,lifecycle,AddEntity,POST,204,false,false,2052
sustained,sustained-read64-round1-after.log,after,aztable,4,stream,64,PASS,lifecycle,CreateTable,POST,201,false,false,10
sustained,sustained-read64-round1-after.log,after,aztable,4,stream,64,PASS,lifecycle,DeleteEntity,DELETE,204,false,false,8
sustained,sustained-read64-round1-after.log,after,aztable,4,stream,64,PASS,lifecycle,DeleteTable,DELETE,204,false,false,10
sustained,sustained-read64-round1-after.log,after,aztable,4,stream,64,PASS,lifecycle,GetEntity,GET,200,false,false,4
sustained,sustained-read64-round1-after.log,after,aztable,4,stream,64,PASS,lifecycle,GetEntity,GET,404,false,true,4
sustained,sustained-read64-round1-after.log,after,aztable,4,stream,64,PASS,lifecycle,QueryEntities,GET,200,false,false,935
sustained,sustained-read64-round1-after.log,after,aztable,4,stream,64,PASS,lifecycle,SubmitTransaction,POST,202,false,false,20
sustained,sustained-read64-round1-before.log,before,azblob,1,stream,64,PASS,workload,AppendBlock,PUT,201,false,false,513
sustained,sustained-read64-round1-before.log,before,azblob,1,stream,64,PASS,workload,DeleteBlob,DELETE,202,false,false,1
sustained,sustained-read64-round1-before.log,before,azblob,1,stream,64,PASS,workload,DownloadBlob,GET,206,false,false,677
sustained,sustained-read64-round1-before.log,before,azblob,1,stream,64,PASS,workload,DownloadBlob,GET,416,false,true,3
sustained,sustained-read64-round1-before.log,before,azblob,1,stream,64,PASS,lifecycle,AppendBlock,PUT,201,false,false,513
sustained,sustained-read64-round1-before.log,before,azblob,1,stream,64,PASS,lifecycle,CreateContainer,PUT,201,false,false,3
sustained,sustained-read64-round1-before.log,before,azblob,1,stream,64,PASS,lifecycle,DeleteBlob,DELETE,202,false,false,2
sustained,sustained-read64-round1-before.log,before,azblob,1,stream,64,PASS,lifecycle,DeleteContainer,DELETE,202,false,false,3
sustained,sustained-read64-round1-before.log,before,azblob,1,stream,64,PASS,lifecycle,DownloadBlob,GET,200,false,false,1
sustained,sustained-read64-round1-before.log,before,azblob,1,stream,64,PASS,lifecycle,DownloadBlob,GET,206,false,false,677
sustained,sustained-read64-round1-before.log,before,azblob,1,stream,64,PASS,lifecycle,DownloadBlob,GET,404,false,true,2
sustained,sustained-read64-round1-before.log,before,azblob,1,stream,64,PASS,lifecycle,DownloadBlob,GET,416,false,true,3
sustained,sustained-read64-round1-before.log,before,azblob,1,stream,64,PASS,lifecycle,ListBlobs,GET,200,false,false,2
sustained,sustained-read64-round1-before.log,before,azblob,1,stream,64,PASS,lifecycle,PutBlob,PUT,201,false,false,4
sustained,sustained-read64-round1-before.log,before,azblob,4,stream,64,PASS,workload,AppendBlock,PUT,201,false,false,2052
sustained,sustained-read64-round1-before.log,before,azblob,4,stream,64,PASS,workload,DeleteBlob,DELETE,202,false,false,4
sustained,sustained-read64-round1-before.log,before,azblob,4,stream,64,PASS,workload,DownloadBlob,GET,206,false,false,1616
sustained,sustained-read64-round1-before.log,before,azblob,4,stream,64,PASS,workload,DownloadBlob,GET,416,false,true,7
sustained,sustained-read64-round1-before.log,before,azblob,4,stream,64,PASS,lifecycle,AppendBlock,PUT,201,false,false,2052
sustained,sustained-read64-round1-before.log,before,azblob,4,stream,64,PASS,lifecycle,CreateContainer,PUT,201,false,false,6
sustained,sustained-read64-round1-before.log,before,azblob,4,stream,64,PASS,lifecycle,DeleteBlob,DELETE,202,false,false,8
sustained,sustained-read64-round1-before.log,before,azblob,4,stream,64,PASS,lifecycle,DeleteContainer,DELETE,202,false,false,6
sustained,sustained-read64-round1-before.log,before,azblob,4,stream,64,PASS,lifecycle,DownloadBlob,GET,200,false,false,4
sustained,sustained-read64-round1-before.log,before,azblob,4,stream,64,PASS,lifecycle,DownloadBlob,GET,206,false,false,1616
sustained,sustained-read64-round1-before.log,before,azblob,4,stream,64,PASS,lifecycle,DownloadBlob,GET,404,false,true,4
sustained,sustained-read64-round1-before.log,before,azblob,4,stream,64,PASS,lifecycle,DownloadBlob,GET,416,false,true,7
sustained,sustained-read64-round1-before.log,before,azblob,4,stream,64,PASS,lifecycle,ListBlobs,GET,200,false,false,10
sustained,sustained-read64-round1-before.log,before,azblob,4,stream,64,PASS,lifecycle,PutBlob,PUT,201,false,false,16
sustained,sustained-read64-round1-before.log,before,azqueue,1,stream,64,PASS,workload,DeleteMessage,DELETE,204,false,false,1026
sustained,sustained-read64-round1-before.log,before,azqueue,1,stream,64,PASS,workload,DequeueMessages,GET,200,false,false,1860
sustained,sustained-read64-round1-before.log,before,azqueue,1,stream,64,PASS,workload,EnqueueMessage,POST,201,false,false,1025
sustained,sustained-read64-round1-before.log,before,azqueue,1,stream,64,PASS,lifecycle,CreateQueue,PUT,201,false,false,4
sustained,sustained-read64-round1-before.log,before,azqueue,1,stream,64,PASS,lifecycle,DeleteMessage,DELETE,204,false,false,1027
sustained,sustained-read64-round1-before.log,before,azqueue,1,stream,64,PASS,lifecycle,DeleteQueue,DELETE,204,false,false,4
sustained,sustained-read64-round1-before.log,before,azqueue,1,stream,64,PASS,lifecycle,DequeueMessages,GET,200,false,false,1863
sustained,sustained-read64-round1-before.log,before,azqueue,1,stream,64,PASS,lifecycle,EnqueueMessage,POST,201,false,false,1027
sustained,sustained-read64-round1-before.log,before,azqueue,1,stream,64,PASS,lifecycle,PeekMessages,GET,200,false,false,2
sustained,sustained-read64-round1-before.log,before,azqueue,4,stream,64,PASS,workload,DeleteMessage,DELETE,204,false,false,4104
sustained,sustained-read64-round1-before.log,before,azqueue,4,stream,64,PASS,workload,DequeueMessages,GET,200,false,false,13410
sustained,sustained-read64-round1-before.log,before,azqueue,4,stream,64,PASS,workload,EnqueueMessage,POST,201,false,false,4100
sustained,sustained-read64-round1-before.log,before,azqueue,4,stream,64,PASS,lifecycle,CreateQueue,PUT,201,false,false,10
sustained,sustained-read64-round1-before.log,before,azqueue,4,stream,64,PASS,lifecycle,DeleteMessage,DELETE,204,false,false,4108
sustained,sustained-read64-round1-before.log,before,azqueue,4,stream,64,PASS,lifecycle,DeleteQueue,DELETE,204,false,false,10
sustained,sustained-read64-round1-before.log,before,azqueue,4,stream,64,PASS,lifecycle,DequeueMessages,GET,200,false,false,13422
sustained,sustained-read64-round1-before.log,before,azqueue,4,stream,64,PASS,lifecycle,EnqueueMessage,POST,201,false,false,4108
sustained,sustained-read64-round1-before.log,before,azqueue,4,stream,64,PASS,lifecycle,PeekMessages,GET,200,false,false,8
sustained,sustained-read64-round1-before.log,before,aztable,1,stream,64,PASS,workload,AddEntity,POST,204,false,false,513
sustained,sustained-read64-round1-before.log,before,aztable,1,stream,64,PASS,workload,DeleteEntity,DELETE,204,false,false,1
sustained,sustained-read64-round1-before.log,before,aztable,1,stream,64,PASS,workload,QueryEntities,GET,200,false,false,131
sustained,sustained-read64-round1-before.log,before,aztable,1,stream,64,PASS,workload,SubmitTransaction,POST,202,false,false,5
sustained,sustained-read64-round1-before.log,before,aztable,1,stream,64,PASS,lifecycle,AddEntity,POST,201,false,false,2
sustained,sustained-read64-round1-before.log,before,aztable,1,stream,64,PASS,lifecycle,AddEntity,POST,204,false,false,513
sustained,sustained-read64-round1-before.log,before,aztable,1,stream,64,PASS,lifecycle,CreateTable,POST,201,false,false,4
sustained,sustained-read64-round1-before.log,before,aztable,1,stream,64,PASS,lifecycle,DeleteEntity,DELETE,204,false,false,2
sustained,sustained-read64-round1-before.log,before,aztable,1,stream,64,PASS,lifecycle,DeleteTable,DELETE,204,false,false,4
sustained,sustained-read64-round1-before.log,before,aztable,1,stream,64,PASS,lifecycle,GetEntity,GET,200,false,false,1
sustained,sustained-read64-round1-before.log,before,aztable,1,stream,64,PASS,lifecycle,GetEntity,GET,404,false,true,1
sustained,sustained-read64-round1-before.log,before,aztable,1,stream,64,PASS,lifecycle,QueryEntities,GET,200,false,false,133
sustained,sustained-read64-round1-before.log,before,aztable,1,stream,64,PASS,lifecycle,SubmitTransaction,POST,202,false,false,5
sustained,sustained-read64-round1-before.log,before,aztable,4,stream,64,PASS,workload,AddEntity,POST,204,false,false,2052
sustained,sustained-read64-round1-before.log,before,aztable,4,stream,64,PASS,workload,DeleteEntity,DELETE,204,false,false,4
sustained,sustained-read64-round1-before.log,before,aztable,4,stream,64,PASS,workload,QueryEntities,GET,200,false,false,793
sustained,sustained-read64-round1-before.log,before,aztable,4,stream,64,PASS,workload,SubmitTransaction,POST,202,false,false,20
sustained,sustained-read64-round1-before.log,before,aztable,4,stream,64,PASS,lifecycle,AddEntity,POST,201,false,false,8
sustained,sustained-read64-round1-before.log,before,aztable,4,stream,64,PASS,lifecycle,AddEntity,POST,204,false,false,2052
sustained,sustained-read64-round1-before.log,before,aztable,4,stream,64,PASS,lifecycle,CreateTable,POST,201,false,false,10
sustained,sustained-read64-round1-before.log,before,aztable,4,stream,64,PASS,lifecycle,DeleteEntity,DELETE,204,false,false,8
sustained,sustained-read64-round1-before.log,before,aztable,4,stream,64,PASS,lifecycle,DeleteTable,DELETE,204,false,false,10
sustained,sustained-read64-round1-before.log,before,aztable,4,stream,64,PASS,lifecycle,GetEntity,GET,200,false,false,4
sustained,sustained-read64-round1-before.log,before,aztable,4,stream,64,PASS,lifecycle,GetEntity,GET,404,false,true,4
sustained,sustained-read64-round1-before.log,before,aztable,4,stream,64,PASS,lifecycle,QueryEntities,GET,200,false,false,801
sustained,sustained-read64-round1-before.log,before,aztable,4,stream,64,PASS,lifecycle,SubmitTransaction,POST,202,false,false,20
sustained,sustained-read64-round2-after.log,after,azblob,1,stream,64,PASS,workload,AppendBlock,PUT,201,false,false,513
sustained,sustained-read64-round2-after.log,after,azblob,1,stream,64,PASS,workload,DeleteBlob,DELETE,202,false,false,1
sustained,sustained-read64-round2-after.log,after,azblob,1,stream,64,PASS,workload,DownloadBlob,GET,206,false,false,1228
sustained,sustained-read64-round2-after.log,after,azblob,1,stream,64,PASS,workload,DownloadBlob,GET,416,false,true,2
sustained,sustained-read64-round2-after.log,after,azblob,1,stream,64,PASS,lifecycle,AppendBlock,PUT,201,false,false,513
sustained,sustained-read64-round2-after.log,after,azblob,1,stream,64,PASS,lifecycle,CreateContainer,PUT,201,false,false,3
sustained,sustained-read64-round2-after.log,after,azblob,1,stream,64,PASS,lifecycle,DeleteBlob,DELETE,202,false,false,2
sustained,sustained-read64-round2-after.log,after,azblob,1,stream,64,PASS,lifecycle,DeleteContainer,DELETE,202,false,false,3
sustained,sustained-read64-round2-after.log,after,azblob,1,stream,64,PASS,lifecycle,DownloadBlob,GET,200,false,false,1
sustained,sustained-read64-round2-after.log,after,azblob,1,stream,64,PASS,lifecycle,DownloadBlob,GET,206,false,false,1228
sustained,sustained-read64-round2-after.log,after,azblob,1,stream,64,PASS,lifecycle,DownloadBlob,GET,404,false,true,2
sustained,sustained-read64-round2-after.log,after,azblob,1,stream,64,PASS,lifecycle,DownloadBlob,GET,416,false,true,2
sustained,sustained-read64-round2-after.log,after,azblob,1,stream,64,PASS,lifecycle,ListBlobs,GET,200,false,false,2
sustained,sustained-read64-round2-after.log,after,azblob,1,stream,64,PASS,lifecycle,PutBlob,PUT,201,false,false,4
sustained,sustained-read64-round2-after.log,after,azblob,4,stream,64,PASS,workload,AppendBlock,PUT,201,false,false,2052
sustained,sustained-read64-round2-after.log,after,azblob,4,stream,64,PASS,workload,DeleteBlob,DELETE,202,false,false,4
sustained,sustained-read64-round2-after.log,after,azblob,4,stream,64,PASS,workload,DownloadBlob,GET,206,false,false,2574
sustained,sustained-read64-round2-after.log,after,azblob,4,stream,64,PASS,workload,DownloadBlob,GET,416,false,true,7
sustained,sustained-read64-round2-after.log,after,azblob,4,stream,64,PASS,lifecycle,AppendBlock,PUT,201,false,false,2052
sustained,sustained-read64-round2-after.log,after,azblob,4,stream,64,PASS,lifecycle,CreateContainer,PUT,201,false,false,6
sustained,sustained-read64-round2-after.log,after,azblob,4,stream,64,PASS,lifecycle,DeleteBlob,DELETE,202,false,false,8
sustained,sustained-read64-round2-after.log,after,azblob,4,stream,64,PASS,lifecycle,DeleteContainer,DELETE,202,false,false,6
sustained,sustained-read64-round2-after.log,after,azblob,4,stream,64,PASS,lifecycle,DownloadBlob,GET,200,false,false,4
sustained,sustained-read64-round2-after.log,after,azblob,4,stream,64,PASS,lifecycle,DownloadBlob,GET,206,false,false,2574
sustained,sustained-read64-round2-after.log,after,azblob,4,stream,64,PASS,lifecycle,DownloadBlob,GET,404,false,true,4
sustained,sustained-read64-round2-after.log,after,azblob,4,stream,64,PASS,lifecycle,DownloadBlob,GET,416,false,true,7
sustained,sustained-read64-round2-after.log,after,azblob,4,stream,64,PASS,lifecycle,ListBlobs,GET,200,false,false,11
sustained,sustained-read64-round2-after.log,after,azblob,4,stream,64,PASS,lifecycle,PutBlob,PUT,201,false,false,16
sustained,sustained-read64-round2-after.log,after,azqueue,1,stream,64,PASS,workload,DeleteMessage,DELETE,204,false,false,1026
sustained,sustained-read64-round2-after.log,after,azqueue,1,stream,64,PASS,workload,DequeueMessages,GET,200,false,false,2188
sustained,sustained-read64-round2-after.log,after,azqueue,1,stream,64,PASS,workload,EnqueueMessage,POST,201,false,false,1025
sustained,sustained-read64-round2-after.log,after,azqueue,1,stream,64,PASS,lifecycle,CreateQueue,PUT,201,false,false,4
sustained,sustained-read64-round2-after.log,after,azqueue,1,stream,64,PASS,lifecycle,DeleteMessage,DELETE,204,false,false,1027
sustained,sustained-read64-round2-after.log,after,azqueue,1,stream,64,PASS,lifecycle,DeleteQueue,DELETE,204,false,false,4
sustained,sustained-read64-round2-after.log,after,azqueue,1,stream,64,PASS,lifecycle,DequeueMessages,GET,200,false,false,2190
sustained,sustained-read64-round2-after.log,after,azqueue,1,stream,64,PASS,lifecycle,EnqueueMessage,POST,201,false,false,1027
sustained,sustained-read64-round2-after.log,after,azqueue,1,stream,64,PASS,lifecycle,PeekMessages,GET,200,false,false,2
sustained,sustained-read64-round2-after.log,after,azqueue,4,stream,64,PASS,workload,DeleteMessage,DELETE,204,false,false,4104
sustained,sustained-read64-round2-after.log,after,azqueue,4,stream,64,PASS,workload,DequeueMessages,GET,200,false,false,14990
sustained,sustained-read64-round2-after.log,after,azqueue,4,stream,64,PASS,workload,EnqueueMessage,POST,201,false,false,4100
sustained,sustained-read64-round2-after.log,after,azqueue,4,stream,64,PASS,lifecycle,CreateQueue,PUT,201,false,false,10
sustained,sustained-read64-round2-after.log,after,azqueue,4,stream,64,PASS,lifecycle,DeleteMessage,DELETE,204,false,false,4108
sustained,sustained-read64-round2-after.log,after,azqueue,4,stream,64,PASS,lifecycle,DeleteQueue,DELETE,204,false,false,10
sustained,sustained-read64-round2-after.log,after,azqueue,4,stream,64,PASS,lifecycle,DequeueMessages,GET,200,false,false,15002
sustained,sustained-read64-round2-after.log,after,azqueue,4,stream,64,PASS,lifecycle,EnqueueMessage,POST,201,false,false,4108
sustained,sustained-read64-round2-after.log,after,azqueue,4,stream,64,PASS,lifecycle,PeekMessages,GET,200,false,false,8
sustained,sustained-read64-round2-after.log,after,aztable,1,stream,64,PASS,workload,AddEntity,POST,204,false,false,513
sustained,sustained-read64-round2-after.log,after,aztable,1,stream,64,PASS,workload,DeleteEntity,DELETE,204,false,false,1
sustained,sustained-read64-round2-after.log,after,aztable,1,stream,64,PASS,workload,QueryEntities,GET,200,false,false,131
sustained,sustained-read64-round2-after.log,after,aztable,1,stream,64,PASS,workload,SubmitTransaction,POST,202,false,false,5
sustained,sustained-read64-round2-after.log,after,aztable,1,stream,64,PASS,lifecycle,AddEntity,POST,201,false,false,2
sustained,sustained-read64-round2-after.log,after,aztable,1,stream,64,PASS,lifecycle,AddEntity,POST,204,false,false,513
sustained,sustained-read64-round2-after.log,after,aztable,1,stream,64,PASS,lifecycle,CreateTable,POST,201,false,false,4
sustained,sustained-read64-round2-after.log,after,aztable,1,stream,64,PASS,lifecycle,DeleteEntity,DELETE,204,false,false,2
sustained,sustained-read64-round2-after.log,after,aztable,1,stream,64,PASS,lifecycle,DeleteTable,DELETE,204,false,false,4
sustained,sustained-read64-round2-after.log,after,aztable,1,stream,64,PASS,lifecycle,GetEntity,GET,200,false,false,1
sustained,sustained-read64-round2-after.log,after,aztable,1,stream,64,PASS,lifecycle,GetEntity,GET,404,false,true,1
sustained,sustained-read64-round2-after.log,after,aztable,1,stream,64,PASS,lifecycle,QueryEntities,GET,200,false,false,133
sustained,sustained-read64-round2-after.log,after,aztable,1,stream,64,PASS,lifecycle,SubmitTransaction,POST,202,false,false,5
sustained,sustained-read64-round2-after.log,after,aztable,4,stream,64,PASS,workload,AddEntity,POST,204,false,false,2052
sustained,sustained-read64-round2-after.log,after,aztable,4,stream,64,PASS,workload,DeleteEntity,DELETE,204,false,false,4
sustained,sustained-read64-round2-after.log,after,aztable,4,stream,64,PASS,workload,QueryEntities,GET,200,false,false,969
sustained,sustained-read64-round2-after.log,after,aztable,4,stream,64,PASS,workload,SubmitTransaction,POST,202,false,false,20
sustained,sustained-read64-round2-after.log,after,aztable,4,stream,64,PASS,lifecycle,AddEntity,POST,201,false,false,8
sustained,sustained-read64-round2-after.log,after,aztable,4,stream,64,PASS,lifecycle,AddEntity,POST,204,false,false,2052
sustained,sustained-read64-round2-after.log,after,aztable,4,stream,64,PASS,lifecycle,CreateTable,POST,201,false,false,10
sustained,sustained-read64-round2-after.log,after,aztable,4,stream,64,PASS,lifecycle,DeleteEntity,DELETE,204,false,false,8
sustained,sustained-read64-round2-after.log,after,aztable,4,stream,64,PASS,lifecycle,DeleteTable,DELETE,204,false,false,10
sustained,sustained-read64-round2-after.log,after,aztable,4,stream,64,PASS,lifecycle,GetEntity,GET,200,false,false,4
sustained,sustained-read64-round2-after.log,after,aztable,4,stream,64,PASS,lifecycle,GetEntity,GET,404,false,true,4
sustained,sustained-read64-round2-after.log,after,aztable,4,stream,64,PASS,lifecycle,QueryEntities,GET,200,false,false,977
sustained,sustained-read64-round2-after.log,after,aztable,4,stream,64,PASS,lifecycle,SubmitTransaction,POST,202,false,false,20
sustained,sustained-read64-round2-before.log,before,azblob,1,stream,64,PASS,workload,AppendBlock,PUT,201,false,false,513
sustained,sustained-read64-round2-before.log,before,azblob,1,stream,64,PASS,workload,DeleteBlob,DELETE,202,false,false,1
sustained,sustained-read64-round2-before.log,before,azblob,1,stream,64,PASS,workload,DownloadBlob,GET,206,false,false,959
sustained,sustained-read64-round2-before.log,before,azblob,1,stream,64,PASS,workload,DownloadBlob,GET,416,false,true,2
sustained,sustained-read64-round2-before.log,before,azblob,1,stream,64,PASS,lifecycle,AppendBlock,PUT,201,false,false,513
sustained,sustained-read64-round2-before.log,before,azblob,1,stream,64,PASS,lifecycle,CreateContainer,PUT,201,false,false,3
sustained,sustained-read64-round2-before.log,before,azblob,1,stream,64,PASS,lifecycle,DeleteBlob,DELETE,202,false,false,2
sustained,sustained-read64-round2-before.log,before,azblob,1,stream,64,PASS,lifecycle,DeleteContainer,DELETE,202,false,false,3
sustained,sustained-read64-round2-before.log,before,azblob,1,stream,64,PASS,lifecycle,DownloadBlob,GET,200,false,false,1
sustained,sustained-read64-round2-before.log,before,azblob,1,stream,64,PASS,lifecycle,DownloadBlob,GET,206,false,false,959
sustained,sustained-read64-round2-before.log,before,azblob,1,stream,64,PASS,lifecycle,DownloadBlob,GET,404,false,true,1
sustained,sustained-read64-round2-before.log,before,azblob,1,stream,64,PASS,lifecycle,DownloadBlob,GET,416,false,true,2
sustained,sustained-read64-round2-before.log,before,azblob,1,stream,64,PASS,lifecycle,ListBlobs,GET,200,false,false,11
sustained,sustained-read64-round2-before.log,before,azblob,1,stream,64,PASS,lifecycle,PutBlob,PUT,201,false,false,4
sustained,sustained-read64-round2-before.log,before,azblob,4,stream,64,PASS,workload,AppendBlock,PUT,201,false,false,2052
sustained,sustained-read64-round2-before.log,before,azblob,4,stream,64,PASS,workload,DeleteBlob,DELETE,202,false,false,4
sustained,sustained-read64-round2-before.log,before,azblob,4,stream,64,PASS,workload,DownloadBlob,GET,206,false,false,2414
sustained,sustained-read64-round2-before.log,before,azblob,4,stream,64,PASS,workload,DownloadBlob,GET,416,false,true,11
sustained,sustained-read64-round2-before.log,before,azblob,4,stream,64,PASS,lifecycle,AppendBlock,PUT,201,false,false,2052
sustained,sustained-read64-round2-before.log,before,azblob,4,stream,64,PASS,lifecycle,CreateContainer,PUT,201,false,false,6
sustained,sustained-read64-round2-before.log,before,azblob,4,stream,64,PASS,lifecycle,DeleteBlob,DELETE,202,false,false,8
sustained,sustained-read64-round2-before.log,before,azblob,4,stream,64,PASS,lifecycle,DeleteContainer,DELETE,202,false,false,6
sustained,sustained-read64-round2-before.log,before,azblob,4,stream,64,PASS,lifecycle,DownloadBlob,GET,200,false,false,4
sustained,sustained-read64-round2-before.log,before,azblob,4,stream,64,PASS,lifecycle,DownloadBlob,GET,206,false,false,2414
sustained,sustained-read64-round2-before.log,before,azblob,4,stream,64,PASS,lifecycle,DownloadBlob,GET,404,false,true,4
sustained,sustained-read64-round2-before.log,before,azblob,4,stream,64,PASS,lifecycle,DownloadBlob,GET,416,false,true,11
sustained,sustained-read64-round2-before.log,before,azblob,4,stream,64,PASS,lifecycle,ListBlobs,GET,200,false,false,12
sustained,sustained-read64-round2-before.log,before,azblob,4,stream,64,PASS,lifecycle,PutBlob,PUT,201,false,false,16
sustained,sustained-read64-round2-before.log,before,azqueue,1,stream,64,PASS,workload,DeleteMessage,DELETE,204,false,false,1026
sustained,sustained-read64-round2-before.log,before,azqueue,1,stream,64,PASS,workload,DequeueMessages,GET,200,false,false,1834
sustained,sustained-read64-round2-before.log,before,azqueue,1,stream,64,PASS,workload,EnqueueMessage,POST,201,false,false,1025
sustained,sustained-read64-round2-before.log,before,azqueue,1,stream,64,PASS,lifecycle,CreateQueue,PUT,201,false,false,4
sustained,sustained-read64-round2-before.log,before,azqueue,1,stream,64,PASS,lifecycle,DeleteMessage,DELETE,204,false,false,1027
sustained,sustained-read64-round2-before.log,before,azqueue,1,stream,64,PASS,lifecycle,DeleteQueue,DELETE,204,false,false,4
sustained,sustained-read64-round2-before.log,before,azqueue,1,stream,64,PASS,lifecycle,DequeueMessages,GET,200,false,false,1837
sustained,sustained-read64-round2-before.log,before,azqueue,1,stream,64,PASS,lifecycle,EnqueueMessage,POST,201,false,false,1027
sustained,sustained-read64-round2-before.log,before,azqueue,1,stream,64,PASS,lifecycle,PeekMessages,GET,200,false,false,2
sustained,sustained-read64-round2-before.log,before,azqueue,4,stream,64,PASS,workload,DeleteMessage,DELETE,204,false,false,4104
sustained,sustained-read64-round2-before.log,before,azqueue,4,stream,64,PASS,workload,DequeueMessages,GET,200,false,false,13932
sustained,sustained-read64-round2-before.log,before,azqueue,4,stream,64,PASS,workload,EnqueueMessage,POST,201,false,false,4100
sustained,sustained-read64-round2-before.log,before,azqueue,4,stream,64,PASS,lifecycle,CreateQueue,PUT,201,false,false,10
sustained,sustained-read64-round2-before.log,before,azqueue,4,stream,64,PASS,lifecycle,DeleteMessage,DELETE,204,false,false,4108
sustained,sustained-read64-round2-before.log,before,azqueue,4,stream,64,PASS,lifecycle,DeleteQueue,DELETE,204,false,false,10
sustained,sustained-read64-round2-before.log,before,azqueue,4,stream,64,PASS,lifecycle,DequeueMessages,GET,200,false,false,13944
sustained,sustained-read64-round2-before.log,before,azqueue,4,stream,64,PASS,lifecycle,EnqueueMessage,POST,201,false,false,4108
sustained,sustained-read64-round2-before.log,before,azqueue,4,stream,64,PASS,lifecycle,PeekMessages,GET,200,false,false,8
sustained,sustained-read64-round2-before.log,before,aztable,1,stream,64,PASS,workload,AddEntity,POST,204,false,false,513
sustained,sustained-read64-round2-before.log,before,aztable,1,stream,64,PASS,workload,DeleteEntity,DELETE,204,false,false,1
sustained,sustained-read64-round2-before.log,before,aztable,1,stream,64,PASS,workload,QueryEntities,GET,200,false,false,131
sustained,sustained-read64-round2-before.log,before,aztable,1,stream,64,PASS,workload,SubmitTransaction,POST,202,false,false,5
sustained,sustained-read64-round2-before.log,before,aztable,1,stream,64,PASS,lifecycle,AddEntity,POST,201,false,false,2
sustained,sustained-read64-round2-before.log,before,aztable,1,stream,64,PASS,lifecycle,AddEntity,POST,204,false,false,513
sustained,sustained-read64-round2-before.log,before,aztable,1,stream,64,PASS,lifecycle,CreateTable,POST,201,false,false,4
sustained,sustained-read64-round2-before.log,before,aztable,1,stream,64,PASS,lifecycle,DeleteEntity,DELETE,204,false,false,2
sustained,sustained-read64-round2-before.log,before,aztable,1,stream,64,PASS,lifecycle,DeleteTable,DELETE,204,false,false,4
sustained,sustained-read64-round2-before.log,before,aztable,1,stream,64,PASS,lifecycle,GetEntity,GET,200,false,false,1
sustained,sustained-read64-round2-before.log,before,aztable,1,stream,64,PASS,lifecycle,GetEntity,GET,404,false,true,1
sustained,sustained-read64-round2-before.log,before,aztable,1,stream,64,PASS,lifecycle,QueryEntities,GET,200,false,false,133
sustained,sustained-read64-round2-before.log,before,aztable,1,stream,64,PASS,lifecycle,SubmitTransaction,POST,202,false,false,5
sustained,sustained-read64-round2-before.log,before,aztable,4,stream,64,PASS,workload,AddEntity,POST,204,false,false,2052
sustained,sustained-read64-round2-before.log,before,aztable,4,stream,64,PASS,workload,DeleteEntity,DELETE,204,false,false,4
sustained,sustained-read64-round2-before.log,before,aztable,4,stream,64,PASS,workload,QueryEntities,GET,200,false,false,748
sustained,sustained-read64-round2-before.log,before,aztable,4,stream,64,PASS,workload,SubmitTransaction,POST,202,false,false,20
sustained,sustained-read64-round2-before.log,before,aztable,4,stream,64,PASS,lifecycle,AddEntity,POST,201,false,false,8
sustained,sustained-read64-round2-before.log,before,aztable,4,stream,64,PASS,lifecycle,AddEntity,POST,204,false,false,2052
sustained,sustained-read64-round2-before.log,before,aztable,4,stream,64,PASS,lifecycle,CreateTable,POST,201,false,false,10
sustained,sustained-read64-round2-before.log,before,aztable,4,stream,64,PASS,lifecycle,DeleteEntity,DELETE,204,false,false,8
sustained,sustained-read64-round2-before.log,before,aztable,4,stream,64,PASS,lifecycle,DeleteTable,DELETE,204,false,false,10
sustained,sustained-read64-round2-before.log,before,aztable,4,stream,64,PASS,lifecycle,GetEntity,GET,200,false,false,4
sustained,sustained-read64-round2-before.log,before,aztable,4,stream,64,PASS,lifecycle,GetEntity,GET,404,false,true,4
sustained,sustained-read64-round2-before.log,before,aztable,4,stream,64,PASS,lifecycle,QueryEntities,GET,200,false,false,756
sustained,sustained-read64-round2-before.log,before,aztable,4,stream,64,PASS,lifecycle,SubmitTransaction,POST,202,false,false,20
sustained,sustained-read64-round3-after.log,after,azblob,1,stream,64,PASS,workload,AppendBlock,PUT,201,false,false,513
sustained,sustained-read64-round3-after.log,after,azblob,1,stream,64,PASS,workload,DeleteBlob,DELETE,202,false,false,1
sustained,sustained-read64-round3-after.log,after,azblob,1,stream,64,PASS,workload,DownloadBlob,GET,206,false,false,1055
sustained,sustained-read64-round3-after.log,after,azblob,1,stream,64,PASS,workload,DownloadBlob,GET,416,false,true,2
sustained,sustained-read64-round3-after.log,after,azblob,1,stream,64,PASS,lifecycle,AppendBlock,PUT,201,false,false,513
sustained,sustained-read64-round3-after.log,after,azblob,1,stream,64,PASS,lifecycle,CreateContainer,PUT,201,false,false,3
sustained,sustained-read64-round3-after.log,after,azblob,1,stream,64,PASS,lifecycle,DeleteBlob,DELETE,202,false,false,2
sustained,sustained-read64-round3-after.log,after,azblob,1,stream,64,PASS,lifecycle,DeleteContainer,DELETE,202,false,false,3
sustained,sustained-read64-round3-after.log,after,azblob,1,stream,64,PASS,lifecycle,DownloadBlob,GET,200,false,false,1
sustained,sustained-read64-round3-after.log,after,azblob,1,stream,64,PASS,lifecycle,DownloadBlob,GET,206,false,false,1055
sustained,sustained-read64-round3-after.log,after,azblob,1,stream,64,PASS,lifecycle,DownloadBlob,GET,404,false,true,2
sustained,sustained-read64-round3-after.log,after,azblob,1,stream,64,PASS,lifecycle,DownloadBlob,GET,416,false,true,2
sustained,sustained-read64-round3-after.log,after,azblob,1,stream,64,PASS,lifecycle,ListBlobs,GET,200,false,false,7
sustained,sustained-read64-round3-after.log,after,azblob,1,stream,64,PASS,lifecycle,PutBlob,PUT,201,false,false,4
sustained,sustained-read64-round3-after.log,after,azblob,4,stream,64,PASS,workload,AppendBlock,PUT,201,false,false,2052
sustained,sustained-read64-round3-after.log,after,azblob,4,stream,64,PASS,workload,DeleteBlob,DELETE,202,false,false,4
sustained,sustained-read64-round3-after.log,after,azblob,4,stream,64,PASS,workload,DownloadBlob,GET,206,false,false,2351
sustained,sustained-read64-round3-after.log,after,azblob,4,stream,64,PASS,workload,DownloadBlob,GET,416,false,true,12
sustained,sustained-read64-round3-after.log,after,azblob,4,stream,64,PASS,lifecycle,AppendBlock,PUT,201,false,false,2052
sustained,sustained-read64-round3-after.log,after,azblob,4,stream,64,PASS,lifecycle,CreateContainer,PUT,201,false,false,6
sustained,sustained-read64-round3-after.log,after,azblob,4,stream,64,PASS,lifecycle,DeleteBlob,DELETE,202,false,false,8
sustained,sustained-read64-round3-after.log,after,azblob,4,stream,64,PASS,lifecycle,DeleteContainer,DELETE,202,false,false,6
sustained,sustained-read64-round3-after.log,after,azblob,4,stream,64,PASS,lifecycle,DownloadBlob,GET,200,false,false,4
sustained,sustained-read64-round3-after.log,after,azblob,4,stream,64,PASS,lifecycle,DownloadBlob,GET,206,false,false,2351
sustained,sustained-read64-round3-after.log,after,azblob,4,stream,64,PASS,lifecycle,DownloadBlob,GET,404,false,true,5
sustained,sustained-read64-round3-after.log,after,azblob,4,stream,64,PASS,lifecycle,DownloadBlob,GET,416,false,true,12
sustained,sustained-read64-round3-after.log,after,azblob,4,stream,64,PASS,lifecycle,ListBlobs,GET,200,false,false,14
sustained,sustained-read64-round3-after.log,after,azblob,4,stream,64,PASS,lifecycle,PutBlob,PUT,201,false,false,16
sustained,sustained-read64-round3-after.log,after,azqueue,1,stream,64,PASS,workload,DeleteMessage,DELETE,204,false,false,1026
sustained,sustained-read64-round3-after.log,after,azqueue,1,stream,64,PASS,workload,DequeueMessages,GET,200,false,false,1774
sustained,sustained-read64-round3-after.log,after,azqueue,1,stream,64,PASS,workload,EnqueueMessage,POST,201,false,false,1025
sustained,sustained-read64-round3-after.log,after,azqueue,1,stream,64,PASS,lifecycle,CreateQueue,PUT,201,false,false,4
sustained,sustained-read64-round3-after.log,after,azqueue,1,stream,64,PASS,lifecycle,DeleteMessage,DELETE,204,false,false,1027
sustained,sustained-read64-round3-after.log,after,azqueue,1,stream,64,PASS,lifecycle,DeleteQueue,DELETE,204,false,false,4
sustained,sustained-read64-round3-after.log,after,azqueue,1,stream,64,PASS,lifecycle,DequeueMessages,GET,200,false,false,1776
sustained,sustained-read64-round3-after.log,after,azqueue,1,stream,64,PASS,lifecycle,EnqueueMessage,POST,201,false,false,1027
sustained,sustained-read64-round3-after.log,after,azqueue,1,stream,64,PASS,lifecycle,PeekMessages,GET,200,false,false,2
sustained,sustained-read64-round3-after.log,after,azqueue,4,stream,64,PASS,workload,DeleteMessage,DELETE,204,false,false,4104
sustained,sustained-read64-round3-after.log,after,azqueue,4,stream,64,PASS,workload,DequeueMessages,GET,200,false,false,14514
sustained,sustained-read64-round3-after.log,after,azqueue,4,stream,64,PASS,workload,EnqueueMessage,POST,201,false,false,4100
sustained,sustained-read64-round3-after.log,after,azqueue,4,stream,64,PASS,lifecycle,CreateQueue,PUT,201,false,false,10
sustained,sustained-read64-round3-after.log,after,azqueue,4,stream,64,PASS,lifecycle,DeleteMessage,DELETE,204,false,false,4108
sustained,sustained-read64-round3-after.log,after,azqueue,4,stream,64,PASS,lifecycle,DeleteQueue,DELETE,204,false,false,10
sustained,sustained-read64-round3-after.log,after,azqueue,4,stream,64,PASS,lifecycle,DequeueMessages,GET,200,false,false,14526
sustained,sustained-read64-round3-after.log,after,azqueue,4,stream,64,PASS,lifecycle,EnqueueMessage,POST,201,false,false,4108
sustained,sustained-read64-round3-after.log,after,azqueue,4,stream,64,PASS,lifecycle,PeekMessages,GET,200,false,false,8
sustained,sustained-read64-round3-after.log,after,aztable,1,stream,64,PASS,workload,AddEntity,POST,204,false,false,513
sustained,sustained-read64-round3-after.log,after,aztable,1,stream,64,PASS,workload,DeleteEntity,DELETE,204,false,false,1
sustained,sustained-read64-round3-after.log,after,aztable,1,stream,64,PASS,workload,QueryEntities,GET,200,false,false,131
sustained,sustained-read64-round3-after.log,after,aztable,1,stream,64,PASS,workload,SubmitTransaction,POST,202,false,false,5
sustained,sustained-read64-round3-after.log,after,aztable,1,stream,64,PASS,lifecycle,AddEntity,POST,201,false,false,2
sustained,sustained-read64-round3-after.log,after,aztable,1,stream,64,PASS,lifecycle,AddEntity,POST,204,false,false,513
sustained,sustained-read64-round3-after.log,after,aztable,1,stream,64,PASS,lifecycle,CreateTable,POST,201,false,false,4
sustained,sustained-read64-round3-after.log,after,aztable,1,stream,64,PASS,lifecycle,DeleteEntity,DELETE,204,false,false,2
sustained,sustained-read64-round3-after.log,after,aztable,1,stream,64,PASS,lifecycle,DeleteTable,DELETE,204,false,false,4
sustained,sustained-read64-round3-after.log,after,aztable,1,stream,64,PASS,lifecycle,GetEntity,GET,200,false,false,1
sustained,sustained-read64-round3-after.log,after,aztable,1,stream,64,PASS,lifecycle,GetEntity,GET,404,false,true,1
sustained,sustained-read64-round3-after.log,after,aztable,1,stream,64,PASS,lifecycle,QueryEntities,GET,200,false,false,133
sustained,sustained-read64-round3-after.log,after,aztable,1,stream,64,PASS,lifecycle,SubmitTransaction,POST,202,false,false,5
sustained,sustained-read64-round3-after.log,after,aztable,4,stream,64,PASS,workload,AddEntity,POST,204,false,false,2052
sustained,sustained-read64-round3-after.log,after,aztable,4,stream,64,PASS,workload,DeleteEntity,DELETE,204,false,false,4
sustained,sustained-read64-round3-after.log,after,aztable,4,stream,64,PASS,workload,QueryEntities,GET,200,false,false,934
sustained,sustained-read64-round3-after.log,after,aztable,4,stream,64,PASS,workload,SubmitTransaction,POST,202,false,false,20
sustained,sustained-read64-round3-after.log,after,aztable,4,stream,64,PASS,lifecycle,AddEntity,POST,201,false,false,8
sustained,sustained-read64-round3-after.log,after,aztable,4,stream,64,PASS,lifecycle,AddEntity,POST,204,false,false,2052
sustained,sustained-read64-round3-after.log,after,aztable,4,stream,64,PASS,lifecycle,CreateTable,POST,201,false,false,10
sustained,sustained-read64-round3-after.log,after,aztable,4,stream,64,PASS,lifecycle,DeleteEntity,DELETE,204,false,false,8
sustained,sustained-read64-round3-after.log,after,aztable,4,stream,64,PASS,lifecycle,DeleteTable,DELETE,204,false,false,10
sustained,sustained-read64-round3-after.log,after,aztable,4,stream,64,PASS,lifecycle,GetEntity,GET,200,false,false,4
sustained,sustained-read64-round3-after.log,after,aztable,4,stream,64,PASS,lifecycle,GetEntity,GET,404,false,true,4
sustained,sustained-read64-round3-after.log,after,aztable,4,stream,64,PASS,lifecycle,QueryEntities,GET,200,false,false,942
sustained,sustained-read64-round3-after.log,after,aztable,4,stream,64,PASS,lifecycle,SubmitTransaction,POST,202,false,false,20
sustained,sustained-read64-round3-before.log,before,azblob,1,stream,64,PASS,workload,AppendBlock,PUT,201,false,false,513
sustained,sustained-read64-round3-before.log,before,azblob,1,stream,64,PASS,workload,DeleteBlob,DELETE,202,false,false,1
sustained,sustained-read64-round3-before.log,before,azblob,1,stream,64,PASS,workload,DownloadBlob,GET,206,false,false,788
sustained,sustained-read64-round3-before.log,before,azblob,1,stream,64,PASS,workload,DownloadBlob,GET,416,false,true,2
sustained,sustained-read64-round3-before.log,before,azblob,1,stream,64,PASS,lifecycle,AppendBlock,PUT,201,false,false,513
sustained,sustained-read64-round3-before.log,before,azblob,1,stream,64,PASS,lifecycle,CreateContainer,PUT,201,false,false,3
sustained,sustained-read64-round3-before.log,before,azblob,1,stream,64,PASS,lifecycle,DeleteBlob,DELETE,202,false,false,2
sustained,sustained-read64-round3-before.log,before,azblob,1,stream,64,PASS,lifecycle,DeleteContainer,DELETE,202,false,false,3
sustained,sustained-read64-round3-before.log,before,azblob,1,stream,64,PASS,lifecycle,DownloadBlob,GET,200,false,false,1
sustained,sustained-read64-round3-before.log,before,azblob,1,stream,64,PASS,lifecycle,DownloadBlob,GET,206,false,false,788
sustained,sustained-read64-round3-before.log,before,azblob,1,stream,64,PASS,lifecycle,DownloadBlob,GET,404,false,true,2
sustained,sustained-read64-round3-before.log,before,azblob,1,stream,64,PASS,lifecycle,DownloadBlob,GET,416,false,true,2
sustained,sustained-read64-round3-before.log,before,azblob,1,stream,64,PASS,lifecycle,ListBlobs,GET,200,false,false,2
sustained,sustained-read64-round3-before.log,before,azblob,1,stream,64,PASS,lifecycle,PutBlob,PUT,201,false,false,4
sustained,sustained-read64-round3-before.log,before,azblob,4,stream,64,PASS,workload,AppendBlock,PUT,201,false,false,2052
sustained,sustained-read64-round3-before.log,before,azblob,4,stream,64,PASS,workload,DeleteBlob,DELETE,202,false,false,4
sustained,sustained-read64-round3-before.log,before,azblob,4,stream,64,PASS,workload,DownloadBlob,GET,206,false,false,1733
sustained,sustained-read64-round3-before.log,before,azblob,4,stream,64,PASS,workload,DownloadBlob,GET,416,false,true,5
sustained,sustained-read64-round3-before.log,before,azblob,4,stream,64,PASS,lifecycle,AppendBlock,PUT,201,false,false,2052
sustained,sustained-read64-round3-before.log,before,azblob,4,stream,64,PASS,lifecycle,CreateContainer,PUT,201,false,false,6
sustained,sustained-read64-round3-before.log,before,azblob,4,stream,64,PASS,lifecycle,DeleteBlob,DELETE,202,false,false,8
sustained,sustained-read64-round3-before.log,before,azblob,4,stream,64,PASS,lifecycle,DeleteContainer,DELETE,202,false,false,6
sustained,sustained-read64-round3-before.log,before,azblob,4,stream,64,PASS,lifecycle,DownloadBlob,GET,200,false,false,4
sustained,sustained-read64-round3-before.log,before,azblob,4,stream,64,PASS,lifecycle,DownloadBlob,GET,206,false,false,1733
sustained,sustained-read64-round3-before.log,before,azblob,4,stream,64,PASS,lifecycle,DownloadBlob,GET,404,false,true,4
sustained,sustained-read64-round3-before.log,before,azblob,4,stream,64,PASS,lifecycle,DownloadBlob,GET,416,false,true,5
sustained,sustained-read64-round3-before.log,before,azblob,4,stream,64,PASS,lifecycle,ListBlobs,GET,200,false,false,10
sustained,sustained-read64-round3-before.log,before,azblob,4,stream,64,PASS,lifecycle,PutBlob,PUT,201,false,false,16
sustained,sustained-read64-round3-before.log,before,azqueue,1,stream,64,PASS,workload,DeleteMessage,DELETE,204,false,false,1026
sustained,sustained-read64-round3-before.log,before,azqueue,1,stream,64,PASS,workload,DequeueMessages,GET,200,false,false,2061
sustained,sustained-read64-round3-before.log,before,azqueue,1,stream,64,PASS,workload,EnqueueMessage,POST,201,false,false,1025
sustained,sustained-read64-round3-before.log,before,azqueue,1,stream,64,PASS,lifecycle,CreateQueue,PUT,201,false,false,4
sustained,sustained-read64-round3-before.log,before,azqueue,1,stream,64,PASS,lifecycle,DeleteMessage,DELETE,204,false,false,1027
sustained,sustained-read64-round3-before.log,before,azqueue,1,stream,64,PASS,lifecycle,DeleteQueue,DELETE,204,false,false,4
sustained,sustained-read64-round3-before.log,before,azqueue,1,stream,64,PASS,lifecycle,DequeueMessages,GET,200,false,false,2063
sustained,sustained-read64-round3-before.log,before,azqueue,1,stream,64,PASS,lifecycle,EnqueueMessage,POST,201,false,false,1027
sustained,sustained-read64-round3-before.log,before,azqueue,1,stream,64,PASS,lifecycle,PeekMessages,GET,200,false,false,2
sustained,sustained-read64-round3-before.log,before,azqueue,4,stream,64,PASS,workload,DeleteMessage,DELETE,204,false,false,4104
sustained,sustained-read64-round3-before.log,before,azqueue,4,stream,64,PASS,workload,DequeueMessages,GET,200,false,false,14038
sustained,sustained-read64-round3-before.log,before,azqueue,4,stream,64,PASS,workload,EnqueueMessage,POST,201,false,false,4100
sustained,sustained-read64-round3-before.log,before,azqueue,4,stream,64,PASS,lifecycle,CreateQueue,PUT,201,false,false,10
sustained,sustained-read64-round3-before.log,before,azqueue,4,stream,64,PASS,lifecycle,DeleteMessage,DELETE,204,false,false,4108
sustained,sustained-read64-round3-before.log,before,azqueue,4,stream,64,PASS,lifecycle,DeleteQueue,DELETE,204,false,false,10
sustained,sustained-read64-round3-before.log,before,azqueue,4,stream,64,PASS,lifecycle,DequeueMessages,GET,200,false,false,14050
sustained,sustained-read64-round3-before.log,before,azqueue,4,stream,64,PASS,lifecycle,EnqueueMessage,POST,201,false,false,4108
sustained,sustained-read64-round3-before.log,before,azqueue,4,stream,64,PASS,lifecycle,PeekMessages,GET,200,false,false,8
sustained,sustained-read64-round3-before.log,before,aztable,1,stream,64,PASS,workload,AddEntity,POST,204,false,false,513
sustained,sustained-read64-round3-before.log,before,aztable,1,stream,64,PASS,workload,DeleteEntity,DELETE,204,false,false,1
sustained,sustained-read64-round3-before.log,before,aztable,1,stream,64,PASS,workload,QueryEntities,GET,200,false,false,131
sustained,sustained-read64-round3-before.log,before,aztable,1,stream,64,PASS,workload,SubmitTransaction,POST,202,false,false,5
sustained,sustained-read64-round3-before.log,before,aztable,1,stream,64,PASS,lifecycle,AddEntity,POST,201,false,false,2
sustained,sustained-read64-round3-before.log,before,aztable,1,stream,64,PASS,lifecycle,AddEntity,POST,204,false,false,513
sustained,sustained-read64-round3-before.log,before,aztable,1,stream,64,PASS,lifecycle,CreateTable,POST,201,false,false,4
sustained,sustained-read64-round3-before.log,before,aztable,1,stream,64,PASS,lifecycle,DeleteEntity,DELETE,204,false,false,2
sustained,sustained-read64-round3-before.log,before,aztable,1,stream,64,PASS,lifecycle,DeleteTable,DELETE,204,false,false,4
sustained,sustained-read64-round3-before.log,before,aztable,1,stream,64,PASS,lifecycle,GetEntity,GET,200,false,false,1
sustained,sustained-read64-round3-before.log,before,aztable,1,stream,64,PASS,lifecycle,GetEntity,GET,404,false,true,1
sustained,sustained-read64-round3-before.log,before,aztable,1,stream,64,PASS,lifecycle,QueryEntities,GET,200,false,false,133
sustained,sustained-read64-round3-before.log,before,aztable,1,stream,64,PASS,lifecycle,SubmitTransaction,POST,202,false,false,5
sustained,sustained-read64-round3-before.log,before,aztable,4,stream,64,PASS,workload,AddEntity,POST,204,false,false,2052
sustained,sustained-read64-round3-before.log,before,aztable,4,stream,64,PASS,workload,DeleteEntity,DELETE,204,false,false,4
sustained,sustained-read64-round3-before.log,before,aztable,4,stream,64,PASS,workload,QueryEntities,GET,200,false,false,753
sustained,sustained-read64-round3-before.log,before,aztable,4,stream,64,PASS,workload,SubmitTransaction,POST,202,false,false,20
sustained,sustained-read64-round3-before.log,before,aztable,4,stream,64,PASS,lifecycle,AddEntity,POST,201,false,false,8
sustained,sustained-read64-round3-before.log,before,aztable,4,stream,64,PASS,lifecycle,AddEntity,POST,204,false,false,2052
sustained,sustained-read64-round3-before.log,before,aztable,4,stream,64,PASS,lifecycle,CreateTable,POST,201,false,false,10
sustained,sustained-read64-round3-before.log,before,aztable,4,stream,64,PASS,lifecycle,DeleteEntity,DELETE,204,false,false,8
sustained,sustained-read64-round3-before.log,before,aztable,4,stream,64,PASS,lifecycle,DeleteTable,DELETE,204,false,false,10
sustained,sustained-read64-round3-before.log,before,aztable,4,stream,64,PASS,lifecycle,GetEntity,GET,200,false,false,4
sustained,sustained-read64-round3-before.log,before,aztable,4,stream,64,PASS,lifecycle,GetEntity,GET,404,false,true,4
sustained,sustained-read64-round3-before.log,before,aztable,4,stream,64,PASS,lifecycle,QueryEntities,GET,200,false,false,761
sustained,sustained-read64-round3-before.log,before,aztable,4,stream,64,PASS,lifecycle,SubmitTransaction,POST,202,false,false,20
