experiment,source,variant,case,driver,connections,workload,phase,operation,method,status,retry,failed,attempts
live-baseline,live-baseline-all.log,before,1,azblob,1,idle,workload,DownloadBlob,GET,0,false,true,1
live-baseline,live-baseline-all.log,before,1,azblob,1,idle,workload,DownloadBlob,GET,416,false,true,8
live-baseline,live-baseline-all.log,before,1,azblob,1,idle,lifecycle,AppendBlock,PUT,201,false,false,1
live-baseline,live-baseline-all.log,before,1,azblob,1,idle,lifecycle,CreateContainer,PUT,201,false,false,3
live-baseline,live-baseline-all.log,before,1,azblob,1,idle,lifecycle,DeleteBlob,DELETE,202,false,false,2
live-baseline,live-baseline-all.log,before,1,azblob,1,idle,lifecycle,DeleteContainer,DELETE,202,false,false,3
live-baseline,live-baseline-all.log,before,1,azblob,1,idle,lifecycle,DownloadBlob,GET,0,false,true,1
live-baseline,live-baseline-all.log,before,1,azblob,1,idle,lifecycle,DownloadBlob,GET,200,false,false,1
live-baseline,live-baseline-all.log,before,1,azblob,1,idle,lifecycle,DownloadBlob,GET,404,false,true,4
live-baseline,live-baseline-all.log,before,1,azblob,1,idle,lifecycle,DownloadBlob,GET,416,false,true,8
live-baseline,live-baseline-all.log,before,1,azblob,1,idle,lifecycle,ListBlobs,GET,200,false,false,2
live-baseline,live-baseline-all.log,before,1,azblob,1,idle,lifecycle,PutBlob,PUT,201,false,false,4
live-baseline,live-baseline-all.log,before,2,azblob,1,interactive,workload,AppendBlock,PUT,201,false,false,32
live-baseline,live-baseline-all.log,before,2,azblob,1,interactive,workload,DeleteBlob,DELETE,202,false,false,1
live-baseline,live-baseline-all.log,before,2,azblob,1,interactive,workload,DownloadBlob,GET,206,false,false,32
live-baseline,live-baseline-all.log,before,2,azblob,1,interactive,lifecycle,AppendBlock,PUT,201,false,false,33
live-baseline,live-baseline-all.log,before,2,azblob,1,interactive,lifecycle,CreateContainer,PUT,201,false,false,3
live-baseline,live-baseline-all.log,before,2,azblob,1,interactive,lifecycle,DeleteBlob,DELETE,202,false,false,2
live-baseline,live-baseline-all.log,before,2,azblob,1,interactive,lifecycle,DeleteContainer,DELETE,202,false,false,3
live-baseline,live-baseline-all.log,before,2,azblob,1,interactive,lifecycle,DownloadBlob,GET,200,false,false,1
live-baseline,live-baseline-all.log,before,2,azblob,1,interactive,lifecycle,DownloadBlob,GET,206,false,false,32
live-baseline,live-baseline-all.log,before,2,azblob,1,interactive,lifecycle,DownloadBlob,GET,404,false,true,2
live-baseline,live-baseline-all.log,before,2,azblob,1,interactive,lifecycle,ListBlobs,GET,200,false,false,2
live-baseline,live-baseline-all.log,before,2,azblob,1,interactive,lifecycle,PutBlob,PUT,201,false,false,4
live-baseline,live-baseline-all.log,before,3,azblob,1,stream,workload,AppendBlock,PUT,201,false,false,65
live-baseline,live-baseline-all.log,before,3,azblob,1,stream,workload,DeleteBlob,DELETE,202,false,false,1
live-baseline,live-baseline-all.log,before,3,azblob,1,stream,workload,DownloadBlob,GET,206,false,false,10
live-baseline,live-baseline-all.log,before,3,azblob,1,stream,workload,DownloadBlob,GET,416,false,true,2
live-baseline,live-baseline-all.log,before,3,azblob,1,stream,lifecycle,AppendBlock,PUT,201,false,false,65
live-baseline,live-baseline-all.log,before,3,azblob,1,stream,lifecycle,CreateContainer,PUT,201,false,false,3
live-baseline,live-baseline-all.log,before,3,azblob,1,stream,lifecycle,DeleteBlob,DELETE,202,false,false,2
live-baseline,live-baseline-all.log,before,3,azblob,1,stream,lifecycle,DeleteContainer,DELETE,202,false,false,3
live-baseline,live-baseline-all.log,before,3,azblob,1,stream,lifecycle,DownloadBlob,GET,200,false,false,1
live-baseline,live-baseline-all.log,before,3,azblob,1,stream,lifecycle,DownloadBlob,GET,206,false,false,10
live-baseline,live-baseline-all.log,before,3,azblob,1,stream,lifecycle,DownloadBlob,GET,404,false,true,4
live-baseline,live-baseline-all.log,before,3,azblob,1,stream,lifecycle,DownloadBlob,GET,416,false,true,2
live-baseline,live-baseline-all.log,before,3,azblob,1,stream,lifecycle,ListBlobs,GET,200,false,false,1
live-baseline,live-baseline-all.log,before,3,azblob,1,stream,lifecycle,PutBlob,PUT,201,false,false,4
live-baseline,live-baseline-all.log,before,4,azblob,1,duplex,workload,AppendBlock,PUT,201,false,false,130
live-baseline,live-baseline-all.log,before,4,azblob,1,duplex,workload,DeleteBlob,DELETE,202,false,false,1
live-baseline,live-baseline-all.log,before,4,azblob,1,duplex,workload,DownloadBlob,GET,206,false,false,71
live-baseline,live-baseline-all.log,before,4,azblob,1,duplex,workload,DownloadBlob,GET,416,false,true,31
live-baseline,live-baseline-all.log,before,4,azblob,1,duplex,lifecycle,AppendBlock,PUT,201,false,false,130
live-baseline,live-baseline-all.log,before,4,azblob,1,duplex,lifecycle,CreateContainer,PUT,201,false,false,3
live-baseline,live-baseline-all.log,before,4,azblob,1,duplex,lifecycle,DeleteBlob,DELETE,202,false,false,2
live-baseline,live-baseline-all.log,before,4,azblob,1,duplex,lifecycle,DeleteContainer,DELETE,202,false,false,3
live-baseline,live-baseline-all.log,before,4,azblob,1,duplex,lifecycle,DownloadBlob,GET,200,false,false,1
live-baseline,live-baseline-all.log,before,4,azblob,1,duplex,lifecycle,DownloadBlob,GET,206,false,false,71
live-baseline,live-baseline-all.log,before,4,azblob,1,duplex,lifecycle,DownloadBlob,GET,404,false,true,6
live-baseline,live-baseline-all.log,before,4,azblob,1,duplex,lifecycle,DownloadBlob,GET,416,false,true,31
live-baseline,live-baseline-all.log,before,4,azblob,1,duplex,lifecycle,ListBlobs,GET,200,false,false,2
live-baseline,live-baseline-all.log,before,4,azblob,1,duplex,lifecycle,PutBlob,PUT,201,false,false,4
live-baseline,live-baseline-all.log,before,5,azblob,1,wake,workload,AppendBlock,PUT,201,false,false,1
live-baseline,live-baseline-all.log,before,5,azblob,1,wake,workload,DownloadBlob,GET,206,false,false,1
live-baseline,live-baseline-all.log,before,5,azblob,1,wake,workload,DownloadBlob,GET,416,false,true,5
live-baseline,live-baseline-all.log,before,5,azblob,1,wake,lifecycle,AppendBlock,PUT,201,false,false,2
live-baseline,live-baseline-all.log,before,5,azblob,1,wake,lifecycle,CreateContainer,PUT,201,false,false,3
live-baseline,live-baseline-all.log,before,5,azblob,1,wake,lifecycle,DeleteBlob,DELETE,202,false,false,2
live-baseline,live-baseline-all.log,before,5,azblob,1,wake,lifecycle,DeleteContainer,DELETE,202,false,false,3
live-baseline,live-baseline-all.log,before,5,azblob,1,wake,lifecycle,DownloadBlob,GET,200,false,false,1
live-baseline,live-baseline-all.log,before,5,azblob,1,wake,lifecycle,DownloadBlob,GET,206,false,false,1
live-baseline,live-baseline-all.log,before,5,azblob,1,wake,lifecycle,DownloadBlob,GET,404,false,true,10
live-baseline,live-baseline-all.log,before,5,azblob,1,wake,lifecycle,DownloadBlob,GET,416,false,true,5
live-baseline,live-baseline-all.log,before,5,azblob,1,wake,lifecycle,ListBlobs,GET,200,false,false,1
live-baseline,live-baseline-all.log,before,5,azblob,1,wake,lifecycle,PutBlob,PUT,201,false,false,4
live-baseline,live-baseline-all.log,before,6,azqueue,1,idle,workload,DequeueMessages,GET,0,false,true,1
live-baseline,live-baseline-all.log,before,6,azqueue,1,idle,workload,DequeueMessages,GET,200,false,false,29
live-baseline,live-baseline-all.log,before,6,azqueue,1,idle,lifecycle,CreateQueue,PUT,201,false,false,4
live-baseline,live-baseline-all.log,before,6,azqueue,1,idle,lifecycle,DeleteMessage,DELETE,204,false,false,2
live-baseline,live-baseline-all.log,before,6,azqueue,1,idle,lifecycle,DeleteQueue,DELETE,204,false,false,4
live-baseline,live-baseline-all.log,before,6,azqueue,1,idle,lifecycle,DequeueMessages,GET,0,false,true,1
live-baseline,live-baseline-all.log,before,6,azqueue,1,idle,lifecycle,DequeueMessages,GET,200,false,false,31
live-baseline,live-baseline-all.log,before,6,azqueue,1,idle,lifecycle,EnqueueMessage,POST,201,false,false,3
live-baseline,live-baseline-all.log,before,6,azqueue,1,idle,lifecycle,PeekMessages,GET,200,false,false,4
live-baseline,live-baseline-all.log,before,7,azqueue,1,interactive,workload,DeleteMessage,DELETE,204,false,false,33
live-baseline,live-baseline-all.log,before,7,azqueue,1,interactive,workload,DequeueMessages,GET,200,false,false,32
live-baseline,live-baseline-all.log,before,7,azqueue,1,interactive,workload,EnqueueMessage,POST,201,false,false,32
live-baseline,live-baseline-all.log,before,7,azqueue,1,interactive,lifecycle,CreateQueue,PUT,201,false,false,4
live-baseline,live-baseline-all.log,before,7,azqueue,1,interactive,lifecycle,DeleteMessage,DELETE,204,false,false,34
live-baseline,live-baseline-all.log,before,7,azqueue,1,interactive,lifecycle,DeleteQueue,DELETE,204,false,false,4
live-baseline,live-baseline-all.log,before,7,azqueue,1,interactive,lifecycle,DequeueMessages,GET,200,false,false,34
live-baseline,live-baseline-all.log,before,7,azqueue,1,interactive,lifecycle,EnqueueMessage,POST,201,false,false,35
live-baseline,live-baseline-all.log,before,7,azqueue,1,interactive,lifecycle,PeekMessages,GET,200,false,false,5
live-baseline,live-baseline-all.log,before,8,azqueue,1,stream,workload,DeleteMessage,DELETE,204,false,false,386
live-baseline,live-baseline-all.log,before,8,azqueue,1,stream,workload,DequeueMessages,GET,200,false,false,159
live-baseline,live-baseline-all.log,before,8,azqueue,1,stream,workload,EnqueueMessage,POST,201,false,false,385
live-baseline,live-baseline-all.log,before,8,azqueue,1,stream,lifecycle,CreateQueue,PUT,201,false,false,4
live-baseline,live-baseline-all.log,before,8,azqueue,1,stream,lifecycle,DeleteMessage,DELETE,204,false,false,387
live-baseline,live-baseline-all.log,before,8,azqueue,1,stream,lifecycle,DeleteQueue,DELETE,204,false,false,4
live-baseline,live-baseline-all.log,before,8,azqueue,1,stream,lifecycle,DequeueMessages,GET,200,false,false,161
live-baseline,live-baseline-all.log,before,8,azqueue,1,stream,lifecycle,EnqueueMessage,POST,201,false,false,387
live-baseline,live-baseline-all.log,before,8,azqueue,1,stream,lifecycle,PeekMessages,GET,200,false,false,4
live-baseline,live-baseline-all.log,before,9,azqueue,1,duplex,workload,DeleteMessage,DELETE,204,false,false,771
live-baseline,live-baseline-all.log,before,9,azqueue,1,duplex,workload,DequeueMessages,GET,200,false,false,325
live-baseline,live-baseline-all.log,before,9,azqueue,1,duplex,workload,EnqueueMessage,POST,201,false,false,770
live-baseline,live-baseline-all.log,before,9,azqueue,1,duplex,lifecycle,CreateQueue,PUT,201,false,false,4
live-baseline,live-baseline-all.log,before,9,azqueue,1,duplex,lifecycle,DeleteMessage,DELETE,204,false,false,772
live-baseline,live-baseline-all.log,before,9,azqueue,1,duplex,lifecycle,DeleteQueue,DELETE,204,false,false,4
live-baseline,live-baseline-all.log,before,9,azqueue,1,duplex,lifecycle,DequeueMessages,GET,200,false,false,327
live-baseline,live-baseline-all.log,before,9,azqueue,1,duplex,lifecycle,EnqueueMessage,POST,201,false,false,772
live-baseline,live-baseline-all.log,before,9,azqueue,1,duplex,lifecycle,PeekMessages,GET,200,false,false,5
live-baseline,live-baseline-all.log,before,10,azqueue,1,wake,workload,DeleteMessage,DELETE,204,false,false,1
live-baseline,live-baseline-all.log,before,10,azqueue,1,wake,workload,DequeueMessages,GET,200,false,false,30
live-baseline,live-baseline-all.log,before,10,azqueue,1,wake,workload,EnqueueMessage,POST,201,false,false,1
live-baseline,live-baseline-all.log,before,10,azqueue,1,wake,lifecycle,CreateQueue,PUT,201,false,false,4
live-baseline,live-baseline-all.log,before,10,azqueue,1,wake,lifecycle,DeleteMessage,DELETE,204,false,false,3
live-baseline,live-baseline-all.log,before,10,azqueue,1,wake,lifecycle,DeleteQueue,DELETE,204,false,false,4
live-baseline,live-baseline-all.log,before,10,azqueue,1,wake,lifecycle,DequeueMessages,GET,200,false,false,32
live-baseline,live-baseline-all.log,before,10,azqueue,1,wake,lifecycle,EnqueueMessage,POST,201,false,false,4
live-baseline,live-baseline-all.log,before,10,azqueue,1,wake,lifecycle,PeekMessages,GET,200,false,false,5
live-baseline,live-baseline-all.log,before,11,aztable,1,idle,workload,QueryEntities,GET,200,false,false,27
live-baseline,live-baseline-all.log,before,11,aztable,1,idle,lifecycle,AddEntity,POST,201,false,false,3
live-baseline,live-baseline-all.log,before,11,aztable,1,idle,lifecycle,CreateTable,POST,201,false,false,4
live-baseline,live-baseline-all.log,before,11,aztable,1,idle,lifecycle,DeleteEntity,DELETE,204,false,false,2
live-baseline,live-baseline-all.log,before,11,aztable,1,idle,lifecycle,DeleteTable,DELETE,204,false,false,4
live-baseline,live-baseline-all.log,before,11,aztable,1,idle,lifecycle,GetEntity,GET,200,false,false,1
live-baseline,live-baseline-all.log,before,11,aztable,1,idle,lifecycle,GetEntity,GET,404,false,true,3
live-baseline,live-baseline-all.log,before,11,aztable,1,idle,lifecycle,QueryEntities,GET,200,false,false,29
live-baseline,live-baseline-all.log,before,12,aztable,1,interactive,workload,AddEntity,POST,201,false,false,32
live-baseline,live-baseline-all.log,before,12,aztable,1,interactive,workload,DeleteEntity,DELETE,204,false,false,1
live-baseline,live-baseline-all.log,before,12,aztable,1,interactive,workload,QueryEntities,GET,200,false,false,32
live-baseline,live-baseline-all.log,before,12,aztable,1,interactive,lifecycle,AddEntity,POST,201,false,false,35
live-baseline,live-baseline-all.log,before,12,aztable,1,interactive,lifecycle,CreateTable,POST,201,false,false,4
live-baseline,live-baseline-all.log,before,12,aztable,1,interactive,lifecycle,DeleteEntity,DELETE,204,false,false,2
live-baseline,live-baseline-all.log,before,12,aztable,1,interactive,lifecycle,DeleteTable,DELETE,204,false,false,4
live-baseline,live-baseline-all.log,before,12,aztable,1,interactive,lifecycle,GetEntity,GET,200,false,false,1
live-baseline,live-baseline-all.log,before,12,aztable,1,interactive,lifecycle,GetEntity,GET,404,false,true,4
live-baseline,live-baseline-all.log,before,12,aztable,1,interactive,lifecycle,QueryEntities,GET,200,false,false,34
live-baseline,live-baseline-all.log,before,13,aztable,1,stream,workload,AddEntity,POST,201,false,false,65
live-baseline,live-baseline-all.log,before,13,aztable,1,stream,workload,DeleteEntity,DELETE,204,false,false,1
live-baseline,live-baseline-all.log,before,13,aztable,1,stream,workload,QueryEntities,GET,200,false,false,113
live-baseline,live-baseline-all.log,before,13,aztable,1,stream,lifecycle,AddEntity,POST,201,false,false,67
live-baseline,live-baseline-all.log,before,13,aztable,1,stream,lifecycle,CreateTable,POST,201,false,false,4
live-baseline,live-baseline-all.log,before,13,aztable,1,stream,lifecycle,DeleteEntity,DELETE,204,false,false,2
live-baseline,live-baseline-all.log,before,13,aztable,1,stream,lifecycle,DeleteTable,DELETE,204,false,false,4
live-baseline,live-baseline-all.log,before,13,aztable,1,stream,lifecycle,GetEntity,GET,200,false,false,1
live-baseline,live-baseline-all.log,before,13,aztable,1,stream,lifecycle,GetEntity,GET,404,false,true,3
live-baseline,live-baseline-all.log,before,13,aztable,1,stream,lifecycle,QueryEntities,GET,200,false,false,115
live-baseline,live-baseline-all.log,before,14,aztable,1,duplex,workload,AddEntity,POST,201,false,false,130
live-baseline,live-baseline-all.log,before,14,aztable,1,duplex,workload,DeleteEntity,DELETE,204,false,false,1
live-baseline,live-baseline-all.log,before,14,aztable,1,duplex,workload,QueryEntities,GET,200,false,false,222
live-baseline,live-baseline-all.log,before,14,aztable,1,duplex,lifecycle,AddEntity,POST,201,false,false,132
live-baseline,live-baseline-all.log,before,14,aztable,1,duplex,lifecycle,CreateTable,POST,201,false,false,4
live-baseline,live-baseline-all.log,before,14,aztable,1,duplex,lifecycle,DeleteEntity,DELETE,204,false,false,2
live-baseline,live-baseline-all.log,before,14,aztable,1,duplex,lifecycle,DeleteTable,DELETE,204,false,false,4
live-baseline,live-baseline-all.log,before,14,aztable,1,duplex,lifecycle,GetEntity,GET,200,false,false,1
live-baseline,live-baseline-all.log,before,14,aztable,1,duplex,lifecycle,GetEntity,GET,404,false,true,4
live-baseline,live-baseline-all.log,before,14,aztable,1,duplex,lifecycle,QueryEntities,GET,200,false,false,224
live-baseline,live-baseline-all.log,before,15,aztable,1,wake,workload,AddEntity,POST,201,false,false,1
live-baseline,live-baseline-all.log,before,15,aztable,1,wake,workload,QueryEntities,GET,200,false,false,29
live-baseline,live-baseline-all.log,before,15,aztable,1,wake,lifecycle,AddEntity,POST,201,false,false,4
live-baseline,live-baseline-all.log,before,15,aztable,1,wake,lifecycle,CreateTable,POST,201,false,false,4
live-baseline,live-baseline-all.log,before,15,aztable,1,wake,lifecycle,DeleteEntity,DELETE,204,false,false,2
live-baseline,live-baseline-all.log,before,15,aztable,1,wake,lifecycle,DeleteTable,DELETE,204,false,false,4
live-baseline,live-baseline-all.log,before,15,aztable,1,wake,lifecycle,GetEntity,GET,200,false,false,1
live-baseline,live-baseline-all.log,before,15,aztable,1,wake,lifecycle,GetEntity,GET,404,false,true,3
live-baseline,live-baseline-all.log,before,15,aztable,1,wake,lifecycle,QueryEntities,GET,200,false,false,31
live-long,live-long-after.log,after,1,aztable,1,duplex,workload,AddEntity,POST,204,false,false,514
live-long,live-long-after.log,after,1,aztable,1,duplex,workload,DeleteEntity,DELETE,204,false,false,1
live-long,live-long-after.log,after,1,aztable,1,duplex,workload,QueryEntities,GET,200,false,false,361
live-long,live-long-after.log,after,1,aztable,1,duplex,workload,SubmitTransaction,POST,202,false,false,4
live-long,live-long-after.log,after,1,aztable,1,duplex,lifecycle,AddEntity,POST,201,false,false,2
live-long,live-long-after.log,after,1,aztable,1,duplex,lifecycle,AddEntity,POST,204,false,false,514
live-long,live-long-after.log,after,1,aztable,1,duplex,lifecycle,CreateTable,POST,201,false,false,4
live-long,live-long-after.log,after,1,aztable,1,duplex,lifecycle,DeleteEntity,DELETE,204,false,false,2
live-long,live-long-after.log,after,1,aztable,1,duplex,lifecycle,DeleteTable,DELETE,204,false,false,4
live-long,live-long-after.log,after,1,aztable,1,duplex,lifecycle,GetEntity,GET,200,false,false,1
live-long,live-long-after.log,after,1,aztable,1,duplex,lifecycle,GetEntity,GET,404,false,true,3
live-long,live-long-after.log,after,1,aztable,1,duplex,lifecycle,QueryEntities,GET,200,false,false,363
live-long,live-long-after.log,after,1,aztable,1,duplex,lifecycle,SubmitTransaction,POST,202,false,false,4
live-long,live-long-before.log,before,1,aztable,1,duplex,workload,AddEntity,POST,201,false,false,514
live-long,live-long-before.log,before,1,aztable,1,duplex,workload,DeleteEntity,DELETE,204,false,false,1
live-long,live-long-before.log,before,1,aztable,1,duplex,workload,QueryEntities,GET,200,false,false,810
live-long,live-long-before.log,before,1,aztable,1,duplex,workload,SubmitTransaction,POST,202,false,false,4
live-long,live-long-before.log,before,1,aztable,1,duplex,lifecycle,AddEntity,POST,201,false,false,516
live-long,live-long-before.log,before,1,aztable,1,duplex,lifecycle,CreateTable,POST,201,false,false,4
live-long,live-long-before.log,before,1,aztable,1,duplex,lifecycle,DeleteEntity,DELETE,204,false,false,2
live-long,live-long-before.log,before,1,aztable,1,duplex,lifecycle,DeleteTable,DELETE,204,false,false,4
live-long,live-long-before.log,before,1,aztable,1,duplex,lifecycle,GetEntity,GET,200,false,false,1
live-long,live-long-before.log,before,1,aztable,1,duplex,lifecycle,GetEntity,GET,404,false,true,4
live-long,live-long-before.log,before,1,aztable,1,duplex,lifecycle,QueryEntities,GET,200,false,false,812
live-long,live-long-before.log,before,1,aztable,1,duplex,lifecycle,SubmitTransaction,POST,202,false,false,4
live-paired,live-round1-after.log,after,1,aztable,1,interactive,workload,AddEntity,POST,204,false,false,32
live-paired,live-round1-after.log,after,1,aztable,1,interactive,workload,DeleteEntity,DELETE,204,false,false,1
live-paired,live-round1-after.log,after,1,aztable,1,interactive,workload,QueryEntities,GET,200,false,false,32
live-paired,live-round1-after.log,after,1,aztable,1,interactive,lifecycle,AddEntity,POST,201,false,false,2
live-paired,live-round1-after.log,after,1,aztable,1,interactive,lifecycle,AddEntity,POST,204,false,false,33
live-paired,live-round1-after.log,after,1,aztable,1,interactive,lifecycle,CreateTable,POST,201,false,false,4
live-paired,live-round1-after.log,after,1,aztable,1,interactive,lifecycle,DeleteEntity,DELETE,204,false,false,2
live-paired,live-round1-after.log,after,1,aztable,1,interactive,lifecycle,DeleteTable,DELETE,204,false,false,4
live-paired,live-round1-after.log,after,1,aztable,1,interactive,lifecycle,GetEntity,GET,200,false,false,1
live-paired,live-round1-after.log,after,1,aztable,1,interactive,lifecycle,GetEntity,GET,404,false,true,3
live-paired,live-round1-after.log,after,1,aztable,1,interactive,lifecycle,QueryEntities,GET,200,false,false,34
live-paired,live-round1-after.log,after,2,aztable,1,stream,workload,AddEntity,POST,204,false,false,65
live-paired,live-round1-after.log,after,2,aztable,1,stream,workload,DeleteEntity,DELETE,204,false,false,1
live-paired,live-round1-after.log,after,2,aztable,1,stream,workload,QueryEntities,GET,200,false,false,46
live-paired,live-round1-after.log,after,2,aztable,1,stream,lifecycle,AddEntity,POST,201,false,false,2
live-paired,live-round1-after.log,after,2,aztable,1,stream,lifecycle,AddEntity,POST,204,false,false,65
live-paired,live-round1-after.log,after,2,aztable,1,stream,lifecycle,CreateTable,POST,201,false,false,4
live-paired,live-round1-after.log,after,2,aztable,1,stream,lifecycle,DeleteEntity,DELETE,204,false,false,2
live-paired,live-round1-after.log,after,2,aztable,1,stream,lifecycle,DeleteTable,DELETE,204,false,false,4
live-paired,live-round1-after.log,after,2,aztable,1,stream,lifecycle,GetEntity,GET,200,false,false,1
live-paired,live-round1-after.log,after,2,aztable,1,stream,lifecycle,GetEntity,GET,404,false,true,4
live-paired,live-round1-after.log,after,2,aztable,1,stream,lifecycle,QueryEntities,GET,200,false,false,48
live-paired,live-round1-after.log,after,3,aztable,1,duplex,workload,AddEntity,POST,204,false,false,130
live-paired,live-round1-after.log,after,3,aztable,1,duplex,workload,DeleteEntity,DELETE,204,false,false,1
live-paired,live-round1-after.log,after,3,aztable,1,duplex,workload,QueryEntities,GET,200,false,false,176
live-paired,live-round1-after.log,after,3,aztable,1,duplex,lifecycle,AddEntity,POST,201,false,false,2
live-paired,live-round1-after.log,after,3,aztable,1,duplex,lifecycle,AddEntity,POST,204,false,false,130
live-paired,live-round1-after.log,after,3,aztable,1,duplex,lifecycle,CreateTable,POST,201,false,false,4
live-paired,live-round1-after.log,after,3,aztable,1,duplex,lifecycle,DeleteEntity,DELETE,204,false,false,2
live-paired,live-round1-after.log,after,3,aztable,1,duplex,lifecycle,DeleteTable,DELETE,204,false,false,4
live-paired,live-round1-after.log,after,3,aztable,1,duplex,lifecycle,GetEntity,GET,200,false,false,1
live-paired,live-round1-after.log,after,3,aztable,1,duplex,lifecycle,GetEntity,GET,404,false,true,5
live-paired,live-round1-after.log,after,3,aztable,1,duplex,lifecycle,QueryEntities,GET,200,false,false,178
live-paired,live-round1-after.log,after,4,aztable,1,wake,workload,AddEntity,POST,204,false,false,1
live-paired,live-round1-after.log,after,4,aztable,1,wake,workload,QueryEntities,GET,200,false,false,29
live-paired,live-round1-after.log,after,4,aztable,1,wake,lifecycle,AddEntity,POST,201,false,false,2
live-paired,live-round1-after.log,after,4,aztable,1,wake,lifecycle,AddEntity,POST,204,false,false,2
live-paired,live-round1-after.log,after,4,aztable,1,wake,lifecycle,CreateTable,POST,201,false,false,4
live-paired,live-round1-after.log,after,4,aztable,1,wake,lifecycle,DeleteEntity,DELETE,204,false,false,2
live-paired,live-round1-after.log,after,4,aztable,1,wake,lifecycle,DeleteTable,DELETE,204,false,false,4
live-paired,live-round1-after.log,after,4,aztable,1,wake,lifecycle,GetEntity,GET,200,false,false,1
live-paired,live-round1-after.log,after,4,aztable,1,wake,lifecycle,GetEntity,GET,404,false,true,4
live-paired,live-round1-after.log,after,4,aztable,1,wake,lifecycle,QueryEntities,GET,200,false,false,31
live-paired,live-round1-after.log,after,5,aztable,4,interactive,workload,AddEntity,POST,204,false,false,128
live-paired,live-round1-after.log,after,5,aztable,4,interactive,workload,DeleteEntity,DELETE,204,false,false,4
live-paired,live-round1-after.log,after,5,aztable,4,interactive,workload,QueryEntities,GET,200,false,false,128
live-paired,live-round1-after.log,after,5,aztable,4,interactive,lifecycle,AddEntity,POST,201,false,false,8
live-paired,live-round1-after.log,after,5,aztable,4,interactive,lifecycle,AddEntity,POST,204,false,false,132
live-paired,live-round1-after.log,after,5,aztable,4,interactive,lifecycle,CreateTable,POST,201,false,false,10
live-paired,live-round1-after.log,after,5,aztable,4,interactive,lifecycle,DeleteEntity,DELETE,204,false,false,8
live-paired,live-round1-after.log,after,5,aztable,4,interactive,lifecycle,DeleteTable,DELETE,204,false,false,10
live-paired,live-round1-after.log,after,5,aztable,4,interactive,lifecycle,GetEntity,GET,200,false,false,4
live-paired,live-round1-after.log,after,5,aztable,4,interactive,lifecycle,GetEntity,GET,404,false,true,16
live-paired,live-round1-after.log,after,5,aztable,4,interactive,lifecycle,QueryEntities,GET,200,false,false,136
live-paired,live-round1-after.log,after,6,aztable,4,stream,workload,AddEntity,POST,204,false,false,260
live-paired,live-round1-after.log,after,6,aztable,4,stream,workload,DeleteEntity,DELETE,204,false,false,4
live-paired,live-round1-after.log,after,6,aztable,4,stream,workload,QueryEntities,GET,200,false,false,245
live-paired,live-round1-after.log,after,6,aztable,4,stream,lifecycle,AddEntity,POST,201,false,false,8
live-paired,live-round1-after.log,after,6,aztable,4,stream,lifecycle,AddEntity,POST,204,false,false,260
live-paired,live-round1-after.log,after,6,aztable,4,stream,lifecycle,CreateTable,POST,201,false,false,10
live-paired,live-round1-after.log,after,6,aztable,4,stream,lifecycle,DeleteEntity,DELETE,204,false,false,8
live-paired,live-round1-after.log,after,6,aztable,4,stream,lifecycle,DeleteTable,DELETE,204,false,false,10
live-paired,live-round1-after.log,after,6,aztable,4,stream,lifecycle,GetEntity,GET,200,false,false,4
live-paired,live-round1-after.log,after,6,aztable,4,stream,lifecycle,GetEntity,GET,404,false,true,16
live-paired,live-round1-after.log,after,6,aztable,4,stream,lifecycle,QueryEntities,GET,200,false,false,253
live-paired,live-round1-after.log,after,7,aztable,4,duplex,workload,AddEntity,POST,204,false,false,520
live-paired,live-round1-after.log,after,7,aztable,4,duplex,workload,DeleteEntity,DELETE,204,false,false,4
live-paired,live-round1-after.log,after,7,aztable,4,duplex,workload,QueryEntities,GET,200,false,false,1187
live-paired,live-round1-after.log,after,7,aztable,4,duplex,lifecycle,AddEntity,POST,201,false,false,8
live-paired,live-round1-after.log,after,7,aztable,4,duplex,lifecycle,AddEntity,POST,204,false,false,520
live-paired,live-round1-after.log,after,7,aztable,4,duplex,lifecycle,CreateTable,POST,201,false,false,10
live-paired,live-round1-after.log,after,7,aztable,4,duplex,lifecycle,DeleteEntity,DELETE,204,false,false,8
live-paired,live-round1-after.log,after,7,aztable,4,duplex,lifecycle,DeleteTable,DELETE,204,false,false,10
live-paired,live-round1-after.log,after,7,aztable,4,duplex,lifecycle,GetEntity,GET,200,false,false,4
live-paired,live-round1-after.log,after,7,aztable,4,duplex,lifecycle,GetEntity,GET,404,false,true,16
live-paired,live-round1-after.log,after,7,aztable,4,duplex,lifecycle,QueryEntities,GET,200,false,false,1195
live-paired,live-round1-after.log,after,8,aztable,4,wake,workload,AddEntity,POST,204,false,false,4
live-paired,live-round1-after.log,after,8,aztable,4,wake,workload,QueryEntities,GET,200,false,false,115
live-paired,live-round1-after.log,after,8,aztable,4,wake,lifecycle,AddEntity,POST,201,false,false,8
live-paired,live-round1-after.log,after,8,aztable,4,wake,lifecycle,AddEntity,POST,204,false,false,8
live-paired,live-round1-after.log,after,8,aztable,4,wake,lifecycle,CreateTable,POST,201,false,false,10
live-paired,live-round1-after.log,after,8,aztable,4,wake,lifecycle,DeleteEntity,DELETE,204,false,false,8
live-paired,live-round1-after.log,after,8,aztable,4,wake,lifecycle,DeleteTable,DELETE,204,false,false,10
live-paired,live-round1-after.log,after,8,aztable,4,wake,lifecycle,GetEntity,GET,200,false,false,4
live-paired,live-round1-after.log,after,8,aztable,4,wake,lifecycle,GetEntity,GET,404,false,true,16
live-paired,live-round1-after.log,after,8,aztable,4,wake,lifecycle,QueryEntities,GET,200,false,false,123
live-paired,live-round1-before.log,before,1,aztable,1,interactive,workload,AddEntity,POST,201,false,false,32
live-paired,live-round1-before.log,before,1,aztable,1,interactive,workload,DeleteEntity,DELETE,204,false,false,1
live-paired,live-round1-before.log,before,1,aztable,1,interactive,workload,QueryEntities,GET,200,false,false,32
live-paired,live-round1-before.log,before,1,aztable,1,interactive,lifecycle,AddEntity,POST,201,false,false,35
live-paired,live-round1-before.log,before,1,aztable,1,interactive,lifecycle,CreateTable,POST,201,false,false,4
live-paired,live-round1-before.log,before,1,aztable,1,interactive,lifecycle,DeleteEntity,DELETE,204,false,false,2
live-paired,live-round1-before.log,before,1,aztable,1,interactive,lifecycle,DeleteTable,DELETE,204,false,false,4
live-paired,live-round1-before.log,before,1,aztable,1,interactive,lifecycle,GetEntity,GET,200,false,false,1
live-paired,live-round1-before.log,before,1,aztable,1,interactive,lifecycle,GetEntity,GET,404,false,true,4
live-paired,live-round1-before.log,before,1,aztable,1,interactive,lifecycle,QueryEntities,GET,200,false,false,34
live-paired,live-round1-before.log,before,2,aztable,1,stream,workload,AddEntity,POST,201,false,false,65
live-paired,live-round1-before.log,before,2,aztable,1,stream,workload,DeleteEntity,DELETE,204,false,false,1
live-paired,live-round1-before.log,before,2,aztable,1,stream,workload,QueryEntities,GET,200,false,false,135
live-paired,live-round1-before.log,before,2,aztable,1,stream,lifecycle,AddEntity,POST,201,false,false,67
live-paired,live-round1-before.log,before,2,aztable,1,stream,lifecycle,CreateTable,POST,201,false,false,4
live-paired,live-round1-before.log,before,2,aztable,1,stream,lifecycle,DeleteEntity,DELETE,204,false,false,2
live-paired,live-round1-before.log,before,2,aztable,1,stream,lifecycle,DeleteTable,DELETE,204,false,false,4
live-paired,live-round1-before.log,before,2,aztable,1,stream,lifecycle,GetEntity,GET,200,false,false,1
live-paired,live-round1-before.log,before,2,aztable,1,stream,lifecycle,GetEntity,GET,404,false,true,3
live-paired,live-round1-before.log,before,2,aztable,1,stream,lifecycle,QueryEntities,GET,200,false,false,137
live-paired,live-round1-before.log,before,3,aztable,1,duplex,workload,AddEntity,POST,201,false,false,130
live-paired,live-round1-before.log,before,3,aztable,1,duplex,workload,DeleteEntity,DELETE,204,false,false,1
live-paired,live-round1-before.log,before,3,aztable,1,duplex,workload,QueryEntities,GET,200,false,false,278
live-paired,live-round1-before.log,before,3,aztable,1,duplex,lifecycle,AddEntity,POST,201,false,false,132
live-paired,live-round1-before.log,before,3,aztable,1,duplex,lifecycle,CreateTable,POST,201,false,false,4
live-paired,live-round1-before.log,before,3,aztable,1,duplex,lifecycle,DeleteEntity,DELETE,204,false,false,2
live-paired,live-round1-before.log,before,3,aztable,1,duplex,lifecycle,DeleteTable,DELETE,204,false,false,4
live-paired,live-round1-before.log,before,3,aztable,1,duplex,lifecycle,GetEntity,GET,200,false,false,1
live-paired,live-round1-before.log,before,3,aztable,1,duplex,lifecycle,GetEntity,GET,404,false,true,3
live-paired,live-round1-before.log,before,3,aztable,1,duplex,lifecycle,QueryEntities,GET,200,false,false,280
live-paired,live-round1-before.log,before,4,aztable,1,wake,workload,AddEntity,POST,201,false,false,1
live-paired,live-round1-before.log,before,4,aztable,1,wake,workload,QueryEntities,GET,200,false,false,30
live-paired,live-round1-before.log,before,4,aztable,1,wake,lifecycle,AddEntity,POST,201,false,false,4
live-paired,live-round1-before.log,before,4,aztable,1,wake,lifecycle,CreateTable,POST,201,false,false,4
live-paired,live-round1-before.log,before,4,aztable,1,wake,lifecycle,DeleteEntity,DELETE,204,false,false,2
live-paired,live-round1-before.log,before,4,aztable,1,wake,lifecycle,DeleteTable,DELETE,204,false,false,4
live-paired,live-round1-before.log,before,4,aztable,1,wake,lifecycle,GetEntity,GET,200,false,false,1
live-paired,live-round1-before.log,before,4,aztable,1,wake,lifecycle,GetEntity,GET,404,false,true,3
live-paired,live-round1-before.log,before,4,aztable,1,wake,lifecycle,QueryEntities,GET,200,false,false,32
live-paired,live-round1-before.log,before,5,aztable,4,interactive,workload,AddEntity,POST,201,false,false,128
live-paired,live-round1-before.log,before,5,aztable,4,interactive,workload,DeleteEntity,DELETE,204,false,false,4
live-paired,live-round1-before.log,before,5,aztable,4,interactive,workload,QueryEntities,GET,200,false,false,128
live-paired,live-round1-before.log,before,5,aztable,4,interactive,lifecycle,AddEntity,POST,201,false,false,140
live-paired,live-round1-before.log,before,5,aztable,4,interactive,lifecycle,CreateTable,POST,201,false,false,10
live-paired,live-round1-before.log,before,5,aztable,4,interactive,lifecycle,DeleteEntity,DELETE,204,false,false,8
live-paired,live-round1-before.log,before,5,aztable,4,interactive,lifecycle,DeleteTable,DELETE,204,false,false,10
live-paired,live-round1-before.log,before,5,aztable,4,interactive,lifecycle,GetEntity,GET,200,false,false,4
live-paired,live-round1-before.log,before,5,aztable,4,interactive,lifecycle,GetEntity,GET,404,false,true,15
live-paired,live-round1-before.log,before,5,aztable,4,interactive,lifecycle,QueryEntities,GET,200,false,false,136
live-paired,live-round1-before.log,before,6,aztable,4,stream,workload,AddEntity,POST,201,false,false,260
live-paired,live-round1-before.log,before,6,aztable,4,stream,workload,DeleteEntity,DELETE,204,false,false,4
live-paired,live-round1-before.log,before,6,aztable,4,stream,workload,QueryEntities,GET,200,false,false,524
live-paired,live-round1-before.log,before,6,aztable,4,stream,lifecycle,AddEntity,POST,201,false,false,268
live-paired,live-round1-before.log,before,6,aztable,4,stream,lifecycle,CreateTable,POST,201,false,false,10
live-paired,live-round1-before.log,before,6,aztable,4,stream,lifecycle,DeleteEntity,DELETE,204,false,false,8
live-paired,live-round1-before.log,before,6,aztable,4,stream,lifecycle,DeleteTable,DELETE,204,false,false,10
live-paired,live-round1-before.log,before,6,aztable,4,stream,lifecycle,GetEntity,GET,200,false,false,4
live-paired,live-round1-before.log,before,6,aztable,4,stream,lifecycle,GetEntity,GET,404,false,true,18
live-paired,live-round1-before.log,before,6,aztable,4,stream,lifecycle,QueryEntities,GET,200,false,false,536
live-paired,live-round1-before.log,before,7,aztable,4,duplex,workload,AddEntity,POST,201,false,false,520
live-paired,live-round1-before.log,before,7,aztable,4,duplex,workload,DeleteEntity,DELETE,204,false,false,4
live-paired,live-round1-before.log,before,7,aztable,4,duplex,workload,QueryEntities,GET,200,false,false,826
live-paired,live-round1-before.log,before,7,aztable,4,duplex,lifecycle,AddEntity,POST,201,false,false,528
live-paired,live-round1-before.log,before,7,aztable,4,duplex,lifecycle,CreateTable,POST,201,false,false,10
live-paired,live-round1-before.log,before,7,aztable,4,duplex,lifecycle,DeleteEntity,DELETE,204,false,false,8
live-paired,live-round1-before.log,before,7,aztable,4,duplex,lifecycle,DeleteTable,DELETE,204,false,false,10
live-paired,live-round1-before.log,before,7,aztable,4,duplex,lifecycle,GetEntity,GET,200,false,false,4
live-paired,live-round1-before.log,before,7,aztable,4,duplex,lifecycle,GetEntity,GET,404,false,true,16
live-paired,live-round1-before.log,before,7,aztable,4,duplex,lifecycle,QueryEntities,GET,200,false,false,834
live-paired,live-round1-before.log,before,8,aztable,4,wake,workload,AddEntity,POST,201,false,false,4
live-paired,live-round1-before.log,before,8,aztable,4,wake,workload,QueryEntities,GET,200,false,false,111
live-paired,live-round1-before.log,before,8,aztable,4,wake,lifecycle,AddEntity,POST,201,false,false,16
live-paired,live-round1-before.log,before,8,aztable,4,wake,lifecycle,CreateTable,POST,201,false,false,10
live-paired,live-round1-before.log,before,8,aztable,4,wake,lifecycle,DeleteEntity,DELETE,204,false,false,8
live-paired,live-round1-before.log,before,8,aztable,4,wake,lifecycle,DeleteTable,DELETE,204,false,false,10
live-paired,live-round1-before.log,before,8,aztable,4,wake,lifecycle,GetEntity,GET,200,false,false,4
live-paired,live-round1-before.log,before,8,aztable,4,wake,lifecycle,GetEntity,GET,404,false,true,15
live-paired,live-round1-before.log,before,8,aztable,4,wake,lifecycle,QueryEntities,GET,200,false,false,119
live-paired,live-round2-after.log,after,1,aztable,1,interactive,workload,AddEntity,POST,204,false,false,32
live-paired,live-round2-after.log,after,1,aztable,1,interactive,workload,DeleteEntity,DELETE,204,false,false,1
live-paired,live-round2-after.log,after,1,aztable,1,interactive,workload,QueryEntities,GET,200,false,false,32
live-paired,live-round2-after.log,after,1,aztable,1,interactive,lifecycle,AddEntity,POST,201,false,false,2
live-paired,live-round2-after.log,after,1,aztable,1,interactive,lifecycle,AddEntity,POST,204,false,false,33
live-paired,live-round2-after.log,after,1,aztable,1,interactive,lifecycle,CreateTable,POST,201,false,false,4
live-paired,live-round2-after.log,after,1,aztable,1,interactive,lifecycle,DeleteEntity,DELETE,204,false,false,2
live-paired,live-round2-after.log,after,1,aztable,1,interactive,lifecycle,DeleteTable,DELETE,204,false,false,4
live-paired,live-round2-after.log,after,1,aztable,1,interactive,lifecycle,GetEntity,GET,200,false,false,1
live-paired,live-round2-after.log,after,1,aztable,1,interactive,lifecycle,GetEntity,GET,404,false,true,3
live-paired,live-round2-after.log,after,1,aztable,1,interactive,lifecycle,QueryEntities,GET,200,false,false,34
live-paired,live-round2-after.log,after,2,aztable,1,stream,workload,AddEntity,POST,204,false,false,65
live-paired,live-round2-after.log,after,2,aztable,1,stream,workload,DeleteEntity,DELETE,204,false,false,1
live-paired,live-round2-after.log,after,2,aztable,1,stream,workload,QueryEntities,GET,200,false,false,122
live-paired,live-round2-after.log,after,2,aztable,1,stream,lifecycle,AddEntity,POST,201,false,false,2
live-paired,live-round2-after.log,after,2,aztable,1,stream,lifecycle,AddEntity,POST,204,false,false,65
live-paired,live-round2-after.log,after,2,aztable,1,stream,lifecycle,CreateTable,POST,201,false,false,4
live-paired,live-round2-after.log,after,2,aztable,1,stream,lifecycle,DeleteEntity,DELETE,204,false,false,2
live-paired,live-round2-after.log,after,2,aztable,1,stream,lifecycle,DeleteTable,DELETE,204,false,false,4
live-paired,live-round2-after.log,after,2,aztable,1,stream,lifecycle,GetEntity,GET,200,false,false,1
live-paired,live-round2-after.log,after,2,aztable,1,stream,lifecycle,GetEntity,GET,404,false,true,4
live-paired,live-round2-after.log,after,2,aztable,1,stream,lifecycle,QueryEntities,GET,200,false,false,124
live-paired,live-round2-after.log,after,3,aztable,1,duplex,workload,AddEntity,POST,204,false,false,130
live-paired,live-round2-after.log,after,3,aztable,1,duplex,workload,DeleteEntity,DELETE,204,false,false,1
live-paired,live-round2-after.log,after,3,aztable,1,duplex,workload,QueryEntities,GET,200,false,false,295
live-paired,live-round2-after.log,after,3,aztable,1,duplex,lifecycle,AddEntity,POST,201,false,false,2
live-paired,live-round2-after.log,after,3,aztable,1,duplex,lifecycle,AddEntity,POST,204,false,false,130
live-paired,live-round2-after.log,after,3,aztable,1,duplex,lifecycle,CreateTable,POST,201,false,false,4
live-paired,live-round2-after.log,after,3,aztable,1,duplex,lifecycle,DeleteEntity,DELETE,204,false,false,2
live-paired,live-round2-after.log,after,3,aztable,1,duplex,lifecycle,DeleteTable,DELETE,204,false,false,4
live-paired,live-round2-after.log,after,3,aztable,1,duplex,lifecycle,GetEntity,GET,200,false,false,1
live-paired,live-round2-after.log,after,3,aztable,1,duplex,lifecycle,GetEntity,GET,404,false,true,4
live-paired,live-round2-after.log,after,3,aztable,1,duplex,lifecycle,QueryEntities,GET,200,false,false,297
live-paired,live-round2-after.log,after,4,aztable,1,wake,workload,AddEntity,POST,204,false,false,1
live-paired,live-round2-after.log,after,4,aztable,1,wake,workload,QueryEntities,GET,200,false,false,29
live-paired,live-round2-after.log,after,4,aztable,1,wake,lifecycle,AddEntity,POST,201,false,false,2
live-paired,live-round2-after.log,after,4,aztable,1,wake,lifecycle,AddEntity,POST,204,false,false,2
live-paired,live-round2-after.log,after,4,aztable,1,wake,lifecycle,CreateTable,POST,201,false,false,4
live-paired,live-round2-after.log,after,4,aztable,1,wake,lifecycle,DeleteEntity,DELETE,204,false,false,2
live-paired,live-round2-after.log,after,4,aztable,1,wake,lifecycle,DeleteTable,DELETE,204,false,false,4
live-paired,live-round2-after.log,after,4,aztable,1,wake,lifecycle,GetEntity,GET,200,false,false,1
live-paired,live-round2-after.log,after,4,aztable,1,wake,lifecycle,GetEntity,GET,404,false,true,4
live-paired,live-round2-after.log,after,4,aztable,1,wake,lifecycle,QueryEntities,GET,200,false,false,31
live-paired,live-round2-after.log,after,5,aztable,4,interactive,workload,AddEntity,POST,204,false,false,128
live-paired,live-round2-after.log,after,5,aztable,4,interactive,workload,DeleteEntity,DELETE,204,false,false,4
live-paired,live-round2-after.log,after,5,aztable,4,interactive,workload,QueryEntities,GET,200,false,false,128
live-paired,live-round2-after.log,after,5,aztable,4,interactive,lifecycle,AddEntity,POST,201,false,false,8
live-paired,live-round2-after.log,after,5,aztable,4,interactive,lifecycle,AddEntity,POST,204,false,false,132
live-paired,live-round2-after.log,after,5,aztable,4,interactive,lifecycle,CreateTable,POST,201,false,false,10
live-paired,live-round2-after.log,after,5,aztable,4,interactive,lifecycle,DeleteEntity,DELETE,204,false,false,8
live-paired,live-round2-after.log,after,5,aztable,4,interactive,lifecycle,DeleteTable,DELETE,204,false,false,10
live-paired,live-round2-after.log,after,5,aztable,4,interactive,lifecycle,GetEntity,GET,200,false,false,4
live-paired,live-round2-after.log,after,5,aztable,4,interactive,lifecycle,GetEntity,GET,404,false,true,15
live-paired,live-round2-after.log,after,5,aztable,4,interactive,lifecycle,QueryEntities,GET,200,false,false,139
live-paired,live-round2-after.log,after,6,aztable,4,stream,workload,AddEntity,POST,204,false,false,260
live-paired,live-round2-after.log,after,6,aztable,4,stream,workload,DeleteEntity,DELETE,204,false,false,4
live-paired,live-round2-after.log,after,6,aztable,4,stream,workload,QueryEntities,GET,200,false,false,1114
live-paired,live-round2-after.log,after,6,aztable,4,stream,lifecycle,AddEntity,POST,201,false,false,8
live-paired,live-round2-after.log,after,6,aztable,4,stream,lifecycle,AddEntity,POST,204,false,false,260
live-paired,live-round2-after.log,after,6,aztable,4,stream,lifecycle,CreateTable,POST,201,false,false,10
live-paired,live-round2-after.log,after,6,aztable,4,stream,lifecycle,DeleteEntity,DELETE,204,false,false,8
live-paired,live-round2-after.log,after,6,aztable,4,stream,lifecycle,DeleteTable,DELETE,204,false,false,10
live-paired,live-round2-after.log,after,6,aztable,4,stream,lifecycle,GetEntity,GET,200,false,false,4
live-paired,live-round2-after.log,after,6,aztable,4,stream,lifecycle,GetEntity,GET,404,false,true,15
live-paired,live-round2-after.log,after,6,aztable,4,stream,lifecycle,QueryEntities,GET,200,false,false,1121
live-paired,live-round2-after.log,after,7,aztable,4,duplex,workload,AddEntity,POST,204,false,false,520
live-paired,live-round2-after.log,after,7,aztable,4,duplex,workload,DeleteEntity,DELETE,204,false,false,4
live-paired,live-round2-after.log,after,7,aztable,4,duplex,workload,QueryEntities,GET,200,false,false,1064
live-paired,live-round2-after.log,after,7,aztable,4,duplex,lifecycle,AddEntity,POST,201,false,false,8
live-paired,live-round2-after.log,after,7,aztable,4,duplex,lifecycle,AddEntity,POST,204,false,false,520
live-paired,live-round2-after.log,after,7,aztable,4,duplex,lifecycle,CreateTable,POST,201,false,false,10
live-paired,live-round2-after.log,after,7,aztable,4,duplex,lifecycle,DeleteEntity,DELETE,204,false,false,8
live-paired,live-round2-after.log,after,7,aztable,4,duplex,lifecycle,DeleteTable,DELETE,204,false,false,10
live-paired,live-round2-after.log,after,7,aztable,4,duplex,lifecycle,GetEntity,GET,200,false,false,4
live-paired,live-round2-after.log,after,7,aztable,4,duplex,lifecycle,GetEntity,GET,404,false,true,20
live-paired,live-round2-after.log,after,7,aztable,4,duplex,lifecycle,QueryEntities,GET,200,false,false,1072
live-paired,live-round2-after.log,after,8,aztable,4,wake,workload,AddEntity,POST,204,false,false,4
live-paired,live-round2-after.log,after,8,aztable,4,wake,workload,QueryEntities,GET,200,false,false,114
live-paired,live-round2-after.log,after,8,aztable,4,wake,lifecycle,AddEntity,POST,201,false,false,8
live-paired,live-round2-after.log,after,8,aztable,4,wake,lifecycle,AddEntity,POST,204,false,false,8
live-paired,live-round2-after.log,after,8,aztable,4,wake,lifecycle,CreateTable,POST,201,false,false,10
live-paired,live-round2-after.log,after,8,aztable,4,wake,lifecycle,DeleteEntity,DELETE,204,false,false,8
live-paired,live-round2-after.log,after,8,aztable,4,wake,lifecycle,DeleteTable,DELETE,204,false,false,10
live-paired,live-round2-after.log,after,8,aztable,4,wake,lifecycle,GetEntity,GET,200,false,false,4
live-paired,live-round2-after.log,after,8,aztable,4,wake,lifecycle,GetEntity,GET,404,false,true,13
live-paired,live-round2-after.log,after,8,aztable,4,wake,lifecycle,QueryEntities,GET,200,false,false,122
live-paired,live-round2-before.log,before,1,aztable,1,interactive,workload,AddEntity,POST,201,false,false,32
live-paired,live-round2-before.log,before,1,aztable,1,interactive,workload,DeleteEntity,DELETE,204,false,false,1
live-paired,live-round2-before.log,before,1,aztable,1,interactive,workload,QueryEntities,GET,200,false,false,32
live-paired,live-round2-before.log,before,1,aztable,1,interactive,lifecycle,AddEntity,POST,201,false,false,35
live-paired,live-round2-before.log,before,1,aztable,1,interactive,lifecycle,CreateTable,POST,201,false,false,4
live-paired,live-round2-before.log,before,1,aztable,1,interactive,lifecycle,DeleteEntity,DELETE,204,false,false,2
live-paired,live-round2-before.log,before,1,aztable,1,interactive,lifecycle,DeleteTable,DELETE,204,false,false,4
live-paired,live-round2-before.log,before,1,aztable,1,interactive,lifecycle,GetEntity,GET,200,false,false,1
live-paired,live-round2-before.log,before,1,aztable,1,interactive,lifecycle,GetEntity,GET,404,false,true,3
live-paired,live-round2-before.log,before,1,aztable,1,interactive,lifecycle,QueryEntities,GET,200,false,false,34
live-paired,live-round2-before.log,before,2,aztable,1,stream,workload,AddEntity,POST,201,false,false,65
live-paired,live-round2-before.log,before,2,aztable,1,stream,workload,DeleteEntity,DELETE,204,false,false,1
live-paired,live-round2-before.log,before,2,aztable,1,stream,workload,QueryEntities,GET,200,false,false,110
live-paired,live-round2-before.log,before,2,aztable,1,stream,lifecycle,AddEntity,POST,201,false,false,67
live-paired,live-round2-before.log,before,2,aztable,1,stream,lifecycle,CreateTable,POST,201,false,false,4
live-paired,live-round2-before.log,before,2,aztable,1,stream,lifecycle,DeleteEntity,DELETE,204,false,false,2
live-paired,live-round2-before.log,before,2,aztable,1,stream,lifecycle,DeleteTable,DELETE,204,false,false,4
live-paired,live-round2-before.log,before,2,aztable,1,stream,lifecycle,GetEntity,GET,200,false,false,1
live-paired,live-round2-before.log,before,2,aztable,1,stream,lifecycle,GetEntity,GET,404,false,true,4
live-paired,live-round2-before.log,before,2,aztable,1,stream,lifecycle,QueryEntities,GET,200,false,false,112
live-paired,live-round2-before.log,before,3,aztable,1,duplex,workload,AddEntity,POST,201,false,false,130
live-paired,live-round2-before.log,before,3,aztable,1,duplex,workload,DeleteEntity,DELETE,204,false,false,1
live-paired,live-round2-before.log,before,3,aztable,1,duplex,workload,QueryEntities,GET,200,false,false,210
live-paired,live-round2-before.log,before,3,aztable,1,duplex,lifecycle,AddEntity,POST,201,false,false,132
live-paired,live-round2-before.log,before,3,aztable,1,duplex,lifecycle,CreateTable,POST,201,false,false,4
live-paired,live-round2-before.log,before,3,aztable,1,duplex,lifecycle,DeleteEntity,DELETE,204,false,false,2
live-paired,live-round2-before.log,before,3,aztable,1,duplex,lifecycle,DeleteTable,DELETE,204,false,false,4
live-paired,live-round2-before.log,before,3,aztable,1,duplex,lifecycle,GetEntity,GET,200,false,false,1
live-paired,live-round2-before.log,before,3,aztable,1,duplex,lifecycle,GetEntity,GET,404,false,true,4
live-paired,live-round2-before.log,before,3,aztable,1,duplex,lifecycle,QueryEntities,GET,200,false,false,212
live-paired,live-round2-before.log,before,4,aztable,1,wake,workload,AddEntity,POST,201,false,false,1
live-paired,live-round2-before.log,before,4,aztable,1,wake,workload,QueryEntities,GET,200,false,false,30
live-paired,live-round2-before.log,before,4,aztable,1,wake,lifecycle,AddEntity,POST,201,false,false,4
live-paired,live-round2-before.log,before,4,aztable,1,wake,lifecycle,CreateTable,POST,201,false,false,4
live-paired,live-round2-before.log,before,4,aztable,1,wake,lifecycle,DeleteEntity,DELETE,204,false,false,2
live-paired,live-round2-before.log,before,4,aztable,1,wake,lifecycle,DeleteTable,DELETE,204,false,false,4
live-paired,live-round2-before.log,before,4,aztable,1,wake,lifecycle,GetEntity,GET,200,false,false,1
live-paired,live-round2-before.log,before,4,aztable,1,wake,lifecycle,GetEntity,GET,404,false,true,4
live-paired,live-round2-before.log,before,4,aztable,1,wake,lifecycle,QueryEntities,GET,200,false,false,32
live-paired,live-round2-before.log,before,5,aztable,4,interactive,workload,AddEntity,POST,201,false,false,128
live-paired,live-round2-before.log,before,5,aztable,4,interactive,workload,DeleteEntity,DELETE,204,false,false,4
live-paired,live-round2-before.log,before,5,aztable,4,interactive,workload,QueryEntities,GET,200,false,false,128
live-paired,live-round2-before.log,before,5,aztable,4,interactive,lifecycle,AddEntity,POST,201,false,false,140
live-paired,live-round2-before.log,before,5,aztable,4,interactive,lifecycle,CreateTable,POST,201,false,false,10
live-paired,live-round2-before.log,before,5,aztable,4,interactive,lifecycle,DeleteEntity,DELETE,204,false,false,8
live-paired,live-round2-before.log,before,5,aztable,4,interactive,lifecycle,DeleteTable,DELETE,204,false,false,10
live-paired,live-round2-before.log,before,5,aztable,4,interactive,lifecycle,GetEntity,GET,200,false,false,4
live-paired,live-round2-before.log,before,5,aztable,4,interactive,lifecycle,GetEntity,GET,404,false,true,15
live-paired,live-round2-before.log,before,5,aztable,4,interactive,lifecycle,QueryEntities,GET,200,false,false,136
live-paired,live-round2-before.log,before,6,aztable,4,stream,workload,AddEntity,POST,201,false,false,260
live-paired,live-round2-before.log,before,6,aztable,4,stream,workload,DeleteEntity,DELETE,204,false,false,4
live-paired,live-round2-before.log,before,6,aztable,4,stream,workload,QueryEntities,GET,200,false,false,440
live-paired,live-round2-before.log,before,6,aztable,4,stream,lifecycle,AddEntity,POST,201,false,false,268
live-paired,live-round2-before.log,before,6,aztable,4,stream,lifecycle,CreateTable,POST,201,false,false,10
live-paired,live-round2-before.log,before,6,aztable,4,stream,lifecycle,DeleteEntity,DELETE,204,false,false,8
live-paired,live-round2-before.log,before,6,aztable,4,stream,lifecycle,DeleteTable,DELETE,204,false,false,10
live-paired,live-round2-before.log,before,6,aztable,4,stream,lifecycle,GetEntity,GET,200,false,false,4
live-paired,live-round2-before.log,before,6,aztable,4,stream,lifecycle,GetEntity,GET,404,false,true,15
live-paired,live-round2-before.log,before,6,aztable,4,stream,lifecycle,QueryEntities,GET,200,false,false,447
live-paired,live-round2-before.log,before,7,aztable,4,duplex,workload,AddEntity,POST,201,false,false,520
live-paired,live-round2-before.log,before,7,aztable,4,duplex,workload,DeleteEntity,DELETE,204,false,false,4
live-paired,live-round2-before.log,before,7,aztable,4,duplex,workload,QueryEntities,GET,200,false,false,1112
live-paired,live-round2-before.log,before,7,aztable,4,duplex,lifecycle,AddEntity,POST,201,false,false,528
live-paired,live-round2-before.log,before,7,aztable,4,duplex,lifecycle,CreateTable,POST,201,false,false,10
live-paired,live-round2-before.log,before,7,aztable,4,duplex,lifecycle,DeleteEntity,DELETE,204,false,false,8
live-paired,live-round2-before.log,before,7,aztable,4,duplex,lifecycle,DeleteTable,DELETE,204,false,false,10
live-paired,live-round2-before.log,before,7,aztable,4,duplex,lifecycle,GetEntity,GET,200,false,false,4
live-paired,live-round2-before.log,before,7,aztable,4,duplex,lifecycle,GetEntity,GET,404,false,true,15
live-paired,live-round2-before.log,before,7,aztable,4,duplex,lifecycle,QueryEntities,GET,200,false,false,1120
live-paired,live-round2-before.log,before,8,aztable,4,wake,workload,AddEntity,POST,201,false,false,4
live-paired,live-round2-before.log,before,8,aztable,4,wake,workload,QueryEntities,GET,200,false,false,119
live-paired,live-round2-before.log,before,8,aztable,4,wake,lifecycle,AddEntity,POST,201,false,false,16
live-paired,live-round2-before.log,before,8,aztable,4,wake,lifecycle,CreateTable,POST,201,false,false,10
live-paired,live-round2-before.log,before,8,aztable,4,wake,lifecycle,DeleteEntity,DELETE,204,false,false,8
live-paired,live-round2-before.log,before,8,aztable,4,wake,lifecycle,DeleteTable,DELETE,204,false,false,10
live-paired,live-round2-before.log,before,8,aztable,4,wake,lifecycle,GetEntity,GET,200,false,false,4
live-paired,live-round2-before.log,before,8,aztable,4,wake,lifecycle,GetEntity,GET,404,false,true,16
live-paired,live-round2-before.log,before,8,aztable,4,wake,lifecycle,QueryEntities,GET,200,false,false,127
live-paired,live-round3-after.log,after,1,aztable,1,interactive,workload,AddEntity,POST,204,false,false,32
live-paired,live-round3-after.log,after,1,aztable,1,interactive,workload,DeleteEntity,DELETE,204,false,false,1
live-paired,live-round3-after.log,after,1,aztable,1,interactive,workload,QueryEntities,GET,200,false,false,32
live-paired,live-round3-after.log,after,1,aztable,1,interactive,lifecycle,AddEntity,POST,201,false,false,2
live-paired,live-round3-after.log,after,1,aztable,1,interactive,lifecycle,AddEntity,POST,204,false,false,33
live-paired,live-round3-after.log,after,1,aztable,1,interactive,lifecycle,CreateTable,POST,201,false,false,4
live-paired,live-round3-after.log,after,1,aztable,1,interactive,lifecycle,DeleteEntity,DELETE,204,false,false,2
live-paired,live-round3-after.log,after,1,aztable,1,interactive,lifecycle,DeleteTable,DELETE,204,false,false,4
live-paired,live-round3-after.log,after,1,aztable,1,interactive,lifecycle,GetEntity,GET,200,false,false,1
live-paired,live-round3-after.log,after,1,aztable,1,interactive,lifecycle,GetEntity,GET,404,false,true,3
live-paired,live-round3-after.log,after,1,aztable,1,interactive,lifecycle,QueryEntities,GET,200,false,false,34
live-paired,live-round3-after.log,after,2,aztable,1,stream,workload,AddEntity,POST,204,false,false,65
live-paired,live-round3-after.log,after,2,aztable,1,stream,workload,DeleteEntity,DELETE,204,false,false,1
live-paired,live-round3-after.log,after,2,aztable,1,stream,workload,QueryEntities,GET,200,false,false,45
live-paired,live-round3-after.log,after,2,aztable,1,stream,lifecycle,AddEntity,POST,201,false,false,2
live-paired,live-round3-after.log,after,2,aztable,1,stream,lifecycle,AddEntity,POST,204,false,false,65
live-paired,live-round3-after.log,after,2,aztable,1,stream,lifecycle,CreateTable,POST,201,false,false,4
live-paired,live-round3-after.log,after,2,aztable,1,stream,lifecycle,DeleteEntity,DELETE,204,false,false,2
live-paired,live-round3-after.log,after,2,aztable,1,stream,lifecycle,DeleteTable,DELETE,204,false,false,4
live-paired,live-round3-after.log,after,2,aztable,1,stream,lifecycle,GetEntity,GET,200,false,false,1
live-paired,live-round3-after.log,after,2,aztable,1,stream,lifecycle,GetEntity,GET,404,false,true,4
live-paired,live-round3-after.log,after,2,aztable,1,stream,lifecycle,QueryEntities,GET,200,false,false,47
live-paired,live-round3-after.log,after,3,aztable,1,duplex,workload,AddEntity,POST,204,false,false,130
live-paired,live-round3-after.log,after,3,aztable,1,duplex,workload,DeleteEntity,DELETE,204,false,false,1
live-paired,live-round3-after.log,after,3,aztable,1,duplex,workload,QueryEntities,GET,200,false,false,130
live-paired,live-round3-after.log,after,3,aztable,1,duplex,lifecycle,AddEntity,POST,201,false,false,2
live-paired,live-round3-after.log,after,3,aztable,1,duplex,lifecycle,AddEntity,POST,204,false,false,130
live-paired,live-round3-after.log,after,3,aztable,1,duplex,lifecycle,CreateTable,POST,201,false,false,4
live-paired,live-round3-after.log,after,3,aztable,1,duplex,lifecycle,DeleteEntity,DELETE,204,false,false,2
live-paired,live-round3-after.log,after,3,aztable,1,duplex,lifecycle,DeleteTable,DELETE,204,false,false,4
live-paired,live-round3-after.log,after,3,aztable,1,duplex,lifecycle,GetEntity,GET,200,false,false,1
live-paired,live-round3-after.log,after,3,aztable,1,duplex,lifecycle,GetEntity,GET,404,false,true,4
live-paired,live-round3-after.log,after,3,aztable,1,duplex,lifecycle,QueryEntities,GET,200,false,false,132
live-paired,live-round3-after.log,after,4,aztable,1,wake,workload,AddEntity,POST,204,false,false,1
live-paired,live-round3-after.log,after,4,aztable,1,wake,workload,QueryEntities,GET,200,false,false,29
live-paired,live-round3-after.log,after,4,aztable,1,wake,lifecycle,AddEntity,POST,201,false,false,2
live-paired,live-round3-after.log,after,4,aztable,1,wake,lifecycle,AddEntity,POST,204,false,false,2
live-paired,live-round3-after.log,after,4,aztable,1,wake,lifecycle,CreateTable,POST,201,false,false,4
live-paired,live-round3-after.log,after,4,aztable,1,wake,lifecycle,DeleteEntity,DELETE,204,false,false,2
live-paired,live-round3-after.log,after,4,aztable,1,wake,lifecycle,DeleteTable,DELETE,204,false,false,4
live-paired,live-round3-after.log,after,4,aztable,1,wake,lifecycle,GetEntity,GET,200,false,false,1
live-paired,live-round3-after.log,after,4,aztable,1,wake,lifecycle,GetEntity,GET,404,false,true,4
live-paired,live-round3-after.log,after,4,aztable,1,wake,lifecycle,QueryEntities,GET,200,false,false,31
live-paired,live-round3-after.log,after,5,aztable,4,interactive,workload,AddEntity,POST,204,false,false,128
live-paired,live-round3-after.log,after,5,aztable,4,interactive,workload,DeleteEntity,DELETE,204,false,false,4
live-paired,live-round3-after.log,after,5,aztable,4,interactive,workload,QueryEntities,GET,200,false,false,128
live-paired,live-round3-after.log,after,5,aztable,4,interactive,lifecycle,AddEntity,POST,201,false,false,8
live-paired,live-round3-after.log,after,5,aztable,4,interactive,lifecycle,AddEntity,POST,204,false,false,132
live-paired,live-round3-after.log,after,5,aztable,4,interactive,lifecycle,CreateTable,POST,201,false,false,10
live-paired,live-round3-after.log,after,5,aztable,4,interactive,lifecycle,DeleteEntity,DELETE,204,false,false,8
live-paired,live-round3-after.log,after,5,aztable,4,interactive,lifecycle,DeleteTable,DELETE,204,false,false,10
live-paired,live-round3-after.log,after,5,aztable,4,interactive,lifecycle,GetEntity,GET,200,false,false,4
live-paired,live-round3-after.log,after,5,aztable,4,interactive,lifecycle,GetEntity,GET,404,false,true,15
live-paired,live-round3-after.log,after,5,aztable,4,interactive,lifecycle,QueryEntities,GET,200,false,false,136
live-paired,live-round3-after.log,after,6,aztable,4,stream,workload,AddEntity,POST,204,false,false,260
live-paired,live-round3-after.log,after,6,aztable,4,stream,workload,DeleteEntity,DELETE,204,false,false,4
live-paired,live-round3-after.log,after,6,aztable,4,stream,workload,QueryEntities,GET,200,false,false,233
live-paired,live-round3-after.log,after,6,aztable,4,stream,lifecycle,AddEntity,POST,201,false,false,8
live-paired,live-round3-after.log,after,6,aztable,4,stream,lifecycle,AddEntity,POST,204,false,false,260
live-paired,live-round3-after.log,after,6,aztable,4,stream,lifecycle,CreateTable,POST,201,false,false,10
live-paired,live-round3-after.log,after,6,aztable,4,stream,lifecycle,DeleteEntity,DELETE,204,false,false,8
live-paired,live-round3-after.log,after,6,aztable,4,stream,lifecycle,DeleteTable,DELETE,204,false,false,10
live-paired,live-round3-after.log,after,6,aztable,4,stream,lifecycle,GetEntity,GET,200,false,false,4
live-paired,live-round3-after.log,after,6,aztable,4,stream,lifecycle,GetEntity,GET,404,false,true,18
live-paired,live-round3-after.log,after,6,aztable,4,stream,lifecycle,QueryEntities,GET,200,false,false,241
live-paired,live-round3-after.log,after,7,aztable,4,duplex,workload,AddEntity,POST,204,false,false,520
live-paired,live-round3-after.log,after,7,aztable,4,duplex,workload,DeleteEntity,DELETE,204,false,false,4
live-paired,live-round3-after.log,after,7,aztable,4,duplex,workload,QueryEntities,GET,200,false,false,584
live-paired,live-round3-after.log,after,7,aztable,4,duplex,lifecycle,AddEntity,POST,201,false,false,8
live-paired,live-round3-after.log,after,7,aztable,4,duplex,lifecycle,AddEntity,POST,204,false,false,520
live-paired,live-round3-after.log,after,7,aztable,4,duplex,lifecycle,CreateTable,POST,201,false,false,10
live-paired,live-round3-after.log,after,7,aztable,4,duplex,lifecycle,DeleteEntity,DELETE,204,false,false,8
live-paired,live-round3-after.log,after,7,aztable,4,duplex,lifecycle,DeleteTable,DELETE,204,false,false,10
live-paired,live-round3-after.log,after,7,aztable,4,duplex,lifecycle,GetEntity,GET,200,false,false,4
live-paired,live-round3-after.log,after,7,aztable,4,duplex,lifecycle,GetEntity,GET,404,false,true,14
live-paired,live-round3-after.log,after,7,aztable,4,duplex,lifecycle,QueryEntities,GET,200,false,false,592
live-paired,live-round3-after.log,after,8,aztable,4,wake,workload,AddEntity,POST,204,false,false,4
live-paired,live-round3-after.log,after,8,aztable,4,wake,workload,QueryEntities,GET,200,false,false,112
live-paired,live-round3-after.log,after,8,aztable,4,wake,lifecycle,AddEntity,POST,201,false,false,8
live-paired,live-round3-after.log,after,8,aztable,4,wake,lifecycle,AddEntity,POST,204,false,false,8
live-paired,live-round3-after.log,after,8,aztable,4,wake,lifecycle,CreateTable,POST,201,false,false,10
live-paired,live-round3-after.log,after,8,aztable,4,wake,lifecycle,DeleteEntity,DELETE,204,false,false,8
live-paired,live-round3-after.log,after,8,aztable,4,wake,lifecycle,DeleteTable,DELETE,204,false,false,10
live-paired,live-round3-after.log,after,8,aztable,4,wake,lifecycle,GetEntity,GET,200,false,false,4
live-paired,live-round3-after.log,after,8,aztable,4,wake,lifecycle,GetEntity,GET,404,false,true,14
live-paired,live-round3-after.log,after,8,aztable,4,wake,lifecycle,QueryEntities,GET,200,false,false,121
live-paired,live-round3-before.log,before,1,aztable,1,interactive,workload,AddEntity,POST,201,false,false,32
live-paired,live-round3-before.log,before,1,aztable,1,interactive,workload,DeleteEntity,DELETE,204,false,false,1
live-paired,live-round3-before.log,before,1,aztable,1,interactive,workload,QueryEntities,GET,200,false,false,32
live-paired,live-round3-before.log,before,1,aztable,1,interactive,lifecycle,AddEntity,POST,201,false,false,35
live-paired,live-round3-before.log,before,1,aztable,1,interactive,lifecycle,CreateTable,POST,201,false,false,4
live-paired,live-round3-before.log,before,1,aztable,1,interactive,lifecycle,DeleteEntity,DELETE,204,false,false,2
live-paired,live-round3-before.log,before,1,aztable,1,interactive,lifecycle,DeleteTable,DELETE,204,false,false,4
live-paired,live-round3-before.log,before,1,aztable,1,interactive,lifecycle,GetEntity,GET,200,false,false,1
live-paired,live-round3-before.log,before,1,aztable,1,interactive,lifecycle,GetEntity,GET,404,false,true,3
live-paired,live-round3-before.log,before,1,aztable,1,interactive,lifecycle,QueryEntities,GET,200,false,false,34
live-paired,live-round3-before.log,before,2,aztable,1,stream,workload,AddEntity,POST,201,false,false,65
live-paired,live-round3-before.log,before,2,aztable,1,stream,workload,DeleteEntity,DELETE,204,false,false,1
live-paired,live-round3-before.log,before,2,aztable,1,stream,workload,QueryEntities,GET,200,false,false,101
live-paired,live-round3-before.log,before,2,aztable,1,stream,lifecycle,AddEntity,POST,201,false,false,67
live-paired,live-round3-before.log,before,2,aztable,1,stream,lifecycle,CreateTable,POST,201,false,false,4
live-paired,live-round3-before.log,before,2,aztable,1,stream,lifecycle,DeleteEntity,DELETE,204,false,false,2
live-paired,live-round3-before.log,before,2,aztable,1,stream,lifecycle,DeleteTable,DELETE,204,false,false,4
live-paired,live-round3-before.log,before,2,aztable,1,stream,lifecycle,GetEntity,GET,200,false,false,1
live-paired,live-round3-before.log,before,2,aztable,1,stream,lifecycle,GetEntity,GET,404,false,true,4
live-paired,live-round3-before.log,before,2,aztable,1,stream,lifecycle,QueryEntities,GET,200,false,false,103
live-paired,live-round3-before.log,before,3,aztable,1,duplex,workload,AddEntity,POST,201,false,false,130
live-paired,live-round3-before.log,before,3,aztable,1,duplex,workload,DeleteEntity,DELETE,204,false,false,1
live-paired,live-round3-before.log,before,3,aztable,1,duplex,workload,QueryEntities,GET,200,false,false,242
live-paired,live-round3-before.log,before,3,aztable,1,duplex,lifecycle,AddEntity,POST,201,false,false,132
live-paired,live-round3-before.log,before,3,aztable,1,duplex,lifecycle,CreateTable,POST,201,false,false,4
live-paired,live-round3-before.log,before,3,aztable,1,duplex,lifecycle,DeleteEntity,DELETE,204,false,false,2
live-paired,live-round3-before.log,before,3,aztable,1,duplex,lifecycle,DeleteTable,DELETE,204,false,false,4
live-paired,live-round3-before.log,before,3,aztable,1,duplex,lifecycle,GetEntity,GET,200,false,false,1
live-paired,live-round3-before.log,before,3,aztable,1,duplex,lifecycle,GetEntity,GET,404,false,true,4
live-paired,live-round3-before.log,before,3,aztable,1,duplex,lifecycle,QueryEntities,GET,200,false,false,244
live-paired,live-round3-before.log,before,4,aztable,1,wake,workload,AddEntity,POST,201,false,false,1
live-paired,live-round3-before.log,before,4,aztable,1,wake,workload,QueryEntities,GET,200,false,false,29
live-paired,live-round3-before.log,before,4,aztable,1,wake,lifecycle,AddEntity,POST,201,false,false,4
live-paired,live-round3-before.log,before,4,aztable,1,wake,lifecycle,CreateTable,POST,201,false,false,4
live-paired,live-round3-before.log,before,4,aztable,1,wake,lifecycle,DeleteEntity,DELETE,204,false,false,2
live-paired,live-round3-before.log,before,4,aztable,1,wake,lifecycle,DeleteTable,DELETE,204,false,false,4
live-paired,live-round3-before.log,before,4,aztable,1,wake,lifecycle,GetEntity,GET,200,false,false,1
live-paired,live-round3-before.log,before,4,aztable,1,wake,lifecycle,GetEntity,GET,404,false,true,4
live-paired,live-round3-before.log,before,4,aztable,1,wake,lifecycle,QueryEntities,GET,200,false,false,31
live-paired,live-round3-before.log,before,5,aztable,4,interactive,workload,AddEntity,POST,201,false,false,128
live-paired,live-round3-before.log,before,5,aztable,4,interactive,workload,DeleteEntity,DELETE,204,false,false,4
live-paired,live-round3-before.log,before,5,aztable,4,interactive,workload,QueryEntities,GET,200,false,false,128
live-paired,live-round3-before.log,before,5,aztable,4,interactive,lifecycle,AddEntity,POST,201,false,false,140
live-paired,live-round3-before.log,before,5,aztable,4,interactive,lifecycle,CreateTable,POST,201,false,false,10
live-paired,live-round3-before.log,before,5,aztable,4,interactive,lifecycle,DeleteEntity,DELETE,204,false,false,8
live-paired,live-round3-before.log,before,5,aztable,4,interactive,lifecycle,DeleteTable,DELETE,204,false,false,10
live-paired,live-round3-before.log,before,5,aztable,4,interactive,lifecycle,GetEntity,GET,200,false,false,4
live-paired,live-round3-before.log,before,5,aztable,4,interactive,lifecycle,GetEntity,GET,404,false,true,14
live-paired,live-round3-before.log,before,5,aztable,4,interactive,lifecycle,QueryEntities,GET,200,false,false,136
live-paired,live-round3-before.log,before,6,aztable,4,stream,workload,AddEntity,POST,201,false,false,260
live-paired,live-round3-before.log,before,6,aztable,4,stream,workload,DeleteEntity,DELETE,204,false,false,4
live-paired,live-round3-before.log,before,6,aztable,4,stream,workload,QueryEntities,GET,200,false,false,384
live-paired,live-round3-before.log,before,6,aztable,4,stream,lifecycle,AddEntity,POST,201,false,false,268
live-paired,live-round3-before.log,before,6,aztable,4,stream,lifecycle,CreateTable,POST,201,false,false,10
live-paired,live-round3-before.log,before,6,aztable,4,stream,lifecycle,DeleteEntity,DELETE,204,false,false,8
live-paired,live-round3-before.log,before,6,aztable,4,stream,lifecycle,DeleteTable,DELETE,204,false,false,10
live-paired,live-round3-before.log,before,6,aztable,4,stream,lifecycle,GetEntity,GET,200,false,false,4
live-paired,live-round3-before.log,before,6,aztable,4,stream,lifecycle,GetEntity,GET,404,false,true,14
live-paired,live-round3-before.log,before,6,aztable,4,stream,lifecycle,QueryEntities,GET,200,false,false,391
live-paired,live-round3-before.log,before,7,aztable,4,duplex,workload,AddEntity,POST,201,false,false,520
live-paired,live-round3-before.log,before,7,aztable,4,duplex,workload,DeleteEntity,DELETE,204,false,false,4
live-paired,live-round3-before.log,before,7,aztable,4,duplex,workload,QueryEntities,GET,200,false,false,1526
live-paired,live-round3-before.log,before,7,aztable,4,duplex,lifecycle,AddEntity,POST,201,false,false,528
live-paired,live-round3-before.log,before,7,aztable,4,duplex,lifecycle,CreateTable,POST,201,false,false,10
live-paired,live-round3-before.log,before,7,aztable,4,duplex,lifecycle,DeleteEntity,DELETE,204,false,false,8
live-paired,live-round3-before.log,before,7,aztable,4,duplex,lifecycle,DeleteTable,DELETE,204,false,false,10
live-paired,live-round3-before.log,before,7,aztable,4,duplex,lifecycle,GetEntity,GET,200,false,false,4
live-paired,live-round3-before.log,before,7,aztable,4,duplex,lifecycle,GetEntity,GET,404,false,true,17
live-paired,live-round3-before.log,before,7,aztable,4,duplex,lifecycle,QueryEntities,GET,200,false,false,1534
live-paired,live-round3-before.log,before,8,aztable,4,wake,workload,AddEntity,POST,201,false,false,4
live-paired,live-round3-before.log,before,8,aztable,4,wake,workload,QueryEntities,GET,200,false,false,112
live-paired,live-round3-before.log,before,8,aztable,4,wake,lifecycle,AddEntity,POST,201,false,false,16
live-paired,live-round3-before.log,before,8,aztable,4,wake,lifecycle,CreateTable,POST,201,false,false,10
live-paired,live-round3-before.log,before,8,aztable,4,wake,lifecycle,DeleteEntity,DELETE,204,false,false,8
live-paired,live-round3-before.log,before,8,aztable,4,wake,lifecycle,DeleteTable,DELETE,204,false,false,10
live-paired,live-round3-before.log,before,8,aztable,4,wake,lifecycle,GetEntity,GET,200,false,false,4
live-paired,live-round3-before.log,before,8,aztable,4,wake,lifecycle,GetEntity,GET,404,false,true,16
live-paired,live-round3-before.log,before,8,aztable,4,wake,lifecycle,QueryEntities,GET,200,false,false,120
live-paired,live-round4-after.log,after,1,aztable,1,stream,workload,AddEntity,POST,204,false,false,65
live-paired,live-round4-after.log,after,1,aztable,1,stream,workload,DeleteEntity,DELETE,204,false,false,1
live-paired,live-round4-after.log,after,1,aztable,1,stream,workload,QueryEntities,GET,200,false,false,43
live-paired,live-round4-after.log,after,1,aztable,1,stream,lifecycle,AddEntity,POST,201,false,false,2
live-paired,live-round4-after.log,after,1,aztable,1,stream,lifecycle,AddEntity,POST,204,false,false,65
live-paired,live-round4-after.log,after,1,aztable,1,stream,lifecycle,CreateTable,POST,201,false,false,4
live-paired,live-round4-after.log,after,1,aztable,1,stream,lifecycle,DeleteEntity,DELETE,204,false,false,2
live-paired,live-round4-after.log,after,1,aztable,1,stream,lifecycle,DeleteTable,DELETE,204,false,false,4
live-paired,live-round4-after.log,after,1,aztable,1,stream,lifecycle,GetEntity,GET,200,false,false,1
live-paired,live-round4-after.log,after,1,aztable,1,stream,lifecycle,GetEntity,GET,404,false,true,3
live-paired,live-round4-after.log,after,1,aztable,1,stream,lifecycle,QueryEntities,GET,200,false,false,45
live-paired,live-round4-after.log,after,2,aztable,1,duplex,workload,AddEntity,POST,204,false,false,130
live-paired,live-round4-after.log,after,2,aztable,1,duplex,workload,DeleteEntity,DELETE,204,false,false,1
live-paired,live-round4-after.log,after,2,aztable,1,duplex,workload,QueryEntities,GET,200,false,false,119
live-paired,live-round4-after.log,after,2,aztable,1,duplex,lifecycle,AddEntity,POST,201,false,false,2
live-paired,live-round4-after.log,after,2,aztable,1,duplex,lifecycle,AddEntity,POST,204,false,false,130
live-paired,live-round4-after.log,after,2,aztable,1,duplex,lifecycle,CreateTable,POST,201,false,false,4
live-paired,live-round4-after.log,after,2,aztable,1,duplex,lifecycle,DeleteEntity,DELETE,204,false,false,2
live-paired,live-round4-after.log,after,2,aztable,1,duplex,lifecycle,DeleteTable,DELETE,204,false,false,4
live-paired,live-round4-after.log,after,2,aztable,1,duplex,lifecycle,GetEntity,GET,200,false,false,1
live-paired,live-round4-after.log,after,2,aztable,1,duplex,lifecycle,GetEntity,GET,404,false,true,4
live-paired,live-round4-after.log,after,2,aztable,1,duplex,lifecycle,QueryEntities,GET,200,false,false,121
live-paired,live-round4-after.log,after,3,aztable,4,stream,workload,AddEntity,POST,204,false,false,260
live-paired,live-round4-after.log,after,3,aztable,4,stream,workload,DeleteEntity,DELETE,204,false,false,4
live-paired,live-round4-after.log,after,3,aztable,4,stream,workload,QueryEntities,GET,200,false,false,220
live-paired,live-round4-after.log,after,3,aztable,4,stream,lifecycle,AddEntity,POST,201,false,false,8
live-paired,live-round4-after.log,after,3,aztable,4,stream,lifecycle,AddEntity,POST,204,false,false,260
live-paired,live-round4-after.log,after,3,aztable,4,stream,lifecycle,CreateTable,POST,201,false,false,10
live-paired,live-round4-after.log,after,3,aztable,4,stream,lifecycle,DeleteEntity,DELETE,204,false,false,8
live-paired,live-round4-after.log,after,3,aztable,4,stream,lifecycle,DeleteTable,DELETE,204,false,false,10
live-paired,live-round4-after.log,after,3,aztable,4,stream,lifecycle,GetEntity,GET,200,false,false,4
live-paired,live-round4-after.log,after,3,aztable,4,stream,lifecycle,GetEntity,GET,404,false,true,16
live-paired,live-round4-after.log,after,3,aztable,4,stream,lifecycle,QueryEntities,GET,200,false,false,228
live-paired,live-round4-after.log,after,4,aztable,4,duplex,workload,AddEntity,POST,204,false,false,520
live-paired,live-round4-after.log,after,4,aztable,4,duplex,workload,DeleteEntity,DELETE,204,false,false,4
live-paired,live-round4-after.log,after,4,aztable,4,duplex,workload,QueryEntities,GET,200,false,false,819
live-paired,live-round4-after.log,after,4,aztable,4,duplex,lifecycle,AddEntity,POST,201,false,false,8
live-paired,live-round4-after.log,after,4,aztable,4,duplex,lifecycle,AddEntity,POST,204,false,false,520
live-paired,live-round4-after.log,after,4,aztable,4,duplex,lifecycle,CreateTable,POST,201,false,false,10
live-paired,live-round4-after.log,after,4,aztable,4,duplex,lifecycle,DeleteEntity,DELETE,204,false,false,8
live-paired,live-round4-after.log,after,4,aztable,4,duplex,lifecycle,DeleteTable,DELETE,204,false,false,10
live-paired,live-round4-after.log,after,4,aztable,4,duplex,lifecycle,GetEntity,GET,200,false,false,4
live-paired,live-round4-after.log,after,4,aztable,4,duplex,lifecycle,GetEntity,GET,404,false,true,16
live-paired,live-round4-after.log,after,4,aztable,4,duplex,lifecycle,QueryEntities,GET,200,false,false,827
live-paired,live-round4-before.log,before,1,aztable,1,stream,workload,AddEntity,POST,201,false,false,65
live-paired,live-round4-before.log,before,1,aztable,1,stream,workload,DeleteEntity,DELETE,204,false,false,1
live-paired,live-round4-before.log,before,1,aztable,1,stream,workload,QueryEntities,GET,200,false,false,112
live-paired,live-round4-before.log,before,1,aztable,1,stream,lifecycle,AddEntity,POST,201,false,false,67
live-paired,live-round4-before.log,before,1,aztable,1,stream,lifecycle,CreateTable,POST,201,false,false,4
live-paired,live-round4-before.log,before,1,aztable,1,stream,lifecycle,DeleteEntity,DELETE,204,false,false,2
live-paired,live-round4-before.log,before,1,aztable,1,stream,lifecycle,DeleteTable,DELETE,204,false,false,4
live-paired,live-round4-before.log,before,1,aztable,1,stream,lifecycle,GetEntity,GET,200,false,false,1
live-paired,live-round4-before.log,before,1,aztable,1,stream,lifecycle,GetEntity,GET,404,false,true,4
live-paired,live-round4-before.log,before,1,aztable,1,stream,lifecycle,QueryEntities,GET,200,false,false,114
live-paired,live-round4-before.log,before,2,aztable,1,duplex,workload,AddEntity,POST,201,false,false,130
live-paired,live-round4-before.log,before,2,aztable,1,duplex,workload,DeleteEntity,DELETE,204,false,false,1
live-paired,live-round4-before.log,before,2,aztable,1,duplex,workload,QueryEntities,GET,200,false,false,249
live-paired,live-round4-before.log,before,2,aztable,1,duplex,lifecycle,AddEntity,POST,201,false,false,132
live-paired,live-round4-before.log,before,2,aztable,1,duplex,lifecycle,CreateTable,POST,201,false,false,4
live-paired,live-round4-before.log,before,2,aztable,1,duplex,lifecycle,DeleteEntity,DELETE,204,false,false,2
live-paired,live-round4-before.log,before,2,aztable,1,duplex,lifecycle,DeleteTable,DELETE,204,false,false,4
live-paired,live-round4-before.log,before,2,aztable,1,duplex,lifecycle,GetEntity,GET,200,false,false,1
live-paired,live-round4-before.log,before,2,aztable,1,duplex,lifecycle,GetEntity,GET,404,false,true,4
live-paired,live-round4-before.log,before,2,aztable,1,duplex,lifecycle,QueryEntities,GET,200,false,false,251
live-paired,live-round4-before.log,before,3,aztable,4,stream,workload,AddEntity,POST,201,false,false,260
live-paired,live-round4-before.log,before,3,aztable,4,stream,workload,DeleteEntity,DELETE,204,false,false,4
live-paired,live-round4-before.log,before,3,aztable,4,stream,workload,QueryEntities,GET,200,false,false,501
live-paired,live-round4-before.log,before,3,aztable,4,stream,lifecycle,AddEntity,POST,201,false,false,268
live-paired,live-round4-before.log,before,3,aztable,4,stream,lifecycle,CreateTable,POST,201,false,false,10
live-paired,live-round4-before.log,before,3,aztable,4,stream,lifecycle,DeleteEntity,DELETE,204,false,false,8
live-paired,live-round4-before.log,before,3,aztable,4,stream,lifecycle,DeleteTable,DELETE,204,false,false,10
live-paired,live-round4-before.log,before,3,aztable,4,stream,lifecycle,GetEntity,GET,200,false,false,4
live-paired,live-round4-before.log,before,3,aztable,4,stream,lifecycle,GetEntity,GET,404,false,true,15
live-paired,live-round4-before.log,before,3,aztable,4,stream,lifecycle,QueryEntities,GET,200,false,false,510
live-paired,live-round4-before.log,before,4,aztable,4,duplex,workload,AddEntity,POST,201,false,false,520
live-paired,live-round4-before.log,before,4,aztable,4,duplex,workload,DeleteEntity,DELETE,204,false,false,4
live-paired,live-round4-before.log,before,4,aztable,4,duplex,workload,QueryEntities,GET,200,false,false,938
live-paired,live-round4-before.log,before,4,aztable,4,duplex,lifecycle,AddEntity,POST,201,false,false,528
live-paired,live-round4-before.log,before,4,aztable,4,duplex,lifecycle,CreateTable,POST,201,false,false,10
live-paired,live-round4-before.log,before,4,aztable,4,duplex,lifecycle,DeleteEntity,DELETE,204,false,false,8
live-paired,live-round4-before.log,before,4,aztable,4,duplex,lifecycle,DeleteTable,DELETE,204,false,false,10
live-paired,live-round4-before.log,before,4,aztable,4,duplex,lifecycle,GetEntity,GET,200,false,false,4
live-paired,live-round4-before.log,before,4,aztable,4,duplex,lifecycle,GetEntity,GET,404,false,true,16
live-paired,live-round4-before.log,before,4,aztable,4,duplex,lifecycle,QueryEntities,GET,200,false,false,947
live-paired,live-round5-after.log,after,1,aztable,1,stream,workload,AddEntity,POST,204,false,false,65
live-paired,live-round5-after.log,after,1,aztable,1,stream,workload,DeleteEntity,DELETE,204,false,false,1
live-paired,live-round5-after.log,after,1,aztable,1,stream,workload,QueryEntities,GET,200,false,false,45
live-paired,live-round5-after.log,after,1,aztable,1,stream,lifecycle,AddEntity,POST,201,false,false,2
live-paired,live-round5-after.log,after,1,aztable,1,stream,lifecycle,AddEntity,POST,204,false,false,65
live-paired,live-round5-after.log,after,1,aztable,1,stream,lifecycle,CreateTable,POST,201,false,false,4
live-paired,live-round5-after.log,after,1,aztable,1,stream,lifecycle,DeleteEntity,DELETE,204,false,false,2
live-paired,live-round5-after.log,after,1,aztable,1,stream,lifecycle,DeleteTable,DELETE,204,false,false,4
live-paired,live-round5-after.log,after,1,aztable,1,stream,lifecycle,GetEntity,GET,200,false,false,1
live-paired,live-round5-after.log,after,1,aztable,1,stream,lifecycle,GetEntity,GET,404,false,true,4
live-paired,live-round5-after.log,after,1,aztable,1,stream,lifecycle,QueryEntities,GET,200,false,false,47
live-paired,live-round5-after.log,after,2,aztable,1,duplex,workload,AddEntity,POST,204,false,false,130
live-paired,live-round5-after.log,after,2,aztable,1,duplex,workload,DeleteEntity,DELETE,204,false,false,1
live-paired,live-round5-after.log,after,2,aztable,1,duplex,workload,QueryEntities,GET,200,false,false,94
live-paired,live-round5-after.log,after,2,aztable,1,duplex,lifecycle,AddEntity,POST,201,false,false,2
live-paired,live-round5-after.log,after,2,aztable,1,duplex,lifecycle,AddEntity,POST,204,false,false,130
live-paired,live-round5-after.log,after,2,aztable,1,duplex,lifecycle,CreateTable,POST,201,false,false,4
live-paired,live-round5-after.log,after,2,aztable,1,duplex,lifecycle,DeleteEntity,DELETE,204,false,false,2
live-paired,live-round5-after.log,after,2,aztable,1,duplex,lifecycle,DeleteTable,DELETE,204,false,false,4
live-paired,live-round5-after.log,after,2,aztable,1,duplex,lifecycle,GetEntity,GET,200,false,false,1
live-paired,live-round5-after.log,after,2,aztable,1,duplex,lifecycle,GetEntity,GET,404,false,true,4
live-paired,live-round5-after.log,after,2,aztable,1,duplex,lifecycle,QueryEntities,GET,200,false,false,96
live-paired,live-round5-after.log,after,3,aztable,4,stream,workload,AddEntity,POST,204,false,false,260
live-paired,live-round5-after.log,after,3,aztable,4,stream,workload,DeleteEntity,DELETE,204,false,false,4
live-paired,live-round5-after.log,after,3,aztable,4,stream,workload,QueryEntities,GET,200,false,false,205
live-paired,live-round5-after.log,after,3,aztable,4,stream,lifecycle,AddEntity,POST,201,false,false,8
live-paired,live-round5-after.log,after,3,aztable,4,stream,lifecycle,AddEntity,POST,204,false,false,260
live-paired,live-round5-after.log,after,3,aztable,4,stream,lifecycle,CreateTable,POST,201,false,false,10
live-paired,live-round5-after.log,after,3,aztable,4,stream,lifecycle,DeleteEntity,DELETE,204,false,false,8
live-paired,live-round5-after.log,after,3,aztable,4,stream,lifecycle,DeleteTable,DELETE,204,false,false,10
live-paired,live-round5-after.log,after,3,aztable,4,stream,lifecycle,GetEntity,GET,200,false,false,4
live-paired,live-round5-after.log,after,3,aztable,4,stream,lifecycle,GetEntity,GET,404,false,true,14
live-paired,live-round5-after.log,after,3,aztable,4,stream,lifecycle,QueryEntities,GET,200,false,false,213
live-paired,live-round5-after.log,after,4,aztable,4,duplex,workload,AddEntity,POST,204,false,false,520
live-paired,live-round5-after.log,after,4,aztable,4,duplex,workload,DeleteEntity,DELETE,204,false,false,4
live-paired,live-round5-after.log,after,4,aztable,4,duplex,workload,QueryEntities,GET,200,false,false,380
live-paired,live-round5-after.log,after,4,aztable,4,duplex,lifecycle,AddEntity,POST,201,false,false,8
live-paired,live-round5-after.log,after,4,aztable,4,duplex,lifecycle,AddEntity,POST,204,false,false,520
live-paired,live-round5-after.log,after,4,aztable,4,duplex,lifecycle,CreateTable,POST,201,false,false,10
live-paired,live-round5-after.log,after,4,aztable,4,duplex,lifecycle,DeleteEntity,DELETE,204,false,false,8
live-paired,live-round5-after.log,after,4,aztable,4,duplex,lifecycle,DeleteTable,DELETE,204,false,false,10
live-paired,live-round5-after.log,after,4,aztable,4,duplex,lifecycle,GetEntity,GET,200,false,false,4
live-paired,live-round5-after.log,after,4,aztable,4,duplex,lifecycle,GetEntity,GET,404,false,true,17
live-paired,live-round5-after.log,after,4,aztable,4,duplex,lifecycle,QueryEntities,GET,200,false,false,388
live-paired,live-round5-before.log,before,1,aztable,1,stream,workload,AddEntity,POST,201,false,false,65
live-paired,live-round5-before.log,before,1,aztable,1,stream,workload,DeleteEntity,DELETE,204,false,false,1
live-paired,live-round5-before.log,before,1,aztable,1,stream,workload,QueryEntities,GET,200,false,false,130
live-paired,live-round5-before.log,before,1,aztable,1,stream,lifecycle,AddEntity,POST,201,false,false,67
live-paired,live-round5-before.log,before,1,aztable,1,stream,lifecycle,CreateTable,POST,201,false,false,4
live-paired,live-round5-before.log,before,1,aztable,1,stream,lifecycle,DeleteEntity,DELETE,204,false,false,2
live-paired,live-round5-before.log,before,1,aztable,1,stream,lifecycle,DeleteTable,DELETE,204,false,false,4
live-paired,live-round5-before.log,before,1,aztable,1,stream,lifecycle,GetEntity,GET,200,false,false,1
live-paired,live-round5-before.log,before,1,aztable,1,stream,lifecycle,GetEntity,GET,404,false,true,3
live-paired,live-round5-before.log,before,1,aztable,1,stream,lifecycle,QueryEntities,GET,200,false,false,132
live-paired,live-round5-before.log,before,2,aztable,1,duplex,workload,AddEntity,POST,201,false,false,130
live-paired,live-round5-before.log,before,2,aztable,1,duplex,workload,DeleteEntity,DELETE,204,false,false,1
live-paired,live-round5-before.log,before,2,aztable,1,duplex,workload,QueryEntities,GET,200,false,false,388
live-paired,live-round5-before.log,before,2,aztable,1,duplex,lifecycle,AddEntity,POST,201,false,false,132
live-paired,live-round5-before.log,before,2,aztable,1,duplex,lifecycle,CreateTable,POST,201,false,false,4
live-paired,live-round5-before.log,before,2,aztable,1,duplex,lifecycle,DeleteEntity,DELETE,204,false,false,2
live-paired,live-round5-before.log,before,2,aztable,1,duplex,lifecycle,DeleteTable,DELETE,204,false,false,4
live-paired,live-round5-before.log,before,2,aztable,1,duplex,lifecycle,GetEntity,GET,200,false,false,1
live-paired,live-round5-before.log,before,2,aztable,1,duplex,lifecycle,GetEntity,GET,404,false,true,4
live-paired,live-round5-before.log,before,2,aztable,1,duplex,lifecycle,QueryEntities,GET,200,false,false,390
live-paired,live-round5-before.log,before,3,aztable,4,stream,workload,AddEntity,POST,201,false,false,260
live-paired,live-round5-before.log,before,3,aztable,4,stream,workload,DeleteEntity,DELETE,204,false,false,4
live-paired,live-round5-before.log,before,3,aztable,4,stream,workload,QueryEntities,GET,200,false,false,919
live-paired,live-round5-before.log,before,3,aztable,4,stream,lifecycle,AddEntity,POST,201,false,false,268
live-paired,live-round5-before.log,before,3,aztable,4,stream,lifecycle,CreateTable,POST,201,false,false,10
live-paired,live-round5-before.log,before,3,aztable,4,stream,lifecycle,DeleteEntity,DELETE,204,false,false,8
live-paired,live-round5-before.log,before,3,aztable,4,stream,lifecycle,DeleteTable,DELETE,204,false,false,10
live-paired,live-round5-before.log,before,3,aztable,4,stream,lifecycle,GetEntity,GET,200,false,false,4
live-paired,live-round5-before.log,before,3,aztable,4,stream,lifecycle,GetEntity,GET,404,false,true,17
live-paired,live-round5-before.log,before,3,aztable,4,stream,lifecycle,QueryEntities,GET,200,false,false,927
live-paired,live-round5-before.log,before,4,aztable,4,duplex,workload,AddEntity,POST,201,false,false,520
live-paired,live-round5-before.log,before,4,aztable,4,duplex,workload,DeleteEntity,DELETE,204,false,false,4
live-paired,live-round5-before.log,before,4,aztable,4,duplex,workload,QueryEntities,GET,200,false,false,919
live-paired,live-round5-before.log,before,4,aztable,4,duplex,lifecycle,AddEntity,POST,201,false,false,528
live-paired,live-round5-before.log,before,4,aztable,4,duplex,lifecycle,CreateTable,POST,201,false,false,10
live-paired,live-round5-before.log,before,4,aztable,4,duplex,lifecycle,DeleteEntity,DELETE,204,false,false,8
live-paired,live-round5-before.log,before,4,aztable,4,duplex,lifecycle,DeleteTable,DELETE,204,false,false,10
live-paired,live-round5-before.log,before,4,aztable,4,duplex,lifecycle,GetEntity,GET,200,false,false,4
live-paired,live-round5-before.log,before,4,aztable,4,duplex,lifecycle,GetEntity,GET,404,false,true,19
live-paired,live-round5-before.log,before,4,aztable,4,duplex,lifecycle,QueryEntities,GET,200,false,false,927
local-concurrency,stream-baseline-all.log,before,1,azblob,1,stream,workload,AppendBlock,PUT,201,false,false,129
local-concurrency,stream-baseline-all.log,before,1,azblob,1,stream,workload,DeleteBlob,DELETE,202,false,false,1
local-concurrency,stream-baseline-all.log,before,1,azblob,1,stream,workload,DownloadBlob,GET,206,false,false,251
local-concurrency,stream-baseline-all.log,before,1,azblob,1,stream,workload,DownloadBlob,GET,416,false,true,2
local-concurrency,stream-baseline-all.log,before,1,azblob,1,stream,lifecycle,AppendBlock,PUT,201,false,false,129
local-concurrency,stream-baseline-all.log,before,1,azblob,1,stream,lifecycle,CreateContainer,PUT,201,false,false,3
local-concurrency,stream-baseline-all.log,before,1,azblob,1,stream,lifecycle,DeleteBlob,DELETE,202,false,false,2
local-concurrency,stream-baseline-all.log,before,1,azblob,1,stream,lifecycle,DeleteContainer,DELETE,202,false,false,3
local-concurrency,stream-baseline-all.log,before,1,azblob,1,stream,lifecycle,DownloadBlob,GET,200,false,false,1
local-concurrency,stream-baseline-all.log,before,1,azblob,1,stream,lifecycle,DownloadBlob,GET,206,false,false,251
local-concurrency,stream-baseline-all.log,before,1,azblob,1,stream,lifecycle,DownloadBlob,GET,404,false,true,2
local-concurrency,stream-baseline-all.log,before,1,azblob,1,stream,lifecycle,DownloadBlob,GET,416,false,true,2
local-concurrency,stream-baseline-all.log,before,1,azblob,1,stream,lifecycle,ListBlobs,GET,200,false,false,3
local-concurrency,stream-baseline-all.log,before,1,azblob,1,stream,lifecycle,PutBlob,PUT,201,false,false,4
local-concurrency,stream-baseline-all.log,before,2,azblob,4,stream,workload,AppendBlock,PUT,201,false,false,516
local-concurrency,stream-baseline-all.log,before,2,azblob,4,stream,workload,DeleteBlob,DELETE,202,false,false,4
local-concurrency,stream-baseline-all.log,before,2,azblob,4,stream,workload,DownloadBlob,GET,206,false,false,545
local-concurrency,stream-baseline-all.log,before,2,azblob,4,stream,workload,DownloadBlob,GET,416,false,true,11
local-concurrency,stream-baseline-all.log,before,2,azblob,4,stream,lifecycle,AppendBlock,PUT,201,false,false,516
local-concurrency,stream-baseline-all.log,before,2,azblob,4,stream,lifecycle,CreateContainer,PUT,201,false,false,6
local-concurrency,stream-baseline-all.log,before,2,azblob,4,stream,lifecycle,DeleteBlob,DELETE,202,false,false,8
local-concurrency,stream-baseline-all.log,before,2,azblob,4,stream,lifecycle,DeleteContainer,DELETE,202,false,false,6
local-concurrency,stream-baseline-all.log,before,2,azblob,4,stream,lifecycle,DownloadBlob,GET,200,false,false,4
local-concurrency,stream-baseline-all.log,before,2,azblob,4,stream,lifecycle,DownloadBlob,GET,206,false,false,545
local-concurrency,stream-baseline-all.log,before,2,azblob,4,stream,lifecycle,DownloadBlob,GET,404,false,true,4
local-concurrency,stream-baseline-all.log,before,2,azblob,4,stream,lifecycle,DownloadBlob,GET,416,false,true,11
local-concurrency,stream-baseline-all.log,before,2,azblob,4,stream,lifecycle,ListBlobs,GET,200,false,false,10
local-concurrency,stream-baseline-all.log,before,2,azblob,4,stream,lifecycle,PutBlob,PUT,201,false,false,16
local-concurrency,stream-baseline-all.log,before,3,azblob,16,stream,workload,AppendBlock,PUT,201,false,false,2064
local-concurrency,stream-baseline-all.log,before,3,azblob,16,stream,workload,DeleteBlob,DELETE,202,false,false,16
local-concurrency,stream-baseline-all.log,before,3,azblob,16,stream,workload,DownloadBlob,GET,206,false,false,635
local-concurrency,stream-baseline-all.log,before,3,azblob,16,stream,workload,DownloadBlob,GET,416,false,true,22
local-concurrency,stream-baseline-all.log,before,3,azblob,16,stream,lifecycle,AppendBlock,PUT,201,false,false,2064
local-concurrency,stream-baseline-all.log,before,3,azblob,16,stream,lifecycle,CreateContainer,PUT,201,false,false,18
local-concurrency,stream-baseline-all.log,before,3,azblob,16,stream,lifecycle,DeleteBlob,DELETE,202,false,false,32
local-concurrency,stream-baseline-all.log,before,3,azblob,16,stream,lifecycle,DeleteContainer,DELETE,202,false,false,18
local-concurrency,stream-baseline-all.log,before,3,azblob,16,stream,lifecycle,DownloadBlob,GET,200,false,false,16
local-concurrency,stream-baseline-all.log,before,3,azblob,16,stream,lifecycle,DownloadBlob,GET,206,false,false,635
local-concurrency,stream-baseline-all.log,before,3,azblob,16,stream,lifecycle,DownloadBlob,GET,404,false,true,16
local-concurrency,stream-baseline-all.log,before,3,azblob,16,stream,lifecycle,DownloadBlob,GET,416,false,true,22
local-concurrency,stream-baseline-all.log,before,3,azblob,16,stream,lifecycle,ListBlobs,GET,200,false,false,43
local-concurrency,stream-baseline-all.log,before,3,azblob,16,stream,lifecycle,PutBlob,PUT,201,false,false,64
local-concurrency,stream-baseline-all.log,before,4,azqueue,1,stream,workload,DeleteMessage,DELETE,204,false,false,258
local-concurrency,stream-baseline-all.log,before,4,azqueue,1,stream,workload,DequeueMessages,GET,200,false,false,419
local-concurrency,stream-baseline-all.log,before,4,azqueue,1,stream,workload,EnqueueMessage,POST,201,false,false,257
local-concurrency,stream-baseline-all.log,before,4,azqueue,1,stream,lifecycle,CreateQueue,PUT,201,false,false,4
local-concurrency,stream-baseline-all.log,before,4,azqueue,1,stream,lifecycle,DeleteMessage,DELETE,204,false,false,259
local-concurrency,stream-baseline-all.log,before,4,azqueue,1,stream,lifecycle,DeleteQueue,DELETE,204,false,false,4
local-concurrency,stream-baseline-all.log,before,4,azqueue,1,stream,lifecycle,DequeueMessages,GET,200,false,false,423
local-concurrency,stream-baseline-all.log,before,4,azqueue,1,stream,lifecycle,EnqueueMessage,POST,201,false,false,259
local-concurrency,stream-baseline-all.log,before,4,azqueue,1,stream,lifecycle,PeekMessages,GET,200,false,false,2
local-concurrency,stream-baseline-all.log,before,5,azqueue,4,stream,workload,DeleteMessage,DELETE,204,false,false,1032
local-concurrency,stream-baseline-all.log,before,5,azqueue,4,stream,workload,DequeueMessages,GET,200,false,false,3805
local-concurrency,stream-baseline-all.log,before,5,azqueue,4,stream,workload,EnqueueMessage,POST,201,false,false,1028
local-concurrency,stream-baseline-all.log,before,5,azqueue,4,stream,lifecycle,CreateQueue,PUT,201,false,false,10
local-concurrency,stream-baseline-all.log,before,5,azqueue,4,stream,lifecycle,DeleteMessage,DELETE,204,false,false,1036
local-concurrency,stream-baseline-all.log,before,5,azqueue,4,stream,lifecycle,DeleteQueue,DELETE,204,false,false,10
local-concurrency,stream-baseline-all.log,before,5,azqueue,4,stream,lifecycle,DequeueMessages,GET,200,false,false,3817
local-concurrency,stream-baseline-all.log,before,5,azqueue,4,stream,lifecycle,EnqueueMessage,POST,201,false,false,1036
local-concurrency,stream-baseline-all.log,before,5,azqueue,4,stream,lifecycle,PeekMessages,GET,200,false,false,8
local-concurrency,stream-baseline-all.log,before,6,azqueue,16,stream,workload,DeleteMessage,DELETE,204,false,false,4128
local-concurrency,stream-baseline-all.log,before,6,azqueue,16,stream,workload,DequeueMessages,GET,200,false,false,29681
local-concurrency,stream-baseline-all.log,before,6,azqueue,16,stream,workload,EnqueueMessage,POST,201,false,false,4112
local-concurrency,stream-baseline-all.log,before,6,azqueue,16,stream,lifecycle,CreateQueue,PUT,201,false,false,34
local-concurrency,stream-baseline-all.log,before,6,azqueue,16,stream,lifecycle,DeleteMessage,DELETE,204,false,false,4144
local-concurrency,stream-baseline-all.log,before,6,azqueue,16,stream,lifecycle,DeleteQueue,DELETE,204,false,false,34
local-concurrency,stream-baseline-all.log,before,6,azqueue,16,stream,lifecycle,DequeueMessages,GET,200,false,false,29721
local-concurrency,stream-baseline-all.log,before,6,azqueue,16,stream,lifecycle,EnqueueMessage,POST,201,false,false,4144
local-concurrency,stream-baseline-all.log,before,6,azqueue,16,stream,lifecycle,PeekMessages,GET,200,false,false,32
local-concurrency,stream-baseline-all.log,before,7,aztable,1,stream,workload,AddEntity,POST,201,false,false,129
local-concurrency,stream-baseline-all.log,before,7,aztable,1,stream,workload,DeleteEntity,DELETE,204,false,false,1
local-concurrency,stream-baseline-all.log,before,7,aztable,1,stream,workload,QueryEntities,GET,200,false,false,45
local-concurrency,stream-baseline-all.log,before,7,aztable,1,stream,workload,SubmitTransaction,POST,202,false,false,1
local-concurrency,stream-baseline-all.log,before,7,aztable,1,stream,lifecycle,AddEntity,POST,201,false,false,131
local-concurrency,stream-baseline-all.log,before,7,aztable,1,stream,lifecycle,CreateTable,POST,201,false,false,4
local-concurrency,stream-baseline-all.log,before,7,aztable,1,stream,lifecycle,DeleteEntity,DELETE,204,false,false,2
local-concurrency,stream-baseline-all.log,before,7,aztable,1,stream,lifecycle,DeleteTable,DELETE,204,false,false,4
local-concurrency,stream-baseline-all.log,before,7,aztable,1,stream,lifecycle,GetEntity,GET,200,false,false,1
local-concurrency,stream-baseline-all.log,before,7,aztable,1,stream,lifecycle,GetEntity,GET,404,false,true,1
local-concurrency,stream-baseline-all.log,before,7,aztable,1,stream,lifecycle,QueryEntities,GET,200,false,false,47
local-concurrency,stream-baseline-all.log,before,7,aztable,1,stream,lifecycle,SubmitTransaction,POST,202,false,false,1
local-concurrency,stream-baseline-all.log,before,8,aztable,4,stream,workload,AddEntity,POST,201,false,false,516
local-concurrency,stream-baseline-all.log,before,8,aztable,4,stream,workload,DeleteEntity,DELETE,204,false,false,4
local-concurrency,stream-baseline-all.log,before,8,aztable,4,stream,workload,QueryEntities,GET,200,false,false,435
local-concurrency,stream-baseline-all.log,before,8,aztable,4,stream,workload,SubmitTransaction,POST,202,false,false,4
local-concurrency,stream-baseline-all.log,before,8,aztable,4,stream,lifecycle,AddEntity,POST,201,false,false,524
local-concurrency,stream-baseline-all.log,before,8,aztable,4,stream,lifecycle,CreateTable,POST,201,false,false,10
local-concurrency,stream-baseline-all.log,before,8,aztable,4,stream,lifecycle,DeleteEntity,DELETE,204,false,false,8
local-concurrency,stream-baseline-all.log,before,8,aztable,4,stream,lifecycle,DeleteTable,DELETE,204,false,false,10
local-concurrency,stream-baseline-all.log,before,8,aztable,4,stream,lifecycle,GetEntity,GET,200,false,false,4
local-concurrency,stream-baseline-all.log,before,8,aztable,4,stream,lifecycle,GetEntity,GET,404,false,true,4
local-concurrency,stream-baseline-all.log,before,8,aztable,4,stream,lifecycle,QueryEntities,GET,200,false,false,443
local-concurrency,stream-baseline-all.log,before,8,aztable,4,stream,lifecycle,SubmitTransaction,POST,202,false,false,4
local-concurrency,stream-baseline-all.log,before,9,aztable,16,stream,workload,AddEntity,POST,201,false,false,2064
local-concurrency,stream-baseline-all.log,before,9,aztable,16,stream,workload,DeleteEntity,DELETE,204,false,false,16
local-concurrency,stream-baseline-all.log,before,9,aztable,16,stream,workload,QueryEntities,GET,200,false,false,2200
local-concurrency,stream-baseline-all.log,before,9,aztable,16,stream,workload,SubmitTransaction,POST,202,false,false,16
local-concurrency,stream-baseline-all.log,before,9,aztable,16,stream,lifecycle,AddEntity,POST,201,false,false,2096
local-concurrency,stream-baseline-all.log,before,9,aztable,16,stream,lifecycle,CreateTable,POST,201,false,false,34
local-concurrency,stream-baseline-all.log,before,9,aztable,16,stream,lifecycle,DeleteEntity,DELETE,204,false,false,32
local-concurrency,stream-baseline-all.log,before,9,aztable,16,stream,lifecycle,DeleteTable,DELETE,204,false,false,34
local-concurrency,stream-baseline-all.log,before,9,aztable,16,stream,lifecycle,GetEntity,GET,200,false,false,16
local-concurrency,stream-baseline-all.log,before,9,aztable,16,stream,lifecycle,GetEntity,GET,404,false,true,16
local-concurrency,stream-baseline-all.log,before,9,aztable,16,stream,lifecycle,QueryEntities,GET,200,false,false,2232
local-concurrency,stream-baseline-all.log,before,9,aztable,16,stream,lifecycle,SubmitTransaction,POST,202,false,false,16
local-latency,latency1-after.log,after,1,aztable,1,interactive,workload,AddEntity,POST,204,false,false,32
local-latency,latency1-after.log,after,1,aztable,1,interactive,workload,DeleteEntity,DELETE,204,false,false,1
local-latency,latency1-after.log,after,1,aztable,1,interactive,workload,QueryEntities,GET,200,false,false,32
local-latency,latency1-after.log,after,1,aztable,1,interactive,lifecycle,AddEntity,POST,201,false,false,2
local-latency,latency1-after.log,after,1,aztable,1,interactive,lifecycle,AddEntity,POST,204,false,false,33
local-latency,latency1-after.log,after,1,aztable,1,interactive,lifecycle,CreateTable,POST,201,false,false,4
local-latency,latency1-after.log,after,1,aztable,1,interactive,lifecycle,DeleteEntity,DELETE,204,false,false,2
local-latency,latency1-after.log,after,1,aztable,1,interactive,lifecycle,DeleteTable,DELETE,204,false,false,4
local-latency,latency1-after.log,after,1,aztable,1,interactive,lifecycle,GetEntity,GET,200,false,false,1
local-latency,latency1-after.log,after,1,aztable,1,interactive,lifecycle,GetEntity,GET,404,false,true,1
local-latency,latency1-after.log,after,1,aztable,1,interactive,lifecycle,QueryEntities,GET,200,false,false,34
local-latency,latency1-after.log,after,2,aztable,1,interactive,workload,AddEntity,POST,204,false,false,32
local-latency,latency1-after.log,after,2,aztable,1,interactive,workload,DeleteEntity,DELETE,204,false,false,1
local-latency,latency1-after.log,after,2,aztable,1,interactive,workload,QueryEntities,GET,200,false,false,32
local-latency,latency1-after.log,after,2,aztable,1,interactive,lifecycle,AddEntity,POST,201,false,false,2
local-latency,latency1-after.log,after,2,aztable,1,interactive,lifecycle,AddEntity,POST,204,false,false,33
local-latency,latency1-after.log,after,2,aztable,1,interactive,lifecycle,CreateTable,POST,201,false,false,4
local-latency,latency1-after.log,after,2,aztable,1,interactive,lifecycle,DeleteEntity,DELETE,204,false,false,2
local-latency,latency1-after.log,after,2,aztable,1,interactive,lifecycle,DeleteTable,DELETE,204,false,false,4
local-latency,latency1-after.log,after,2,aztable,1,interactive,lifecycle,GetEntity,GET,200,false,false,1
local-latency,latency1-after.log,after,2,aztable,1,interactive,lifecycle,GetEntity,GET,404,false,true,1
local-latency,latency1-after.log,after,2,aztable,1,interactive,lifecycle,QueryEntities,GET,200,false,false,34
local-latency,latency1-after.log,after,3,aztable,1,interactive,workload,AddEntity,POST,204,false,false,32
local-latency,latency1-after.log,after,3,aztable,1,interactive,workload,DeleteEntity,DELETE,204,false,false,1
local-latency,latency1-after.log,after,3,aztable,1,interactive,workload,QueryEntities,GET,200,false,false,32
local-latency,latency1-after.log,after,3,aztable,1,interactive,lifecycle,AddEntity,POST,201,false,false,2
local-latency,latency1-after.log,after,3,aztable,1,interactive,lifecycle,AddEntity,POST,204,false,false,33
local-latency,latency1-after.log,after,3,aztable,1,interactive,lifecycle,CreateTable,POST,201,false,false,4
local-latency,latency1-after.log,after,3,aztable,1,interactive,lifecycle,DeleteEntity,DELETE,204,false,false,2
local-latency,latency1-after.log,after,3,aztable,1,interactive,lifecycle,DeleteTable,DELETE,204,false,false,4
local-latency,latency1-after.log,after,3,aztable,1,interactive,lifecycle,GetEntity,GET,200,false,false,1
local-latency,latency1-after.log,after,3,aztable,1,interactive,lifecycle,GetEntity,GET,404,false,true,1
local-latency,latency1-after.log,after,3,aztable,1,interactive,lifecycle,QueryEntities,GET,200,false,false,34
local-latency,latency1-after.log,after,4,aztable,1,interactive,workload,AddEntity,POST,204,false,false,32
local-latency,latency1-after.log,after,4,aztable,1,interactive,workload,DeleteEntity,DELETE,204,false,false,1
local-latency,latency1-after.log,after,4,aztable,1,interactive,workload,QueryEntities,GET,200,false,false,32
local-latency,latency1-after.log,after,4,aztable,1,interactive,lifecycle,AddEntity,POST,201,false,false,2
local-latency,latency1-after.log,after,4,aztable,1,interactive,lifecycle,AddEntity,POST,204,false,false,33
local-latency,latency1-after.log,after,4,aztable,1,interactive,lifecycle,CreateTable,POST,201,false,false,4
local-latency,latency1-after.log,after,4,aztable,1,interactive,lifecycle,DeleteEntity,DELETE,204,false,false,2
local-latency,latency1-after.log,after,4,aztable,1,interactive,lifecycle,DeleteTable,DELETE,204,false,false,4
local-latency,latency1-after.log,after,4,aztable,1,interactive,lifecycle,GetEntity,GET,200,false,false,1
local-latency,latency1-after.log,after,4,aztable,1,interactive,lifecycle,GetEntity,GET,404,false,true,1
local-latency,latency1-after.log,after,4,aztable,1,interactive,lifecycle,QueryEntities,GET,200,false,false,34
local-latency,latency1-after.log,after,5,aztable,1,interactive,workload,AddEntity,POST,204,false,false,32
local-latency,latency1-after.log,after,5,aztable,1,interactive,workload,DeleteEntity,DELETE,204,false,false,1
local-latency,latency1-after.log,after,5,aztable,1,interactive,workload,QueryEntities,GET,200,false,false,32
local-latency,latency1-after.log,after,5,aztable,1,interactive,lifecycle,AddEntity,POST,201,false,false,2
local-latency,latency1-after.log,after,5,aztable,1,interactive,lifecycle,AddEntity,POST,204,false,false,33
local-latency,latency1-after.log,after,5,aztable,1,interactive,lifecycle,CreateTable,POST,201,false,false,4
local-latency,latency1-after.log,after,5,aztable,1,interactive,lifecycle,DeleteEntity,DELETE,204,false,false,2
local-latency,latency1-after.log,after,5,aztable,1,interactive,lifecycle,DeleteTable,DELETE,204,false,false,4
local-latency,latency1-after.log,after,5,aztable,1,interactive,lifecycle,GetEntity,GET,200,false,false,1
local-latency,latency1-after.log,after,5,aztable,1,interactive,lifecycle,GetEntity,GET,404,false,true,1
local-latency,latency1-after.log,after,5,aztable,1,interactive,lifecycle,QueryEntities,GET,200,false,false,34
local-latency,latency1-after.log,after,6,aztable,1,interactive,workload,AddEntity,POST,204,false,false,32
local-latency,latency1-after.log,after,6,aztable,1,interactive,workload,DeleteEntity,DELETE,204,false,false,1
local-latency,latency1-after.log,after,6,aztable,1,interactive,workload,QueryEntities,GET,200,false,false,32
local-latency,latency1-after.log,after,6,aztable,1,interactive,lifecycle,AddEntity,POST,201,false,false,2
local-latency,latency1-after.log,after,6,aztable,1,interactive,lifecycle,AddEntity,POST,204,false,false,33
local-latency,latency1-after.log,after,6,aztable,1,interactive,lifecycle,CreateTable,POST,201,false,false,4
local-latency,latency1-after.log,after,6,aztable,1,interactive,lifecycle,DeleteEntity,DELETE,204,false,false,2
local-latency,latency1-after.log,after,6,aztable,1,interactive,lifecycle,DeleteTable,DELETE,204,false,false,4
local-latency,latency1-after.log,after,6,aztable,1,interactive,lifecycle,GetEntity,GET,200,false,false,1
local-latency,latency1-after.log,after,6,aztable,1,interactive,lifecycle,GetEntity,GET,404,false,true,1
local-latency,latency1-after.log,after,6,aztable,1,interactive,lifecycle,QueryEntities,GET,200,false,false,34
local-latency,latency1-after.log,after,7,aztable,1,interactive,workload,AddEntity,POST,204,false,false,32
local-latency,latency1-after.log,after,7,aztable,1,interactive,workload,DeleteEntity,DELETE,204,false,false,1
local-latency,latency1-after.log,after,7,aztable,1,interactive,workload,QueryEntities,GET,200,false,false,32
local-latency,latency1-after.log,after,7,aztable,1,interactive,lifecycle,AddEntity,POST,201,false,false,2
local-latency,latency1-after.log,after,7,aztable,1,interactive,lifecycle,AddEntity,POST,204,false,false,33
local-latency,latency1-after.log,after,7,aztable,1,interactive,lifecycle,CreateTable,POST,201,false,false,4
local-latency,latency1-after.log,after,7,aztable,1,interactive,lifecycle,DeleteEntity,DELETE,204,false,false,2
local-latency,latency1-after.log,after,7,aztable,1,interactive,lifecycle,DeleteTable,DELETE,204,false,false,4
local-latency,latency1-after.log,after,7,aztable,1,interactive,lifecycle,GetEntity,GET,200,false,false,1
local-latency,latency1-after.log,after,7,aztable,1,interactive,lifecycle,GetEntity,GET,404,false,true,1
local-latency,latency1-after.log,after,7,aztable,1,interactive,lifecycle,QueryEntities,GET,200,false,false,34
local-latency,latency1-after.log,after,8,aztable,1,interactive,workload,AddEntity,POST,204,false,false,32
local-latency,latency1-after.log,after,8,aztable,1,interactive,workload,DeleteEntity,DELETE,204,false,false,1
local-latency,latency1-after.log,after,8,aztable,1,interactive,workload,QueryEntities,GET,200,false,false,32
local-latency,latency1-after.log,after,8,aztable,1,interactive,lifecycle,AddEntity,POST,201,false,false,2
local-latency,latency1-after.log,after,8,aztable,1,interactive,lifecycle,AddEntity,POST,204,false,false,33
local-latency,latency1-after.log,after,8,aztable,1,interactive,lifecycle,CreateTable,POST,201,false,false,4
local-latency,latency1-after.log,after,8,aztable,1,interactive,lifecycle,DeleteEntity,DELETE,204,false,false,2
local-latency,latency1-after.log,after,8,aztable,1,interactive,lifecycle,DeleteTable,DELETE,204,false,false,4
local-latency,latency1-after.log,after,8,aztable,1,interactive,lifecycle,GetEntity,GET,200,false,false,1
local-latency,latency1-after.log,after,8,aztable,1,interactive,lifecycle,GetEntity,GET,404,false,true,1
local-latency,latency1-after.log,after,8,aztable,1,interactive,lifecycle,QueryEntities,GET,200,false,false,34
local-latency,latency1-after.log,after,9,aztable,1,interactive,workload,AddEntity,POST,204,false,false,32
local-latency,latency1-after.log,after,9,aztable,1,interactive,workload,DeleteEntity,DELETE,204,false,false,1
local-latency,latency1-after.log,after,9,aztable,1,interactive,workload,QueryEntities,GET,200,false,false,32
local-latency,latency1-after.log,after,9,aztable,1,interactive,lifecycle,AddEntity,POST,201,false,false,2
local-latency,latency1-after.log,after,9,aztable,1,interactive,lifecycle,AddEntity,POST,204,false,false,33
local-latency,latency1-after.log,after,9,aztable,1,interactive,lifecycle,CreateTable,POST,201,false,false,4
local-latency,latency1-after.log,after,9,aztable,1,interactive,lifecycle,DeleteEntity,DELETE,204,false,false,2
local-latency,latency1-after.log,after,9,aztable,1,interactive,lifecycle,DeleteTable,DELETE,204,false,false,4
local-latency,latency1-after.log,after,9,aztable,1,interactive,lifecycle,GetEntity,GET,200,false,false,1
local-latency,latency1-after.log,after,9,aztable,1,interactive,lifecycle,GetEntity,GET,404,false,true,1
local-latency,latency1-after.log,after,9,aztable,1,interactive,lifecycle,QueryEntities,GET,200,false,false,34
local-latency,latency1-after.log,after,10,aztable,1,interactive,workload,AddEntity,POST,204,false,false,32
local-latency,latency1-after.log,after,10,aztable,1,interactive,workload,DeleteEntity,DELETE,204,false,false,1
local-latency,latency1-after.log,after,10,aztable,1,interactive,workload,QueryEntities,GET,200,false,false,32
local-latency,latency1-after.log,after,10,aztable,1,interactive,lifecycle,AddEntity,POST,201,false,false,2
local-latency,latency1-after.log,after,10,aztable,1,interactive,lifecycle,AddEntity,POST,204,false,false,33
local-latency,latency1-after.log,after,10,aztable,1,interactive,lifecycle,CreateTable,POST,201,false,false,4
local-latency,latency1-after.log,after,10,aztable,1,interactive,lifecycle,DeleteEntity,DELETE,204,false,false,2
local-latency,latency1-after.log,after,10,aztable,1,interactive,lifecycle,DeleteTable,DELETE,204,false,false,4
local-latency,latency1-after.log,after,10,aztable,1,interactive,lifecycle,GetEntity,GET,200,false,false,1
local-latency,latency1-after.log,after,10,aztable,1,interactive,lifecycle,GetEntity,GET,404,false,true,1
local-latency,latency1-after.log,after,10,aztable,1,interactive,lifecycle,QueryEntities,GET,200,false,false,34
local-latency,latency1-before.log,before,1,aztable,1,interactive,workload,AddEntity,POST,201,false,false,32
local-latency,latency1-before.log,before,1,aztable,1,interactive,workload,DeleteEntity,DELETE,204,false,false,1
local-latency,latency1-before.log,before,1,aztable,1,interactive,workload,QueryEntities,GET,200,false,false,32
local-latency,latency1-before.log,before,1,aztable,1,interactive,lifecycle,AddEntity,POST,201,false,false,35
local-latency,latency1-before.log,before,1,aztable,1,interactive,lifecycle,CreateTable,POST,201,false,false,4
local-latency,latency1-before.log,before,1,aztable,1,interactive,lifecycle,DeleteEntity,DELETE,204,false,false,2
local-latency,latency1-before.log,before,1,aztable,1,interactive,lifecycle,DeleteTable,DELETE,204,false,false,4
local-latency,latency1-before.log,before,1,aztable,1,interactive,lifecycle,GetEntity,GET,200,false,false,1
local-latency,latency1-before.log,before,1,aztable,1,interactive,lifecycle,GetEntity,GET,404,false,true,1
local-latency,latency1-before.log,before,1,aztable,1,interactive,lifecycle,QueryEntities,GET,200,false,false,34
local-latency,latency1-before.log,before,2,aztable,1,interactive,workload,AddEntity,POST,201,false,false,32
local-latency,latency1-before.log,before,2,aztable,1,interactive,workload,DeleteEntity,DELETE,204,false,false,1
local-latency,latency1-before.log,before,2,aztable,1,interactive,workload,QueryEntities,GET,200,false,false,32
local-latency,latency1-before.log,before,2,aztable,1,interactive,lifecycle,AddEntity,POST,201,false,false,35
local-latency,latency1-before.log,before,2,aztable,1,interactive,lifecycle,CreateTable,POST,201,false,false,4
local-latency,latency1-before.log,before,2,aztable,1,interactive,lifecycle,DeleteEntity,DELETE,204,false,false,2
local-latency,latency1-before.log,before,2,aztable,1,interactive,lifecycle,DeleteTable,DELETE,204,false,false,4
local-latency,latency1-before.log,before,2,aztable,1,interactive,lifecycle,GetEntity,GET,200,false,false,1
local-latency,latency1-before.log,before,2,aztable,1,interactive,lifecycle,GetEntity,GET,404,false,true,1
local-latency,latency1-before.log,before,2,aztable,1,interactive,lifecycle,QueryEntities,GET,200,false,false,34
local-latency,latency1-before.log,before,3,aztable,1,interactive,workload,AddEntity,POST,201,false,false,32
local-latency,latency1-before.log,before,3,aztable,1,interactive,workload,DeleteEntity,DELETE,204,false,false,1
local-latency,latency1-before.log,before,3,aztable,1,interactive,workload,QueryEntities,GET,200,false,false,32
local-latency,latency1-before.log,before,3,aztable,1,interactive,lifecycle,AddEntity,POST,201,false,false,35
local-latency,latency1-before.log,before,3,aztable,1,interactive,lifecycle,CreateTable,POST,201,false,false,4
local-latency,latency1-before.log,before,3,aztable,1,interactive,lifecycle,DeleteEntity,DELETE,204,false,false,2
local-latency,latency1-before.log,before,3,aztable,1,interactive,lifecycle,DeleteTable,DELETE,204,false,false,4
local-latency,latency1-before.log,before,3,aztable,1,interactive,lifecycle,GetEntity,GET,200,false,false,1
local-latency,latency1-before.log,before,3,aztable,1,interactive,lifecycle,GetEntity,GET,404,false,true,1
local-latency,latency1-before.log,before,3,aztable,1,interactive,lifecycle,QueryEntities,GET,200,false,false,34
local-latency,latency1-before.log,before,4,aztable,1,interactive,workload,AddEntity,POST,201,false,false,32
local-latency,latency1-before.log,before,4,aztable,1,interactive,workload,DeleteEntity,DELETE,204,false,false,1
local-latency,latency1-before.log,before,4,aztable,1,interactive,workload,QueryEntities,GET,200,false,false,32
local-latency,latency1-before.log,before,4,aztable,1,interactive,lifecycle,AddEntity,POST,201,false,false,35
local-latency,latency1-before.log,before,4,aztable,1,interactive,lifecycle,CreateTable,POST,201,false,false,4
local-latency,latency1-before.log,before,4,aztable,1,interactive,lifecycle,DeleteEntity,DELETE,204,false,false,2
local-latency,latency1-before.log,before,4,aztable,1,interactive,lifecycle,DeleteTable,DELETE,204,false,false,4
local-latency,latency1-before.log,before,4,aztable,1,interactive,lifecycle,GetEntity,GET,200,false,false,1
local-latency,latency1-before.log,before,4,aztable,1,interactive,lifecycle,GetEntity,GET,404,false,true,1
local-latency,latency1-before.log,before,4,aztable,1,interactive,lifecycle,QueryEntities,GET,200,false,false,34
local-latency,latency1-before.log,before,5,aztable,1,interactive,workload,AddEntity,POST,201,false,false,32
local-latency,latency1-before.log,before,5,aztable,1,interactive,workload,DeleteEntity,DELETE,204,false,false,1
local-latency,latency1-before.log,before,5,aztable,1,interactive,workload,QueryEntities,GET,200,false,false,32
local-latency,latency1-before.log,before,5,aztable,1,interactive,lifecycle,AddEntity,POST,201,false,false,35
local-latency,latency1-before.log,before,5,aztable,1,interactive,lifecycle,CreateTable,POST,201,false,false,4
local-latency,latency1-before.log,before,5,aztable,1,interactive,lifecycle,DeleteEntity,DELETE,204,false,false,2
local-latency,latency1-before.log,before,5,aztable,1,interactive,lifecycle,DeleteTable,DELETE,204,false,false,4
local-latency,latency1-before.log,before,5,aztable,1,interactive,lifecycle,GetEntity,GET,200,false,false,1
local-latency,latency1-before.log,before,5,aztable,1,interactive,lifecycle,GetEntity,GET,404,false,true,1
local-latency,latency1-before.log,before,5,aztable,1,interactive,lifecycle,QueryEntities,GET,200,false,false,34
local-latency,latency1-before.log,before,6,aztable,1,interactive,workload,AddEntity,POST,201,false,false,32
local-latency,latency1-before.log,before,6,aztable,1,interactive,workload,DeleteEntity,DELETE,204,false,false,1
local-latency,latency1-before.log,before,6,aztable,1,interactive,workload,QueryEntities,GET,200,false,false,32
local-latency,latency1-before.log,before,6,aztable,1,interactive,lifecycle,AddEntity,POST,201,false,false,35
local-latency,latency1-before.log,before,6,aztable,1,interactive,lifecycle,CreateTable,POST,201,false,false,4
local-latency,latency1-before.log,before,6,aztable,1,interactive,lifecycle,DeleteEntity,DELETE,204,false,false,2
local-latency,latency1-before.log,before,6,aztable,1,interactive,lifecycle,DeleteTable,DELETE,204,false,false,4
local-latency,latency1-before.log,before,6,aztable,1,interactive,lifecycle,GetEntity,GET,200,false,false,1
local-latency,latency1-before.log,before,6,aztable,1,interactive,lifecycle,GetEntity,GET,404,false,true,1
local-latency,latency1-before.log,before,6,aztable,1,interactive,lifecycle,QueryEntities,GET,200,false,false,34
local-latency,latency1-before.log,before,7,aztable,1,interactive,workload,AddEntity,POST,201,false,false,32
local-latency,latency1-before.log,before,7,aztable,1,interactive,workload,DeleteEntity,DELETE,204,false,false,1
local-latency,latency1-before.log,before,7,aztable,1,interactive,workload,QueryEntities,GET,200,false,false,32
local-latency,latency1-before.log,before,7,aztable,1,interactive,lifecycle,AddEntity,POST,201,false,false,35
local-latency,latency1-before.log,before,7,aztable,1,interactive,lifecycle,CreateTable,POST,201,false,false,4
local-latency,latency1-before.log,before,7,aztable,1,interactive,lifecycle,DeleteEntity,DELETE,204,false,false,2
local-latency,latency1-before.log,before,7,aztable,1,interactive,lifecycle,DeleteTable,DELETE,204,false,false,4
local-latency,latency1-before.log,before,7,aztable,1,interactive,lifecycle,GetEntity,GET,200,false,false,1
local-latency,latency1-before.log,before,7,aztable,1,interactive,lifecycle,GetEntity,GET,404,false,true,1
local-latency,latency1-before.log,before,7,aztable,1,interactive,lifecycle,QueryEntities,GET,200,false,false,34
local-latency,latency1-before.log,before,8,aztable,1,interactive,workload,AddEntity,POST,201,false,false,32
local-latency,latency1-before.log,before,8,aztable,1,interactive,workload,DeleteEntity,DELETE,204,false,false,1
local-latency,latency1-before.log,before,8,aztable,1,interactive,workload,QueryEntities,GET,200,false,false,32
local-latency,latency1-before.log,before,8,aztable,1,interactive,lifecycle,AddEntity,POST,201,false,false,35
local-latency,latency1-before.log,before,8,aztable,1,interactive,lifecycle,CreateTable,POST,201,false,false,4
local-latency,latency1-before.log,before,8,aztable,1,interactive,lifecycle,DeleteEntity,DELETE,204,false,false,2
local-latency,latency1-before.log,before,8,aztable,1,interactive,lifecycle,DeleteTable,DELETE,204,false,false,4
local-latency,latency1-before.log,before,8,aztable,1,interactive,lifecycle,GetEntity,GET,200,false,false,1
local-latency,latency1-before.log,before,8,aztable,1,interactive,lifecycle,GetEntity,GET,404,false,true,1
local-latency,latency1-before.log,before,8,aztable,1,interactive,lifecycle,QueryEntities,GET,200,false,false,34
local-latency,latency1-before.log,before,9,aztable,1,interactive,workload,AddEntity,POST,201,false,false,32
local-latency,latency1-before.log,before,9,aztable,1,interactive,workload,DeleteEntity,DELETE,204,false,false,1
local-latency,latency1-before.log,before,9,aztable,1,interactive,workload,QueryEntities,GET,200,false,false,32
local-latency,latency1-before.log,before,9,aztable,1,interactive,lifecycle,AddEntity,POST,201,false,false,35
local-latency,latency1-before.log,before,9,aztable,1,interactive,lifecycle,CreateTable,POST,201,false,false,4
local-latency,latency1-before.log,before,9,aztable,1,interactive,lifecycle,DeleteEntity,DELETE,204,false,false,2
local-latency,latency1-before.log,before,9,aztable,1,interactive,lifecycle,DeleteTable,DELETE,204,false,false,4
local-latency,latency1-before.log,before,9,aztable,1,interactive,lifecycle,GetEntity,GET,200,false,false,1
local-latency,latency1-before.log,before,9,aztable,1,interactive,lifecycle,GetEntity,GET,404,false,true,1
local-latency,latency1-before.log,before,9,aztable,1,interactive,lifecycle,QueryEntities,GET,200,false,false,34
local-latency,latency1-before.log,before,10,aztable,1,interactive,workload,AddEntity,POST,201,false,false,32
local-latency,latency1-before.log,before,10,aztable,1,interactive,workload,DeleteEntity,DELETE,204,false,false,1
local-latency,latency1-before.log,before,10,aztable,1,interactive,workload,QueryEntities,GET,200,false,false,32
local-latency,latency1-before.log,before,10,aztable,1,interactive,lifecycle,AddEntity,POST,201,false,false,35
local-latency,latency1-before.log,before,10,aztable,1,interactive,lifecycle,CreateTable,POST,201,false,false,4
local-latency,latency1-before.log,before,10,aztable,1,interactive,lifecycle,DeleteEntity,DELETE,204,false,false,2
local-latency,latency1-before.log,before,10,aztable,1,interactive,lifecycle,DeleteTable,DELETE,204,false,false,4
local-latency,latency1-before.log,before,10,aztable,1,interactive,lifecycle,GetEntity,GET,200,false,false,1
local-latency,latency1-before.log,before,10,aztable,1,interactive,lifecycle,GetEntity,GET,404,false,true,1
local-latency,latency1-before.log,before,10,aztable,1,interactive,lifecycle,QueryEntities,GET,200,false,false,34
local-latency,latency2-after.log,after,1,aztable,1,interactive,workload,AddEntity,POST,204,false,false,32
local-latency,latency2-after.log,after,1,aztable,1,interactive,workload,DeleteEntity,DELETE,204,false,false,1
local-latency,latency2-after.log,after,1,aztable,1,interactive,workload,QueryEntities,GET,200,false,false,32
local-latency,latency2-after.log,after,1,aztable,1,interactive,lifecycle,AddEntity,POST,201,false,false,2
local-latency,latency2-after.log,after,1,aztable,1,interactive,lifecycle,AddEntity,POST,204,false,false,33
local-latency,latency2-after.log,after,1,aztable,1,interactive,lifecycle,CreateTable,POST,201,false,false,4
local-latency,latency2-after.log,after,1,aztable,1,interactive,lifecycle,DeleteEntity,DELETE,204,false,false,2
local-latency,latency2-after.log,after,1,aztable,1,interactive,lifecycle,DeleteTable,DELETE,204,false,false,4
local-latency,latency2-after.log,after,1,aztable,1,interactive,lifecycle,GetEntity,GET,200,false,false,1
local-latency,latency2-after.log,after,1,aztable,1,interactive,lifecycle,GetEntity,GET,404,false,true,1
local-latency,latency2-after.log,after,1,aztable,1,interactive,lifecycle,QueryEntities,GET,200,false,false,34
local-latency,latency2-after.log,after,2,aztable,1,interactive,workload,AddEntity,POST,204,false,false,32
local-latency,latency2-after.log,after,2,aztable,1,interactive,workload,DeleteEntity,DELETE,204,false,false,1
local-latency,latency2-after.log,after,2,aztable,1,interactive,workload,QueryEntities,GET,200,false,false,32
local-latency,latency2-after.log,after,2,aztable,1,interactive,lifecycle,AddEntity,POST,201,false,false,2
local-latency,latency2-after.log,after,2,aztable,1,interactive,lifecycle,AddEntity,POST,204,false,false,33
local-latency,latency2-after.log,after,2,aztable,1,interactive,lifecycle,CreateTable,POST,201,false,false,4
local-latency,latency2-after.log,after,2,aztable,1,interactive,lifecycle,DeleteEntity,DELETE,204,false,false,2
local-latency,latency2-after.log,after,2,aztable,1,interactive,lifecycle,DeleteTable,DELETE,204,false,false,4
local-latency,latency2-after.log,after,2,aztable,1,interactive,lifecycle,GetEntity,GET,200,false,false,1
local-latency,latency2-after.log,after,2,aztable,1,interactive,lifecycle,GetEntity,GET,404,false,true,1
local-latency,latency2-after.log,after,2,aztable,1,interactive,lifecycle,QueryEntities,GET,200,false,false,34
local-latency,latency2-after.log,after,3,aztable,1,interactive,workload,AddEntity,POST,204,false,false,32
local-latency,latency2-after.log,after,3,aztable,1,interactive,workload,DeleteEntity,DELETE,204,false,false,1
local-latency,latency2-after.log,after,3,aztable,1,interactive,workload,QueryEntities,GET,200,false,false,32
local-latency,latency2-after.log,after,3,aztable,1,interactive,lifecycle,AddEntity,POST,201,false,false,2
local-latency,latency2-after.log,after,3,aztable,1,interactive,lifecycle,AddEntity,POST,204,false,false,33
local-latency,latency2-after.log,after,3,aztable,1,interactive,lifecycle,CreateTable,POST,201,false,false,4
local-latency,latency2-after.log,after,3,aztable,1,interactive,lifecycle,DeleteEntity,DELETE,204,false,false,2
local-latency,latency2-after.log,after,3,aztable,1,interactive,lifecycle,DeleteTable,DELETE,204,false,false,4
local-latency,latency2-after.log,after,3,aztable,1,interactive,lifecycle,GetEntity,GET,200,false,false,1
local-latency,latency2-after.log,after,3,aztable,1,interactive,lifecycle,GetEntity,GET,404,false,true,1
local-latency,latency2-after.log,after,3,aztable,1,interactive,lifecycle,QueryEntities,GET,200,false,false,34
local-latency,latency2-after.log,after,4,aztable,1,interactive,workload,AddEntity,POST,204,false,false,32
local-latency,latency2-after.log,after,4,aztable,1,interactive,workload,DeleteEntity,DELETE,204,false,false,1
local-latency,latency2-after.log,after,4,aztable,1,interactive,workload,QueryEntities,GET,200,false,false,32
local-latency,latency2-after.log,after,4,aztable,1,interactive,lifecycle,AddEntity,POST,201,false,false,2
local-latency,latency2-after.log,after,4,aztable,1,interactive,lifecycle,AddEntity,POST,204,false,false,33
local-latency,latency2-after.log,after,4,aztable,1,interactive,lifecycle,CreateTable,POST,201,false,false,4
local-latency,latency2-after.log,after,4,aztable,1,interactive,lifecycle,DeleteEntity,DELETE,204,false,false,2
local-latency,latency2-after.log,after,4,aztable,1,interactive,lifecycle,DeleteTable,DELETE,204,false,false,4
local-latency,latency2-after.log,after,4,aztable,1,interactive,lifecycle,GetEntity,GET,200,false,false,1
local-latency,latency2-after.log,after,4,aztable,1,interactive,lifecycle,GetEntity,GET,404,false,true,1
local-latency,latency2-after.log,after,4,aztable,1,interactive,lifecycle,QueryEntities,GET,200,false,false,34
local-latency,latency2-after.log,after,5,aztable,1,interactive,workload,AddEntity,POST,204,false,false,32
local-latency,latency2-after.log,after,5,aztable,1,interactive,workload,DeleteEntity,DELETE,204,false,false,1
local-latency,latency2-after.log,after,5,aztable,1,interactive,workload,QueryEntities,GET,200,false,false,32
local-latency,latency2-after.log,after,5,aztable,1,interactive,lifecycle,AddEntity,POST,201,false,false,2
local-latency,latency2-after.log,after,5,aztable,1,interactive,lifecycle,AddEntity,POST,204,false,false,33
local-latency,latency2-after.log,after,5,aztable,1,interactive,lifecycle,CreateTable,POST,201,false,false,4
local-latency,latency2-after.log,after,5,aztable,1,interactive,lifecycle,DeleteEntity,DELETE,204,false,false,2
local-latency,latency2-after.log,after,5,aztable,1,interactive,lifecycle,DeleteTable,DELETE,204,false,false,4
local-latency,latency2-after.log,after,5,aztable,1,interactive,lifecycle,GetEntity,GET,200,false,false,1
local-latency,latency2-after.log,after,5,aztable,1,interactive,lifecycle,GetEntity,GET,404,false,true,1
local-latency,latency2-after.log,after,5,aztable,1,interactive,lifecycle,QueryEntities,GET,200,false,false,34
local-latency,latency2-after.log,after,6,aztable,1,interactive,workload,AddEntity,POST,204,false,false,32
local-latency,latency2-after.log,after,6,aztable,1,interactive,workload,DeleteEntity,DELETE,204,false,false,1
local-latency,latency2-after.log,after,6,aztable,1,interactive,workload,QueryEntities,GET,200,false,false,32
local-latency,latency2-after.log,after,6,aztable,1,interactive,lifecycle,AddEntity,POST,201,false,false,2
local-latency,latency2-after.log,after,6,aztable,1,interactive,lifecycle,AddEntity,POST,204,false,false,33
local-latency,latency2-after.log,after,6,aztable,1,interactive,lifecycle,CreateTable,POST,201,false,false,4
local-latency,latency2-after.log,after,6,aztable,1,interactive,lifecycle,DeleteEntity,DELETE,204,false,false,2
local-latency,latency2-after.log,after,6,aztable,1,interactive,lifecycle,DeleteTable,DELETE,204,false,false,4
local-latency,latency2-after.log,after,6,aztable,1,interactive,lifecycle,GetEntity,GET,200,false,false,1
local-latency,latency2-after.log,after,6,aztable,1,interactive,lifecycle,GetEntity,GET,404,false,true,1
local-latency,latency2-after.log,after,6,aztable,1,interactive,lifecycle,QueryEntities,GET,200,false,false,34
local-latency,latency2-after.log,after,7,aztable,1,interactive,workload,AddEntity,POST,204,false,false,32
local-latency,latency2-after.log,after,7,aztable,1,interactive,workload,DeleteEntity,DELETE,204,false,false,1
local-latency,latency2-after.log,after,7,aztable,1,interactive,workload,QueryEntities,GET,200,false,false,32
local-latency,latency2-after.log,after,7,aztable,1,interactive,lifecycle,AddEntity,POST,201,false,false,2
local-latency,latency2-after.log,after,7,aztable,1,interactive,lifecycle,AddEntity,POST,204,false,false,33
local-latency,latency2-after.log,after,7,aztable,1,interactive,lifecycle,CreateTable,POST,201,false,false,4
local-latency,latency2-after.log,after,7,aztable,1,interactive,lifecycle,DeleteEntity,DELETE,204,false,false,2
local-latency,latency2-after.log,after,7,aztable,1,interactive,lifecycle,DeleteTable,DELETE,204,false,false,4
local-latency,latency2-after.log,after,7,aztable,1,interactive,lifecycle,GetEntity,GET,200,false,false,1
local-latency,latency2-after.log,after,7,aztable,1,interactive,lifecycle,GetEntity,GET,404,false,true,1
local-latency,latency2-after.log,after,7,aztable,1,interactive,lifecycle,QueryEntities,GET,200,false,false,34
local-latency,latency2-after.log,after,8,aztable,1,interactive,workload,AddEntity,POST,204,false,false,32
local-latency,latency2-after.log,after,8,aztable,1,interactive,workload,DeleteEntity,DELETE,204,false,false,1
local-latency,latency2-after.log,after,8,aztable,1,interactive,workload,QueryEntities,GET,200,false,false,32
local-latency,latency2-after.log,after,8,aztable,1,interactive,lifecycle,AddEntity,POST,201,false,false,2
local-latency,latency2-after.log,after,8,aztable,1,interactive,lifecycle,AddEntity,POST,204,false,false,33
local-latency,latency2-after.log,after,8,aztable,1,interactive,lifecycle,CreateTable,POST,201,false,false,4
local-latency,latency2-after.log,after,8,aztable,1,interactive,lifecycle,DeleteEntity,DELETE,204,false,false,2
local-latency,latency2-after.log,after,8,aztable,1,interactive,lifecycle,DeleteTable,DELETE,204,false,false,4
local-latency,latency2-after.log,after,8,aztable,1,interactive,lifecycle,GetEntity,GET,200,false,false,1
local-latency,latency2-after.log,after,8,aztable,1,interactive,lifecycle,GetEntity,GET,404,false,true,1
local-latency,latency2-after.log,after,8,aztable,1,interactive,lifecycle,QueryEntities,GET,200,false,false,34
local-latency,latency2-after.log,after,9,aztable,1,interactive,workload,AddEntity,POST,204,false,false,32
local-latency,latency2-after.log,after,9,aztable,1,interactive,workload,DeleteEntity,DELETE,204,false,false,1
local-latency,latency2-after.log,after,9,aztable,1,interactive,workload,QueryEntities,GET,200,false,false,32
local-latency,latency2-after.log,after,9,aztable,1,interactive,lifecycle,AddEntity,POST,201,false,false,2
local-latency,latency2-after.log,after,9,aztable,1,interactive,lifecycle,AddEntity,POST,204,false,false,33
local-latency,latency2-after.log,after,9,aztable,1,interactive,lifecycle,CreateTable,POST,201,false,false,4
local-latency,latency2-after.log,after,9,aztable,1,interactive,lifecycle,DeleteEntity,DELETE,204,false,false,2
local-latency,latency2-after.log,after,9,aztable,1,interactive,lifecycle,DeleteTable,DELETE,204,false,false,4
local-latency,latency2-after.log,after,9,aztable,1,interactive,lifecycle,GetEntity,GET,200,false,false,1
local-latency,latency2-after.log,after,9,aztable,1,interactive,lifecycle,GetEntity,GET,404,false,true,1
local-latency,latency2-after.log,after,9,aztable,1,interactive,lifecycle,QueryEntities,GET,200,false,false,34
local-latency,latency2-after.log,after,10,aztable,1,interactive,workload,AddEntity,POST,204,false,false,32
local-latency,latency2-after.log,after,10,aztable,1,interactive,workload,DeleteEntity,DELETE,204,false,false,1
local-latency,latency2-after.log,after,10,aztable,1,interactive,workload,QueryEntities,GET,200,false,false,32
local-latency,latency2-after.log,after,10,aztable,1,interactive,lifecycle,AddEntity,POST,201,false,false,2
local-latency,latency2-after.log,after,10,aztable,1,interactive,lifecycle,AddEntity,POST,204,false,false,33
local-latency,latency2-after.log,after,10,aztable,1,interactive,lifecycle,CreateTable,POST,201,false,false,4
local-latency,latency2-after.log,after,10,aztable,1,interactive,lifecycle,DeleteEntity,DELETE,204,false,false,2
local-latency,latency2-after.log,after,10,aztable,1,interactive,lifecycle,DeleteTable,DELETE,204,false,false,4
local-latency,latency2-after.log,after,10,aztable,1,interactive,lifecycle,GetEntity,GET,200,false,false,1
local-latency,latency2-after.log,after,10,aztable,1,interactive,lifecycle,GetEntity,GET,404,false,true,1
local-latency,latency2-after.log,after,10,aztable,1,interactive,lifecycle,QueryEntities,GET,200,false,false,34
local-latency,latency2-before.log,before,1,aztable,1,interactive,workload,AddEntity,POST,201,false,false,32
local-latency,latency2-before.log,before,1,aztable,1,interactive,workload,DeleteEntity,DELETE,204,false,false,1
local-latency,latency2-before.log,before,1,aztable,1,interactive,workload,QueryEntities,GET,200,false,false,32
local-latency,latency2-before.log,before,1,aztable,1,interactive,lifecycle,AddEntity,POST,201,false,false,35
local-latency,latency2-before.log,before,1,aztable,1,interactive,lifecycle,CreateTable,POST,201,false,false,4
local-latency,latency2-before.log,before,1,aztable,1,interactive,lifecycle,DeleteEntity,DELETE,204,false,false,2
local-latency,latency2-before.log,before,1,aztable,1,interactive,lifecycle,DeleteTable,DELETE,204,false,false,4
local-latency,latency2-before.log,before,1,aztable,1,interactive,lifecycle,GetEntity,GET,200,false,false,1
local-latency,latency2-before.log,before,1,aztable,1,interactive,lifecycle,GetEntity,GET,404,false,true,1
local-latency,latency2-before.log,before,1,aztable,1,interactive,lifecycle,QueryEntities,GET,200,false,false,34
local-latency,latency2-before.log,before,2,aztable,1,interactive,workload,AddEntity,POST,201,false,false,32
local-latency,latency2-before.log,before,2,aztable,1,interactive,workload,DeleteEntity,DELETE,204,false,false,1
local-latency,latency2-before.log,before,2,aztable,1,interactive,workload,QueryEntities,GET,200,false,false,32
local-latency,latency2-before.log,before,2,aztable,1,interactive,lifecycle,AddEntity,POST,201,false,false,35
local-latency,latency2-before.log,before,2,aztable,1,interactive,lifecycle,CreateTable,POST,201,false,false,4
local-latency,latency2-before.log,before,2,aztable,1,interactive,lifecycle,DeleteEntity,DELETE,204,false,false,2
local-latency,latency2-before.log,before,2,aztable,1,interactive,lifecycle,DeleteTable,DELETE,204,false,false,4
local-latency,latency2-before.log,before,2,aztable,1,interactive,lifecycle,GetEntity,GET,200,false,false,1
local-latency,latency2-before.log,before,2,aztable,1,interactive,lifecycle,GetEntity,GET,404,false,true,1
local-latency,latency2-before.log,before,2,aztable,1,interactive,lifecycle,QueryEntities,GET,200,false,false,34
local-latency,latency2-before.log,before,3,aztable,1,interactive,workload,AddEntity,POST,201,false,false,32
local-latency,latency2-before.log,before,3,aztable,1,interactive,workload,DeleteEntity,DELETE,204,false,false,1
local-latency,latency2-before.log,before,3,aztable,1,interactive,workload,QueryEntities,GET,200,false,false,32
local-latency,latency2-before.log,before,3,aztable,1,interactive,lifecycle,AddEntity,POST,201,false,false,35
local-latency,latency2-before.log,before,3,aztable,1,interactive,lifecycle,CreateTable,POST,201,false,false,4
local-latency,latency2-before.log,before,3,aztable,1,interactive,lifecycle,DeleteEntity,DELETE,204,false,false,2
local-latency,latency2-before.log,before,3,aztable,1,interactive,lifecycle,DeleteTable,DELETE,204,false,false,4
local-latency,latency2-before.log,before,3,aztable,1,interactive,lifecycle,GetEntity,GET,200,false,false,1
local-latency,latency2-before.log,before,3,aztable,1,interactive,lifecycle,GetEntity,GET,404,false,true,1
local-latency,latency2-before.log,before,3,aztable,1,interactive,lifecycle,QueryEntities,GET,200,false,false,34
local-latency,latency2-before.log,before,4,aztable,1,interactive,workload,AddEntity,POST,201,false,false,32
local-latency,latency2-before.log,before,4,aztable,1,interactive,workload,DeleteEntity,DELETE,204,false,false,1
local-latency,latency2-before.log,before,4,aztable,1,interactive,workload,QueryEntities,GET,200,false,false,32
local-latency,latency2-before.log,before,4,aztable,1,interactive,lifecycle,AddEntity,POST,201,false,false,35
local-latency,latency2-before.log,before,4,aztable,1,interactive,lifecycle,CreateTable,POST,201,false,false,4
local-latency,latency2-before.log,before,4,aztable,1,interactive,lifecycle,DeleteEntity,DELETE,204,false,false,2
local-latency,latency2-before.log,before,4,aztable,1,interactive,lifecycle,DeleteTable,DELETE,204,false,false,4
local-latency,latency2-before.log,before,4,aztable,1,interactive,lifecycle,GetEntity,GET,200,false,false,1
local-latency,latency2-before.log,before,4,aztable,1,interactive,lifecycle,GetEntity,GET,404,false,true,1
local-latency,latency2-before.log,before,4,aztable,1,interactive,lifecycle,QueryEntities,GET,200,false,false,34
local-latency,latency2-before.log,before,5,aztable,1,interactive,workload,AddEntity,POST,201,false,false,32
local-latency,latency2-before.log,before,5,aztable,1,interactive,workload,DeleteEntity,DELETE,204,false,false,1
local-latency,latency2-before.log,before,5,aztable,1,interactive,workload,QueryEntities,GET,200,false,false,32
local-latency,latency2-before.log,before,5,aztable,1,interactive,lifecycle,AddEntity,POST,201,false,false,35
local-latency,latency2-before.log,before,5,aztable,1,interactive,lifecycle,CreateTable,POST,201,false,false,4
local-latency,latency2-before.log,before,5,aztable,1,interactive,lifecycle,DeleteEntity,DELETE,204,false,false,2
local-latency,latency2-before.log,before,5,aztable,1,interactive,lifecycle,DeleteTable,DELETE,204,false,false,4
local-latency,latency2-before.log,before,5,aztable,1,interactive,lifecycle,GetEntity,GET,200,false,false,1
local-latency,latency2-before.log,before,5,aztable,1,interactive,lifecycle,GetEntity,GET,404,false,true,1
local-latency,latency2-before.log,before,5,aztable,1,interactive,lifecycle,QueryEntities,GET,200,false,false,34
local-latency,latency2-before.log,before,6,aztable,1,interactive,workload,AddEntity,POST,201,false,false,32
local-latency,latency2-before.log,before,6,aztable,1,interactive,workload,DeleteEntity,DELETE,204,false,false,1
local-latency,latency2-before.log,before,6,aztable,1,interactive,workload,QueryEntities,GET,200,false,false,32
local-latency,latency2-before.log,before,6,aztable,1,interactive,lifecycle,AddEntity,POST,201,false,false,35
local-latency,latency2-before.log,before,6,aztable,1,interactive,lifecycle,CreateTable,POST,201,false,false,4
local-latency,latency2-before.log,before,6,aztable,1,interactive,lifecycle,DeleteEntity,DELETE,204,false,false,2
local-latency,latency2-before.log,before,6,aztable,1,interactive,lifecycle,DeleteTable,DELETE,204,false,false,4
local-latency,latency2-before.log,before,6,aztable,1,interactive,lifecycle,GetEntity,GET,200,false,false,1
local-latency,latency2-before.log,before,6,aztable,1,interactive,lifecycle,GetEntity,GET,404,false,true,1
local-latency,latency2-before.log,before,6,aztable,1,interactive,lifecycle,QueryEntities,GET,200,false,false,34
local-latency,latency2-before.log,before,7,aztable,1,interactive,workload,AddEntity,POST,201,false,false,32
local-latency,latency2-before.log,before,7,aztable,1,interactive,workload,DeleteEntity,DELETE,204,false,false,1
local-latency,latency2-before.log,before,7,aztable,1,interactive,workload,QueryEntities,GET,200,false,false,32
local-latency,latency2-before.log,before,7,aztable,1,interactive,lifecycle,AddEntity,POST,201,false,false,35
local-latency,latency2-before.log,before,7,aztable,1,interactive,lifecycle,CreateTable,POST,201,false,false,4
local-latency,latency2-before.log,before,7,aztable,1,interactive,lifecycle,DeleteEntity,DELETE,204,false,false,2
local-latency,latency2-before.log,before,7,aztable,1,interactive,lifecycle,DeleteTable,DELETE,204,false,false,4
local-latency,latency2-before.log,before,7,aztable,1,interactive,lifecycle,GetEntity,GET,200,false,false,1
local-latency,latency2-before.log,before,7,aztable,1,interactive,lifecycle,GetEntity,GET,404,false,true,1
local-latency,latency2-before.log,before,7,aztable,1,interactive,lifecycle,QueryEntities,GET,200,false,false,34
local-latency,latency2-before.log,before,8,aztable,1,interactive,workload,AddEntity,POST,201,false,false,32
local-latency,latency2-before.log,before,8,aztable,1,interactive,workload,DeleteEntity,DELETE,204,false,false,1
local-latency,latency2-before.log,before,8,aztable,1,interactive,workload,QueryEntities,GET,200,false,false,32
local-latency,latency2-before.log,before,8,aztable,1,interactive,lifecycle,AddEntity,POST,201,false,false,35
local-latency,latency2-before.log,before,8,aztable,1,interactive,lifecycle,CreateTable,POST,201,false,false,4
local-latency,latency2-before.log,before,8,aztable,1,interactive,lifecycle,DeleteEntity,DELETE,204,false,false,2
local-latency,latency2-before.log,before,8,aztable,1,interactive,lifecycle,DeleteTable,DELETE,204,false,false,4
local-latency,latency2-before.log,before,8,aztable,1,interactive,lifecycle,GetEntity,GET,200,false,false,1
local-latency,latency2-before.log,before,8,aztable,1,interactive,lifecycle,GetEntity,GET,404,false,true,1
local-latency,latency2-before.log,before,8,aztable,1,interactive,lifecycle,QueryEntities,GET,200,false,false,34
local-latency,latency2-before.log,before,9,aztable,1,interactive,workload,AddEntity,POST,201,false,false,32
local-latency,latency2-before.log,before,9,aztable,1,interactive,workload,DeleteEntity,DELETE,204,false,false,1
local-latency,latency2-before.log,before,9,aztable,1,interactive,workload,QueryEntities,GET,200,false,false,32
local-latency,latency2-before.log,before,9,aztable,1,interactive,lifecycle,AddEntity,POST,201,false,false,35
local-latency,latency2-before.log,before,9,aztable,1,interactive,lifecycle,CreateTable,POST,201,false,false,4
local-latency,latency2-before.log,before,9,aztable,1,interactive,lifecycle,DeleteEntity,DELETE,204,false,false,2
local-latency,latency2-before.log,before,9,aztable,1,interactive,lifecycle,DeleteTable,DELETE,204,false,false,4
local-latency,latency2-before.log,before,9,aztable,1,interactive,lifecycle,GetEntity,GET,200,false,false,1
local-latency,latency2-before.log,before,9,aztable,1,interactive,lifecycle,GetEntity,GET,404,false,true,1
local-latency,latency2-before.log,before,9,aztable,1,interactive,lifecycle,QueryEntities,GET,200,false,false,34
local-latency,latency2-before.log,before,10,aztable,1,interactive,workload,AddEntity,POST,201,false,false,32
local-latency,latency2-before.log,before,10,aztable,1,interactive,workload,DeleteEntity,DELETE,204,false,false,1
local-latency,latency2-before.log,before,10,aztable,1,interactive,workload,QueryEntities,GET,200,false,false,32
local-latency,latency2-before.log,before,10,aztable,1,interactive,lifecycle,AddEntity,POST,201,false,false,35
local-latency,latency2-before.log,before,10,aztable,1,interactive,lifecycle,CreateTable,POST,201,false,false,4
local-latency,latency2-before.log,before,10,aztable,1,interactive,lifecycle,DeleteEntity,DELETE,204,false,false,2
local-latency,latency2-before.log,before,10,aztable,1,interactive,lifecycle,DeleteTable,DELETE,204,false,false,4
local-latency,latency2-before.log,before,10,aztable,1,interactive,lifecycle,GetEntity,GET,200,false,false,1
local-latency,latency2-before.log,before,10,aztable,1,interactive,lifecycle,GetEntity,GET,404,false,true,1
local-latency,latency2-before.log,before,10,aztable,1,interactive,lifecycle,QueryEntities,GET,200,false,false,34
local-latency,latency3-after.log,after,1,aztable,1,interactive,workload,AddEntity,POST,204,false,false,32
local-latency,latency3-after.log,after,1,aztable,1,interactive,workload,DeleteEntity,DELETE,204,false,false,1
local-latency,latency3-after.log,after,1,aztable,1,interactive,workload,QueryEntities,GET,200,false,false,32
local-latency,latency3-after.log,after,1,aztable,1,interactive,lifecycle,AddEntity,POST,201,false,false,2
local-latency,latency3-after.log,after,1,aztable,1,interactive,lifecycle,AddEntity,POST,204,false,false,33
local-latency,latency3-after.log,after,1,aztable,1,interactive,lifecycle,CreateTable,POST,201,false,false,4
local-latency,latency3-after.log,after,1,aztable,1,interactive,lifecycle,DeleteEntity,DELETE,204,false,false,2
local-latency,latency3-after.log,after,1,aztable,1,interactive,lifecycle,DeleteTable,DELETE,204,false,false,4
local-latency,latency3-after.log,after,1,aztable,1,interactive,lifecycle,GetEntity,GET,200,false,false,1
local-latency,latency3-after.log,after,1,aztable,1,interactive,lifecycle,GetEntity,GET,404,false,true,1
local-latency,latency3-after.log,after,1,aztable,1,interactive,lifecycle,QueryEntities,GET,200,false,false,34
local-latency,latency3-after.log,after,2,aztable,1,interactive,workload,AddEntity,POST,204,false,false,32
local-latency,latency3-after.log,after,2,aztable,1,interactive,workload,DeleteEntity,DELETE,204,false,false,1
local-latency,latency3-after.log,after,2,aztable,1,interactive,workload,QueryEntities,GET,200,false,false,32
local-latency,latency3-after.log,after,2,aztable,1,interactive,lifecycle,AddEntity,POST,201,false,false,2
local-latency,latency3-after.log,after,2,aztable,1,interactive,lifecycle,AddEntity,POST,204,false,false,33
local-latency,latency3-after.log,after,2,aztable,1,interactive,lifecycle,CreateTable,POST,201,false,false,4
local-latency,latency3-after.log,after,2,aztable,1,interactive,lifecycle,DeleteEntity,DELETE,204,false,false,2
local-latency,latency3-after.log,after,2,aztable,1,interactive,lifecycle,DeleteTable,DELETE,204,false,false,4
local-latency,latency3-after.log,after,2,aztable,1,interactive,lifecycle,GetEntity,GET,200,false,false,1
local-latency,latency3-after.log,after,2,aztable,1,interactive,lifecycle,GetEntity,GET,404,false,true,1
local-latency,latency3-after.log,after,2,aztable,1,interactive,lifecycle,QueryEntities,GET,200,false,false,34
local-latency,latency3-after.log,after,3,aztable,1,interactive,workload,AddEntity,POST,204,false,false,32
local-latency,latency3-after.log,after,3,aztable,1,interactive,workload,DeleteEntity,DELETE,204,false,false,1
local-latency,latency3-after.log,after,3,aztable,1,interactive,workload,QueryEntities,GET,200,false,false,32
local-latency,latency3-after.log,after,3,aztable,1,interactive,lifecycle,AddEntity,POST,201,false,false,2
local-latency,latency3-after.log,after,3,aztable,1,interactive,lifecycle,AddEntity,POST,204,false,false,33
local-latency,latency3-after.log,after,3,aztable,1,interactive,lifecycle,CreateTable,POST,201,false,false,4
local-latency,latency3-after.log,after,3,aztable,1,interactive,lifecycle,DeleteEntity,DELETE,204,false,false,2
local-latency,latency3-after.log,after,3,aztable,1,interactive,lifecycle,DeleteTable,DELETE,204,false,false,4
local-latency,latency3-after.log,after,3,aztable,1,interactive,lifecycle,GetEntity,GET,200,false,false,1
local-latency,latency3-after.log,after,3,aztable,1,interactive,lifecycle,GetEntity,GET,404,false,true,1
local-latency,latency3-after.log,after,3,aztable,1,interactive,lifecycle,QueryEntities,GET,200,false,false,34
local-latency,latency3-after.log,after,4,aztable,1,interactive,workload,AddEntity,POST,204,false,false,32
local-latency,latency3-after.log,after,4,aztable,1,interactive,workload,DeleteEntity,DELETE,204,false,false,1
local-latency,latency3-after.log,after,4,aztable,1,interactive,workload,QueryEntities,GET,200,false,false,32
local-latency,latency3-after.log,after,4,aztable,1,interactive,lifecycle,AddEntity,POST,201,false,false,2
local-latency,latency3-after.log,after,4,aztable,1,interactive,lifecycle,AddEntity,POST,204,false,false,33
local-latency,latency3-after.log,after,4,aztable,1,interactive,lifecycle,CreateTable,POST,201,false,false,4
local-latency,latency3-after.log,after,4,aztable,1,interactive,lifecycle,DeleteEntity,DELETE,204,false,false,2
local-latency,latency3-after.log,after,4,aztable,1,interactive,lifecycle,DeleteTable,DELETE,204,false,false,4
local-latency,latency3-after.log,after,4,aztable,1,interactive,lifecycle,GetEntity,GET,200,false,false,1
local-latency,latency3-after.log,after,4,aztable,1,interactive,lifecycle,GetEntity,GET,404,false,true,1
local-latency,latency3-after.log,after,4,aztable,1,interactive,lifecycle,QueryEntities,GET,200,false,false,34
local-latency,latency3-after.log,after,5,aztable,1,interactive,workload,AddEntity,POST,204,false,false,32
local-latency,latency3-after.log,after,5,aztable,1,interactive,workload,DeleteEntity,DELETE,204,false,false,1
local-latency,latency3-after.log,after,5,aztable,1,interactive,workload,QueryEntities,GET,200,false,false,32
local-latency,latency3-after.log,after,5,aztable,1,interactive,lifecycle,AddEntity,POST,201,false,false,2
local-latency,latency3-after.log,after,5,aztable,1,interactive,lifecycle,AddEntity,POST,204,false,false,33
local-latency,latency3-after.log,after,5,aztable,1,interactive,lifecycle,CreateTable,POST,201,false,false,4
local-latency,latency3-after.log,after,5,aztable,1,interactive,lifecycle,DeleteEntity,DELETE,204,false,false,2
local-latency,latency3-after.log,after,5,aztable,1,interactive,lifecycle,DeleteTable,DELETE,204,false,false,4
local-latency,latency3-after.log,after,5,aztable,1,interactive,lifecycle,GetEntity,GET,200,false,false,1
local-latency,latency3-after.log,after,5,aztable,1,interactive,lifecycle,GetEntity,GET,404,false,true,1
local-latency,latency3-after.log,after,5,aztable,1,interactive,lifecycle,QueryEntities,GET,200,false,false,34
local-latency,latency3-after.log,after,6,aztable,1,interactive,workload,AddEntity,POST,204,false,false,32
local-latency,latency3-after.log,after,6,aztable,1,interactive,workload,DeleteEntity,DELETE,204,false,false,1
local-latency,latency3-after.log,after,6,aztable,1,interactive,workload,QueryEntities,GET,200,false,false,32
local-latency,latency3-after.log,after,6,aztable,1,interactive,lifecycle,AddEntity,POST,201,false,false,2
local-latency,latency3-after.log,after,6,aztable,1,interactive,lifecycle,AddEntity,POST,204,false,false,33
local-latency,latency3-after.log,after,6,aztable,1,interactive,lifecycle,CreateTable,POST,201,false,false,4
local-latency,latency3-after.log,after,6,aztable,1,interactive,lifecycle,DeleteEntity,DELETE,204,false,false,2
local-latency,latency3-after.log,after,6,aztable,1,interactive,lifecycle,DeleteTable,DELETE,204,false,false,4
local-latency,latency3-after.log,after,6,aztable,1,interactive,lifecycle,GetEntity,GET,200,false,false,1
local-latency,latency3-after.log,after,6,aztable,1,interactive,lifecycle,GetEntity,GET,404,false,true,1
local-latency,latency3-after.log,after,6,aztable,1,interactive,lifecycle,QueryEntities,GET,200,false,false,34
local-latency,latency3-after.log,after,7,aztable,1,interactive,workload,AddEntity,POST,204,false,false,32
local-latency,latency3-after.log,after,7,aztable,1,interactive,workload,DeleteEntity,DELETE,204,false,false,1
local-latency,latency3-after.log,after,7,aztable,1,interactive,workload,QueryEntities,GET,200,false,false,32
local-latency,latency3-after.log,after,7,aztable,1,interactive,lifecycle,AddEntity,POST,201,false,false,2
local-latency,latency3-after.log,after,7,aztable,1,interactive,lifecycle,AddEntity,POST,204,false,false,33
local-latency,latency3-after.log,after,7,aztable,1,interactive,lifecycle,CreateTable,POST,201,false,false,4
local-latency,latency3-after.log,after,7,aztable,1,interactive,lifecycle,DeleteEntity,DELETE,204,false,false,2
local-latency,latency3-after.log,after,7,aztable,1,interactive,lifecycle,DeleteTable,DELETE,204,false,false,4
local-latency,latency3-after.log,after,7,aztable,1,interactive,lifecycle,GetEntity,GET,200,false,false,1
local-latency,latency3-after.log,after,7,aztable,1,interactive,lifecycle,GetEntity,GET,404,false,true,1
local-latency,latency3-after.log,after,7,aztable,1,interactive,lifecycle,QueryEntities,GET,200,false,false,34
local-latency,latency3-after.log,after,8,aztable,1,interactive,workload,AddEntity,POST,204,false,false,32
local-latency,latency3-after.log,after,8,aztable,1,interactive,workload,DeleteEntity,DELETE,204,false,false,1
local-latency,latency3-after.log,after,8,aztable,1,interactive,workload,QueryEntities,GET,200,false,false,32
local-latency,latency3-after.log,after,8,aztable,1,interactive,lifecycle,AddEntity,POST,201,false,false,2
local-latency,latency3-after.log,after,8,aztable,1,interactive,lifecycle,AddEntity,POST,204,false,false,33
local-latency,latency3-after.log,after,8,aztable,1,interactive,lifecycle,CreateTable,POST,201,false,false,4
local-latency,latency3-after.log,after,8,aztable,1,interactive,lifecycle,DeleteEntity,DELETE,204,false,false,2
local-latency,latency3-after.log,after,8,aztable,1,interactive,lifecycle,DeleteTable,DELETE,204,false,false,4
local-latency,latency3-after.log,after,8,aztable,1,interactive,lifecycle,GetEntity,GET,200,false,false,1
local-latency,latency3-after.log,after,8,aztable,1,interactive,lifecycle,GetEntity,GET,404,false,true,1
local-latency,latency3-after.log,after,8,aztable,1,interactive,lifecycle,QueryEntities,GET,200,false,false,34
local-latency,latency3-after.log,after,9,aztable,1,interactive,workload,AddEntity,POST,204,false,false,32
local-latency,latency3-after.log,after,9,aztable,1,interactive,workload,DeleteEntity,DELETE,204,false,false,1
local-latency,latency3-after.log,after,9,aztable,1,interactive,workload,QueryEntities,GET,200,false,false,32
local-latency,latency3-after.log,after,9,aztable,1,interactive,lifecycle,AddEntity,POST,201,false,false,2
local-latency,latency3-after.log,after,9,aztable,1,interactive,lifecycle,AddEntity,POST,204,false,false,33
local-latency,latency3-after.log,after,9,aztable,1,interactive,lifecycle,CreateTable,POST,201,false,false,4
local-latency,latency3-after.log,after,9,aztable,1,interactive,lifecycle,DeleteEntity,DELETE,204,false,false,2
local-latency,latency3-after.log,after,9,aztable,1,interactive,lifecycle,DeleteTable,DELETE,204,false,false,4
local-latency,latency3-after.log,after,9,aztable,1,interactive,lifecycle,GetEntity,GET,200,false,false,1
local-latency,latency3-after.log,after,9,aztable,1,interactive,lifecycle,GetEntity,GET,404,false,true,1
local-latency,latency3-after.log,after,9,aztable,1,interactive,lifecycle,QueryEntities,GET,200,false,false,34
local-latency,latency3-after.log,after,10,aztable,1,interactive,workload,AddEntity,POST,204,false,false,32
local-latency,latency3-after.log,after,10,aztable,1,interactive,workload,DeleteEntity,DELETE,204,false,false,1
local-latency,latency3-after.log,after,10,aztable,1,interactive,workload,QueryEntities,GET,200,false,false,32
local-latency,latency3-after.log,after,10,aztable,1,interactive,lifecycle,AddEntity,POST,201,false,false,2
local-latency,latency3-after.log,after,10,aztable,1,interactive,lifecycle,AddEntity,POST,204,false,false,33
local-latency,latency3-after.log,after,10,aztable,1,interactive,lifecycle,CreateTable,POST,201,false,false,4
local-latency,latency3-after.log,after,10,aztable,1,interactive,lifecycle,DeleteEntity,DELETE,204,false,false,2
local-latency,latency3-after.log,after,10,aztable,1,interactive,lifecycle,DeleteTable,DELETE,204,false,false,4
local-latency,latency3-after.log,after,10,aztable,1,interactive,lifecycle,GetEntity,GET,200,false,false,1
local-latency,latency3-after.log,after,10,aztable,1,interactive,lifecycle,GetEntity,GET,404,false,true,1
local-latency,latency3-after.log,after,10,aztable,1,interactive,lifecycle,QueryEntities,GET,200,false,false,34
local-latency,latency3-before.log,before,1,aztable,1,interactive,workload,AddEntity,POST,201,false,false,32
local-latency,latency3-before.log,before,1,aztable,1,interactive,workload,DeleteEntity,DELETE,204,false,false,1
local-latency,latency3-before.log,before,1,aztable,1,interactive,workload,QueryEntities,GET,200,false,false,32
local-latency,latency3-before.log,before,1,aztable,1,interactive,lifecycle,AddEntity,POST,201,false,false,35
local-latency,latency3-before.log,before,1,aztable,1,interactive,lifecycle,CreateTable,POST,201,false,false,4
local-latency,latency3-before.log,before,1,aztable,1,interactive,lifecycle,DeleteEntity,DELETE,204,false,false,2
local-latency,latency3-before.log,before,1,aztable,1,interactive,lifecycle,DeleteTable,DELETE,204,false,false,4
local-latency,latency3-before.log,before,1,aztable,1,interactive,lifecycle,GetEntity,GET,200,false,false,1
local-latency,latency3-before.log,before,1,aztable,1,interactive,lifecycle,GetEntity,GET,404,false,true,1
local-latency,latency3-before.log,before,1,aztable,1,interactive,lifecycle,QueryEntities,GET,200,false,false,34
local-latency,latency3-before.log,before,2,aztable,1,interactive,workload,AddEntity,POST,201,false,false,32
local-latency,latency3-before.log,before,2,aztable,1,interactive,workload,DeleteEntity,DELETE,204,false,false,1
local-latency,latency3-before.log,before,2,aztable,1,interactive,workload,QueryEntities,GET,200,false,false,32
local-latency,latency3-before.log,before,2,aztable,1,interactive,lifecycle,AddEntity,POST,201,false,false,35
local-latency,latency3-before.log,before,2,aztable,1,interactive,lifecycle,CreateTable,POST,201,false,false,4
local-latency,latency3-before.log,before,2,aztable,1,interactive,lifecycle,DeleteEntity,DELETE,204,false,false,2
local-latency,latency3-before.log,before,2,aztable,1,interactive,lifecycle,DeleteTable,DELETE,204,false,false,4
local-latency,latency3-before.log,before,2,aztable,1,interactive,lifecycle,GetEntity,GET,200,false,false,1
local-latency,latency3-before.log,before,2,aztable,1,interactive,lifecycle,GetEntity,GET,404,false,true,1
local-latency,latency3-before.log,before,2,aztable,1,interactive,lifecycle,QueryEntities,GET,200,false,false,34
local-latency,latency3-before.log,before,3,aztable,1,interactive,workload,AddEntity,POST,201,false,false,32
local-latency,latency3-before.log,before,3,aztable,1,interactive,workload,DeleteEntity,DELETE,204,false,false,1
local-latency,latency3-before.log,before,3,aztable,1,interactive,workload,QueryEntities,GET,200,false,false,32
local-latency,latency3-before.log,before,3,aztable,1,interactive,lifecycle,AddEntity,POST,201,false,false,35
local-latency,latency3-before.log,before,3,aztable,1,interactive,lifecycle,CreateTable,POST,201,false,false,4
local-latency,latency3-before.log,before,3,aztable,1,interactive,lifecycle,DeleteEntity,DELETE,204,false,false,2
local-latency,latency3-before.log,before,3,aztable,1,interactive,lifecycle,DeleteTable,DELETE,204,false,false,4
local-latency,latency3-before.log,before,3,aztable,1,interactive,lifecycle,GetEntity,GET,200,false,false,1
local-latency,latency3-before.log,before,3,aztable,1,interactive,lifecycle,GetEntity,GET,404,false,true,1
local-latency,latency3-before.log,before,3,aztable,1,interactive,lifecycle,QueryEntities,GET,200,false,false,34
local-latency,latency3-before.log,before,4,aztable,1,interactive,workload,AddEntity,POST,201,false,false,32
local-latency,latency3-before.log,before,4,aztable,1,interactive,workload,DeleteEntity,DELETE,204,false,false,1
local-latency,latency3-before.log,before,4,aztable,1,interactive,workload,QueryEntities,GET,200,false,false,32
local-latency,latency3-before.log,before,4,aztable,1,interactive,lifecycle,AddEntity,POST,201,false,false,35
local-latency,latency3-before.log,before,4,aztable,1,interactive,lifecycle,CreateTable,POST,201,false,false,4
local-latency,latency3-before.log,before,4,aztable,1,interactive,lifecycle,DeleteEntity,DELETE,204,false,false,2
local-latency,latency3-before.log,before,4,aztable,1,interactive,lifecycle,DeleteTable,DELETE,204,false,false,4
local-latency,latency3-before.log,before,4,aztable,1,interactive,lifecycle,GetEntity,GET,200,false,false,1
local-latency,latency3-before.log,before,4,aztable,1,interactive,lifecycle,GetEntity,GET,404,false,true,1
local-latency,latency3-before.log,before,4,aztable,1,interactive,lifecycle,QueryEntities,GET,200,false,false,34
local-latency,latency3-before.log,before,5,aztable,1,interactive,workload,AddEntity,POST,201,false,false,32
local-latency,latency3-before.log,before,5,aztable,1,interactive,workload,DeleteEntity,DELETE,204,false,false,1
local-latency,latency3-before.log,before,5,aztable,1,interactive,workload,QueryEntities,GET,200,false,false,32
local-latency,latency3-before.log,before,5,aztable,1,interactive,lifecycle,AddEntity,POST,201,false,false,35
local-latency,latency3-before.log,before,5,aztable,1,interactive,lifecycle,CreateTable,POST,201,false,false,4
local-latency,latency3-before.log,before,5,aztable,1,interactive,lifecycle,DeleteEntity,DELETE,204,false,false,2
local-latency,latency3-before.log,before,5,aztable,1,interactive,lifecycle,DeleteTable,DELETE,204,false,false,4
local-latency,latency3-before.log,before,5,aztable,1,interactive,lifecycle,GetEntity,GET,200,false,false,1
local-latency,latency3-before.log,before,5,aztable,1,interactive,lifecycle,GetEntity,GET,404,false,true,1
local-latency,latency3-before.log,before,5,aztable,1,interactive,lifecycle,QueryEntities,GET,200,false,false,34
local-latency,latency3-before.log,before,6,aztable,1,interactive,workload,AddEntity,POST,201,false,false,32
local-latency,latency3-before.log,before,6,aztable,1,interactive,workload,DeleteEntity,DELETE,204,false,false,1
local-latency,latency3-before.log,before,6,aztable,1,interactive,workload,QueryEntities,GET,200,false,false,32
local-latency,latency3-before.log,before,6,aztable,1,interactive,lifecycle,AddEntity,POST,201,false,false,35
local-latency,latency3-before.log,before,6,aztable,1,interactive,lifecycle,CreateTable,POST,201,false,false,4
local-latency,latency3-before.log,before,6,aztable,1,interactive,lifecycle,DeleteEntity,DELETE,204,false,false,2
local-latency,latency3-before.log,before,6,aztable,1,interactive,lifecycle,DeleteTable,DELETE,204,false,false,4
local-latency,latency3-before.log,before,6,aztable,1,interactive,lifecycle,GetEntity,GET,200,false,false,1
local-latency,latency3-before.log,before,6,aztable,1,interactive,lifecycle,GetEntity,GET,404,false,true,1
local-latency,latency3-before.log,before,6,aztable,1,interactive,lifecycle,QueryEntities,GET,200,false,false,34
local-latency,latency3-before.log,before,7,aztable,1,interactive,workload,AddEntity,POST,201,false,false,32
local-latency,latency3-before.log,before,7,aztable,1,interactive,workload,DeleteEntity,DELETE,204,false,false,1
local-latency,latency3-before.log,before,7,aztable,1,interactive,workload,QueryEntities,GET,200,false,false,32
local-latency,latency3-before.log,before,7,aztable,1,interactive,lifecycle,AddEntity,POST,201,false,false,35
local-latency,latency3-before.log,before,7,aztable,1,interactive,lifecycle,CreateTable,POST,201,false,false,4
local-latency,latency3-before.log,before,7,aztable,1,interactive,lifecycle,DeleteEntity,DELETE,204,false,false,2
local-latency,latency3-before.log,before,7,aztable,1,interactive,lifecycle,DeleteTable,DELETE,204,false,false,4
local-latency,latency3-before.log,before,7,aztable,1,interactive,lifecycle,GetEntity,GET,200,false,false,1
local-latency,latency3-before.log,before,7,aztable,1,interactive,lifecycle,GetEntity,GET,404,false,true,1
local-latency,latency3-before.log,before,7,aztable,1,interactive,lifecycle,QueryEntities,GET,200,false,false,34
local-latency,latency3-before.log,before,8,aztable,1,interactive,workload,AddEntity,POST,201,false,false,32
local-latency,latency3-before.log,before,8,aztable,1,interactive,workload,DeleteEntity,DELETE,204,false,false,1
local-latency,latency3-before.log,before,8,aztable,1,interactive,workload,QueryEntities,GET,200,false,false,32
local-latency,latency3-before.log,before,8,aztable,1,interactive,lifecycle,AddEntity,POST,201,false,false,35
local-latency,latency3-before.log,before,8,aztable,1,interactive,lifecycle,CreateTable,POST,201,false,false,4
local-latency,latency3-before.log,before,8,aztable,1,interactive,lifecycle,DeleteEntity,DELETE,204,false,false,2
local-latency,latency3-before.log,before,8,aztable,1,interactive,lifecycle,DeleteTable,DELETE,204,false,false,4
local-latency,latency3-before.log,before,8,aztable,1,interactive,lifecycle,GetEntity,GET,200,false,false,1
local-latency,latency3-before.log,before,8,aztable,1,interactive,lifecycle,GetEntity,GET,404,false,true,1
local-latency,latency3-before.log,before,8,aztable,1,interactive,lifecycle,QueryEntities,GET,200,false,false,34
local-latency,latency3-before.log,before,9,aztable,1,interactive,workload,AddEntity,POST,201,false,false,32
local-latency,latency3-before.log,before,9,aztable,1,interactive,workload,DeleteEntity,DELETE,204,false,false,1
local-latency,latency3-before.log,before,9,aztable,1,interactive,workload,QueryEntities,GET,200,false,false,32
local-latency,latency3-before.log,before,9,aztable,1,interactive,lifecycle,AddEntity,POST,201,false,false,35
local-latency,latency3-before.log,before,9,aztable,1,interactive,lifecycle,CreateTable,POST,201,false,false,4
local-latency,latency3-before.log,before,9,aztable,1,interactive,lifecycle,DeleteEntity,DELETE,204,false,false,2
local-latency,latency3-before.log,before,9,aztable,1,interactive,lifecycle,DeleteTable,DELETE,204,false,false,4
local-latency,latency3-before.log,before,9,aztable,1,interactive,lifecycle,GetEntity,GET,200,false,false,1
local-latency,latency3-before.log,before,9,aztable,1,interactive,lifecycle,GetEntity,GET,404,false,true,1
local-latency,latency3-before.log,before,9,aztable,1,interactive,lifecycle,QueryEntities,GET,200,false,false,34
local-latency,latency3-before.log,before,10,aztable,1,interactive,workload,AddEntity,POST,201,false,false,32
local-latency,latency3-before.log,before,10,aztable,1,interactive,workload,DeleteEntity,DELETE,204,false,false,1
local-latency,latency3-before.log,before,10,aztable,1,interactive,workload,QueryEntities,GET,200,false,false,32
local-latency,latency3-before.log,before,10,aztable,1,interactive,lifecycle,AddEntity,POST,201,false,false,35
local-latency,latency3-before.log,before,10,aztable,1,interactive,lifecycle,CreateTable,POST,201,false,false,4
local-latency,latency3-before.log,before,10,aztable,1,interactive,lifecycle,DeleteEntity,DELETE,204,false,false,2
local-latency,latency3-before.log,before,10,aztable,1,interactive,lifecycle,DeleteTable,DELETE,204,false,false,4
local-latency,latency3-before.log,before,10,aztable,1,interactive,lifecycle,GetEntity,GET,200,false,false,1
local-latency,latency3-before.log,before,10,aztable,1,interactive,lifecycle,GetEntity,GET,404,false,true,1
local-latency,latency3-before.log,before,10,aztable,1,interactive,lifecycle,QueryEntities,GET,200,false,false,34
local-latency,latency4-after.log,after,1,aztable,1,interactive,workload,AddEntity,POST,204,false,false,32
local-latency,latency4-after.log,after,1,aztable,1,interactive,workload,DeleteEntity,DELETE,204,false,false,1
local-latency,latency4-after.log,after,1,aztable,1,interactive,workload,QueryEntities,GET,200,false,false,32
local-latency,latency4-after.log,after,1,aztable,1,interactive,lifecycle,AddEntity,POST,201,false,false,2
local-latency,latency4-after.log,after,1,aztable,1,interactive,lifecycle,AddEntity,POST,204,false,false,33
local-latency,latency4-after.log,after,1,aztable,1,interactive,lifecycle,CreateTable,POST,201,false,false,4
local-latency,latency4-after.log,after,1,aztable,1,interactive,lifecycle,DeleteEntity,DELETE,204,false,false,2
local-latency,latency4-after.log,after,1,aztable,1,interactive,lifecycle,DeleteTable,DELETE,204,false,false,4
local-latency,latency4-after.log,after,1,aztable,1,interactive,lifecycle,GetEntity,GET,200,false,false,1
local-latency,latency4-after.log,after,1,aztable,1,interactive,lifecycle,GetEntity,GET,404,false,true,1
local-latency,latency4-after.log,after,1,aztable,1,interactive,lifecycle,QueryEntities,GET,200,false,false,34
local-latency,latency4-after.log,after,2,aztable,1,interactive,workload,AddEntity,POST,204,false,false,32
local-latency,latency4-after.log,after,2,aztable,1,interactive,workload,DeleteEntity,DELETE,204,false,false,1
local-latency,latency4-after.log,after,2,aztable,1,interactive,workload,QueryEntities,GET,200,false,false,32
local-latency,latency4-after.log,after,2,aztable,1,interactive,lifecycle,AddEntity,POST,201,false,false,2
local-latency,latency4-after.log,after,2,aztable,1,interactive,lifecycle,AddEntity,POST,204,false,false,33
local-latency,latency4-after.log,after,2,aztable,1,interactive,lifecycle,CreateTable,POST,201,false,false,4
local-latency,latency4-after.log,after,2,aztable,1,interactive,lifecycle,DeleteEntity,DELETE,204,false,false,2
local-latency,latency4-after.log,after,2,aztable,1,interactive,lifecycle,DeleteTable,DELETE,204,false,false,4
local-latency,latency4-after.log,after,2,aztable,1,interactive,lifecycle,GetEntity,GET,200,false,false,1
local-latency,latency4-after.log,after,2,aztable,1,interactive,lifecycle,GetEntity,GET,404,false,true,1
local-latency,latency4-after.log,after,2,aztable,1,interactive,lifecycle,QueryEntities,GET,200,false,false,34
local-latency,latency4-after.log,after,3,aztable,1,interactive,workload,AddEntity,POST,204,false,false,32
local-latency,latency4-after.log,after,3,aztable,1,interactive,workload,DeleteEntity,DELETE,204,false,false,1
local-latency,latency4-after.log,after,3,aztable,1,interactive,workload,QueryEntities,GET,200,false,false,32
local-latency,latency4-after.log,after,3,aztable,1,interactive,lifecycle,AddEntity,POST,201,false,false,2
local-latency,latency4-after.log,after,3,aztable,1,interactive,lifecycle,AddEntity,POST,204,false,false,33
local-latency,latency4-after.log,after,3,aztable,1,interactive,lifecycle,CreateTable,POST,201,false,false,4
local-latency,latency4-after.log,after,3,aztable,1,interactive,lifecycle,DeleteEntity,DELETE,204,false,false,2
local-latency,latency4-after.log,after,3,aztable,1,interactive,lifecycle,DeleteTable,DELETE,204,false,false,4
local-latency,latency4-after.log,after,3,aztable,1,interactive,lifecycle,GetEntity,GET,200,false,false,1
local-latency,latency4-after.log,after,3,aztable,1,interactive,lifecycle,GetEntity,GET,404,false,true,1
local-latency,latency4-after.log,after,3,aztable,1,interactive,lifecycle,QueryEntities,GET,200,false,false,34
local-latency,latency4-after.log,after,4,aztable,1,interactive,workload,AddEntity,POST,204,false,false,32
local-latency,latency4-after.log,after,4,aztable,1,interactive,workload,DeleteEntity,DELETE,204,false,false,1
local-latency,latency4-after.log,after,4,aztable,1,interactive,workload,QueryEntities,GET,200,false,false,32
local-latency,latency4-after.log,after,4,aztable,1,interactive,lifecycle,AddEntity,POST,201,false,false,2
local-latency,latency4-after.log,after,4,aztable,1,interactive,lifecycle,AddEntity,POST,204,false,false,33
local-latency,latency4-after.log,after,4,aztable,1,interactive,lifecycle,CreateTable,POST,201,false,false,4
local-latency,latency4-after.log,after,4,aztable,1,interactive,lifecycle,DeleteEntity,DELETE,204,false,false,2
local-latency,latency4-after.log,after,4,aztable,1,interactive,lifecycle,DeleteTable,DELETE,204,false,false,4
local-latency,latency4-after.log,after,4,aztable,1,interactive,lifecycle,GetEntity,GET,200,false,false,1
local-latency,latency4-after.log,after,4,aztable,1,interactive,lifecycle,GetEntity,GET,404,false,true,1
local-latency,latency4-after.log,after,4,aztable,1,interactive,lifecycle,QueryEntities,GET,200,false,false,34
local-latency,latency4-after.log,after,5,aztable,1,interactive,workload,AddEntity,POST,204,false,false,32
local-latency,latency4-after.log,after,5,aztable,1,interactive,workload,DeleteEntity,DELETE,204,false,false,1
local-latency,latency4-after.log,after,5,aztable,1,interactive,workload,QueryEntities,GET,200,false,false,32
local-latency,latency4-after.log,after,5,aztable,1,interactive,lifecycle,AddEntity,POST,201,false,false,2
local-latency,latency4-after.log,after,5,aztable,1,interactive,lifecycle,AddEntity,POST,204,false,false,33
local-latency,latency4-after.log,after,5,aztable,1,interactive,lifecycle,CreateTable,POST,201,false,false,4
local-latency,latency4-after.log,after,5,aztable,1,interactive,lifecycle,DeleteEntity,DELETE,204,false,false,2
local-latency,latency4-after.log,after,5,aztable,1,interactive,lifecycle,DeleteTable,DELETE,204,false,false,4
local-latency,latency4-after.log,after,5,aztable,1,interactive,lifecycle,GetEntity,GET,200,false,false,1
local-latency,latency4-after.log,after,5,aztable,1,interactive,lifecycle,GetEntity,GET,404,false,true,1
local-latency,latency4-after.log,after,5,aztable,1,interactive,lifecycle,QueryEntities,GET,200,false,false,34
local-latency,latency4-after.log,after,6,aztable,1,interactive,workload,AddEntity,POST,204,false,false,32
local-latency,latency4-after.log,after,6,aztable,1,interactive,workload,DeleteEntity,DELETE,204,false,false,1
local-latency,latency4-after.log,after,6,aztable,1,interactive,workload,QueryEntities,GET,200,false,false,32
local-latency,latency4-after.log,after,6,aztable,1,interactive,lifecycle,AddEntity,POST,201,false,false,2
local-latency,latency4-after.log,after,6,aztable,1,interactive,lifecycle,AddEntity,POST,204,false,false,33
local-latency,latency4-after.log,after,6,aztable,1,interactive,lifecycle,CreateTable,POST,201,false,false,4
local-latency,latency4-after.log,after,6,aztable,1,interactive,lifecycle,DeleteEntity,DELETE,204,false,false,2
local-latency,latency4-after.log,after,6,aztable,1,interactive,lifecycle,DeleteTable,DELETE,204,false,false,4
local-latency,latency4-after.log,after,6,aztable,1,interactive,lifecycle,GetEntity,GET,200,false,false,1
local-latency,latency4-after.log,after,6,aztable,1,interactive,lifecycle,GetEntity,GET,404,false,true,1
local-latency,latency4-after.log,after,6,aztable,1,interactive,lifecycle,QueryEntities,GET,200,false,false,34
local-latency,latency4-after.log,after,7,aztable,1,interactive,workload,AddEntity,POST,204,false,false,32
local-latency,latency4-after.log,after,7,aztable,1,interactive,workload,DeleteEntity,DELETE,204,false,false,1
local-latency,latency4-after.log,after,7,aztable,1,interactive,workload,QueryEntities,GET,200,false,false,32
local-latency,latency4-after.log,after,7,aztable,1,interactive,lifecycle,AddEntity,POST,201,false,false,2
local-latency,latency4-after.log,after,7,aztable,1,interactive,lifecycle,AddEntity,POST,204,false,false,33
local-latency,latency4-after.log,after,7,aztable,1,interactive,lifecycle,CreateTable,POST,201,false,false,4
local-latency,latency4-after.log,after,7,aztable,1,interactive,lifecycle,DeleteEntity,DELETE,204,false,false,2
local-latency,latency4-after.log,after,7,aztable,1,interactive,lifecycle,DeleteTable,DELETE,204,false,false,4
local-latency,latency4-after.log,after,7,aztable,1,interactive,lifecycle,GetEntity,GET,200,false,false,1
local-latency,latency4-after.log,after,7,aztable,1,interactive,lifecycle,GetEntity,GET,404,false,true,1
local-latency,latency4-after.log,after,7,aztable,1,interactive,lifecycle,QueryEntities,GET,200,false,false,34
local-latency,latency4-after.log,after,8,aztable,1,interactive,workload,AddEntity,POST,204,false,false,32
local-latency,latency4-after.log,after,8,aztable,1,interactive,workload,DeleteEntity,DELETE,204,false,false,1
local-latency,latency4-after.log,after,8,aztable,1,interactive,workload,QueryEntities,GET,200,false,false,32
local-latency,latency4-after.log,after,8,aztable,1,interactive,lifecycle,AddEntity,POST,201,false,false,2
local-latency,latency4-after.log,after,8,aztable,1,interactive,lifecycle,AddEntity,POST,204,false,false,33
local-latency,latency4-after.log,after,8,aztable,1,interactive,lifecycle,CreateTable,POST,201,false,false,4
local-latency,latency4-after.log,after,8,aztable,1,interactive,lifecycle,DeleteEntity,DELETE,204,false,false,2
local-latency,latency4-after.log,after,8,aztable,1,interactive,lifecycle,DeleteTable,DELETE,204,false,false,4
local-latency,latency4-after.log,after,8,aztable,1,interactive,lifecycle,GetEntity,GET,200,false,false,1
local-latency,latency4-after.log,after,8,aztable,1,interactive,lifecycle,GetEntity,GET,404,false,true,1
local-latency,latency4-after.log,after,8,aztable,1,interactive,lifecycle,QueryEntities,GET,200,false,false,34
local-latency,latency4-after.log,after,9,aztable,1,interactive,workload,AddEntity,POST,204,false,false,32
local-latency,latency4-after.log,after,9,aztable,1,interactive,workload,DeleteEntity,DELETE,204,false,false,1
local-latency,latency4-after.log,after,9,aztable,1,interactive,workload,QueryEntities,GET,200,false,false,32
local-latency,latency4-after.log,after,9,aztable,1,interactive,lifecycle,AddEntity,POST,201,false,false,2
local-latency,latency4-after.log,after,9,aztable,1,interactive,lifecycle,AddEntity,POST,204,false,false,33
local-latency,latency4-after.log,after,9,aztable,1,interactive,lifecycle,CreateTable,POST,201,false,false,4
local-latency,latency4-after.log,after,9,aztable,1,interactive,lifecycle,DeleteEntity,DELETE,204,false,false,2
local-latency,latency4-after.log,after,9,aztable,1,interactive,lifecycle,DeleteTable,DELETE,204,false,false,4
local-latency,latency4-after.log,after,9,aztable,1,interactive,lifecycle,GetEntity,GET,200,false,false,1
local-latency,latency4-after.log,after,9,aztable,1,interactive,lifecycle,GetEntity,GET,404,false,true,1
local-latency,latency4-after.log,after,9,aztable,1,interactive,lifecycle,QueryEntities,GET,200,false,false,34
local-latency,latency4-after.log,after,10,aztable,1,interactive,workload,AddEntity,POST,204,false,false,32
local-latency,latency4-after.log,after,10,aztable,1,interactive,workload,DeleteEntity,DELETE,204,false,false,1
local-latency,latency4-after.log,after,10,aztable,1,interactive,workload,QueryEntities,GET,200,false,false,32
local-latency,latency4-after.log,after,10,aztable,1,interactive,lifecycle,AddEntity,POST,201,false,false,2
local-latency,latency4-after.log,after,10,aztable,1,interactive,lifecycle,AddEntity,POST,204,false,false,33
local-latency,latency4-after.log,after,10,aztable,1,interactive,lifecycle,CreateTable,POST,201,false,false,4
local-latency,latency4-after.log,after,10,aztable,1,interactive,lifecycle,DeleteEntity,DELETE,204,false,false,2
local-latency,latency4-after.log,after,10,aztable,1,interactive,lifecycle,DeleteTable,DELETE,204,false,false,4
local-latency,latency4-after.log,after,10,aztable,1,interactive,lifecycle,GetEntity,GET,200,false,false,1
local-latency,latency4-after.log,after,10,aztable,1,interactive,lifecycle,GetEntity,GET,404,false,true,1
local-latency,latency4-after.log,after,10,aztable,1,interactive,lifecycle,QueryEntities,GET,200,false,false,34
local-latency,latency4-before.log,before,1,aztable,1,interactive,workload,AddEntity,POST,201,false,false,32
local-latency,latency4-before.log,before,1,aztable,1,interactive,workload,DeleteEntity,DELETE,204,false,false,1
local-latency,latency4-before.log,before,1,aztable,1,interactive,workload,QueryEntities,GET,200,false,false,32
local-latency,latency4-before.log,before,1,aztable,1,interactive,lifecycle,AddEntity,POST,201,false,false,35
local-latency,latency4-before.log,before,1,aztable,1,interactive,lifecycle,CreateTable,POST,201,false,false,4
local-latency,latency4-before.log,before,1,aztable,1,interactive,lifecycle,DeleteEntity,DELETE,204,false,false,2
local-latency,latency4-before.log,before,1,aztable,1,interactive,lifecycle,DeleteTable,DELETE,204,false,false,4
local-latency,latency4-before.log,before,1,aztable,1,interactive,lifecycle,GetEntity,GET,200,false,false,1
local-latency,latency4-before.log,before,1,aztable,1,interactive,lifecycle,GetEntity,GET,404,false,true,1
local-latency,latency4-before.log,before,1,aztable,1,interactive,lifecycle,QueryEntities,GET,200,false,false,34
local-latency,latency4-before.log,before,2,aztable,1,interactive,workload,AddEntity,POST,201,false,false,32
local-latency,latency4-before.log,before,2,aztable,1,interactive,workload,DeleteEntity,DELETE,204,false,false,1
local-latency,latency4-before.log,before,2,aztable,1,interactive,workload,QueryEntities,GET,200,false,false,32
local-latency,latency4-before.log,before,2,aztable,1,interactive,lifecycle,AddEntity,POST,201,false,false,35
local-latency,latency4-before.log,before,2,aztable,1,interactive,lifecycle,CreateTable,POST,201,false,false,4
local-latency,latency4-before.log,before,2,aztable,1,interactive,lifecycle,DeleteEntity,DELETE,204,false,false,2
local-latency,latency4-before.log,before,2,aztable,1,interactive,lifecycle,DeleteTable,DELETE,204,false,false,4
local-latency,latency4-before.log,before,2,aztable,1,interactive,lifecycle,GetEntity,GET,200,false,false,1
local-latency,latency4-before.log,before,2,aztable,1,interactive,lifecycle,GetEntity,GET,404,false,true,1
local-latency,latency4-before.log,before,2,aztable,1,interactive,lifecycle,QueryEntities,GET,200,false,false,34
local-latency,latency4-before.log,before,3,aztable,1,interactive,workload,AddEntity,POST,201,false,false,32
local-latency,latency4-before.log,before,3,aztable,1,interactive,workload,DeleteEntity,DELETE,204,false,false,1
local-latency,latency4-before.log,before,3,aztable,1,interactive,workload,QueryEntities,GET,200,false,false,32
local-latency,latency4-before.log,before,3,aztable,1,interactive,lifecycle,AddEntity,POST,201,false,false,35
local-latency,latency4-before.log,before,3,aztable,1,interactive,lifecycle,CreateTable,POST,201,false,false,4
local-latency,latency4-before.log,before,3,aztable,1,interactive,lifecycle,DeleteEntity,DELETE,204,false,false,2
local-latency,latency4-before.log,before,3,aztable,1,interactive,lifecycle,DeleteTable,DELETE,204,false,false,4
local-latency,latency4-before.log,before,3,aztable,1,interactive,lifecycle,GetEntity,GET,200,false,false,1
local-latency,latency4-before.log,before,3,aztable,1,interactive,lifecycle,GetEntity,GET,404,false,true,1
local-latency,latency4-before.log,before,3,aztable,1,interactive,lifecycle,QueryEntities,GET,200,false,false,34
local-latency,latency4-before.log,before,4,aztable,1,interactive,workload,AddEntity,POST,201,false,false,32
local-latency,latency4-before.log,before,4,aztable,1,interactive,workload,DeleteEntity,DELETE,204,false,false,1
local-latency,latency4-before.log,before,4,aztable,1,interactive,workload,QueryEntities,GET,200,false,false,32
local-latency,latency4-before.log,before,4,aztable,1,interactive,lifecycle,AddEntity,POST,201,false,false,35
local-latency,latency4-before.log,before,4,aztable,1,interactive,lifecycle,CreateTable,POST,201,false,false,4
local-latency,latency4-before.log,before,4,aztable,1,interactive,lifecycle,DeleteEntity,DELETE,204,false,false,2
local-latency,latency4-before.log,before,4,aztable,1,interactive,lifecycle,DeleteTable,DELETE,204,false,false,4
local-latency,latency4-before.log,before,4,aztable,1,interactive,lifecycle,GetEntity,GET,200,false,false,1
local-latency,latency4-before.log,before,4,aztable,1,interactive,lifecycle,GetEntity,GET,404,false,true,1
local-latency,latency4-before.log,before,4,aztable,1,interactive,lifecycle,QueryEntities,GET,200,false,false,34
local-latency,latency4-before.log,before,5,aztable,1,interactive,workload,AddEntity,POST,201,false,false,32
local-latency,latency4-before.log,before,5,aztable,1,interactive,workload,DeleteEntity,DELETE,204,false,false,1
local-latency,latency4-before.log,before,5,aztable,1,interactive,workload,QueryEntities,GET,200,false,false,32
local-latency,latency4-before.log,before,5,aztable,1,interactive,lifecycle,AddEntity,POST,201,false,false,35
local-latency,latency4-before.log,before,5,aztable,1,interactive,lifecycle,CreateTable,POST,201,false,false,4
local-latency,latency4-before.log,before,5,aztable,1,interactive,lifecycle,DeleteEntity,DELETE,204,false,false,2
local-latency,latency4-before.log,before,5,aztable,1,interactive,lifecycle,DeleteTable,DELETE,204,false,false,4
local-latency,latency4-before.log,before,5,aztable,1,interactive,lifecycle,GetEntity,GET,200,false,false,1
local-latency,latency4-before.log,before,5,aztable,1,interactive,lifecycle,GetEntity,GET,404,false,true,1
local-latency,latency4-before.log,before,5,aztable,1,interactive,lifecycle,QueryEntities,GET,200,false,false,34
local-latency,latency4-before.log,before,6,aztable,1,interactive,workload,AddEntity,POST,201,false,false,32
local-latency,latency4-before.log,before,6,aztable,1,interactive,workload,DeleteEntity,DELETE,204,false,false,1
local-latency,latency4-before.log,before,6,aztable,1,interactive,workload,QueryEntities,GET,200,false,false,32
local-latency,latency4-before.log,before,6,aztable,1,interactive,lifecycle,AddEntity,POST,201,false,false,35
local-latency,latency4-before.log,before,6,aztable,1,interactive,lifecycle,CreateTable,POST,201,false,false,4
local-latency,latency4-before.log,before,6,aztable,1,interactive,lifecycle,DeleteEntity,DELETE,204,false,false,2
local-latency,latency4-before.log,before,6,aztable,1,interactive,lifecycle,DeleteTable,DELETE,204,false,false,4
local-latency,latency4-before.log,before,6,aztable,1,interactive,lifecycle,GetEntity,GET,200,false,false,1
local-latency,latency4-before.log,before,6,aztable,1,interactive,lifecycle,GetEntity,GET,404,false,true,1
local-latency,latency4-before.log,before,6,aztable,1,interactive,lifecycle,QueryEntities,GET,200,false,false,34
local-latency,latency4-before.log,before,7,aztable,1,interactive,workload,AddEntity,POST,201,false,false,32
local-latency,latency4-before.log,before,7,aztable,1,interactive,workload,DeleteEntity,DELETE,204,false,false,1
local-latency,latency4-before.log,before,7,aztable,1,interactive,workload,QueryEntities,GET,200,false,false,32
local-latency,latency4-before.log,before,7,aztable,1,interactive,lifecycle,AddEntity,POST,201,false,false,35
local-latency,latency4-before.log,before,7,aztable,1,interactive,lifecycle,CreateTable,POST,201,false,false,4
local-latency,latency4-before.log,before,7,aztable,1,interactive,lifecycle,DeleteEntity,DELETE,204,false,false,2
local-latency,latency4-before.log,before,7,aztable,1,interactive,lifecycle,DeleteTable,DELETE,204,false,false,4
local-latency,latency4-before.log,before,7,aztable,1,interactive,lifecycle,GetEntity,GET,200,false,false,1
local-latency,latency4-before.log,before,7,aztable,1,interactive,lifecycle,GetEntity,GET,404,false,true,1
local-latency,latency4-before.log,before,7,aztable,1,interactive,lifecycle,QueryEntities,GET,200,false,false,34
local-latency,latency4-before.log,before,8,aztable,1,interactive,workload,AddEntity,POST,201,false,false,32
local-latency,latency4-before.log,before,8,aztable,1,interactive,workload,DeleteEntity,DELETE,204,false,false,1
local-latency,latency4-before.log,before,8,aztable,1,interactive,workload,QueryEntities,GET,200,false,false,32
local-latency,latency4-before.log,before,8,aztable,1,interactive,lifecycle,AddEntity,POST,201,false,false,35
local-latency,latency4-before.log,before,8,aztable,1,interactive,lifecycle,CreateTable,POST,201,false,false,4
local-latency,latency4-before.log,before,8,aztable,1,interactive,lifecycle,DeleteEntity,DELETE,204,false,false,2
local-latency,latency4-before.log,before,8,aztable,1,interactive,lifecycle,DeleteTable,DELETE,204,false,false,4
local-latency,latency4-before.log,before,8,aztable,1,interactive,lifecycle,GetEntity,GET,200,false,false,1
local-latency,latency4-before.log,before,8,aztable,1,interactive,lifecycle,GetEntity,GET,404,false,true,1
local-latency,latency4-before.log,before,8,aztable,1,interactive,lifecycle,QueryEntities,GET,200,false,false,34
local-latency,latency4-before.log,before,9,aztable,1,interactive,workload,AddEntity,POST,201,false,false,32
local-latency,latency4-before.log,before,9,aztable,1,interactive,workload,DeleteEntity,DELETE,204,false,false,1
local-latency,latency4-before.log,before,9,aztable,1,interactive,workload,QueryEntities,GET,200,false,false,32
local-latency,latency4-before.log,before,9,aztable,1,interactive,lifecycle,AddEntity,POST,201,false,false,35
local-latency,latency4-before.log,before,9,aztable,1,interactive,lifecycle,CreateTable,POST,201,false,false,4
local-latency,latency4-before.log,before,9,aztable,1,interactive,lifecycle,DeleteEntity,DELETE,204,false,false,2
local-latency,latency4-before.log,before,9,aztable,1,interactive,lifecycle,DeleteTable,DELETE,204,false,false,4
local-latency,latency4-before.log,before,9,aztable,1,interactive,lifecycle,GetEntity,GET,200,false,false,1
local-latency,latency4-before.log,before,9,aztable,1,interactive,lifecycle,GetEntity,GET,404,false,true,1
local-latency,latency4-before.log,before,9,aztable,1,interactive,lifecycle,QueryEntities,GET,200,false,false,34
local-latency,latency4-before.log,before,10,aztable,1,interactive,workload,AddEntity,POST,201,false,false,32
local-latency,latency4-before.log,before,10,aztable,1,interactive,workload,DeleteEntity,DELETE,204,false,false,1
local-latency,latency4-before.log,before,10,aztable,1,interactive,workload,QueryEntities,GET,200,false,false,32
local-latency,latency4-before.log,before,10,aztable,1,interactive,lifecycle,AddEntity,POST,201,false,false,35
local-latency,latency4-before.log,before,10,aztable,1,interactive,lifecycle,CreateTable,POST,201,false,false,4
local-latency,latency4-before.log,before,10,aztable,1,interactive,lifecycle,DeleteEntity,DELETE,204,false,false,2
local-latency,latency4-before.log,before,10,aztable,1,interactive,lifecycle,DeleteTable,DELETE,204,false,false,4
local-latency,latency4-before.log,before,10,aztable,1,interactive,lifecycle,GetEntity,GET,200,false,false,1
local-latency,latency4-before.log,before,10,aztable,1,interactive,lifecycle,GetEntity,GET,404,false,true,1
local-latency,latency4-before.log,before,10,aztable,1,interactive,lifecycle,QueryEntities,GET,200,false,false,34
local-latency,latency5-after.log,after,1,aztable,1,interactive,workload,AddEntity,POST,204,false,false,32
local-latency,latency5-after.log,after,1,aztable,1,interactive,workload,DeleteEntity,DELETE,204,false,false,1
local-latency,latency5-after.log,after,1,aztable,1,interactive,workload,QueryEntities,GET,200,false,false,32
local-latency,latency5-after.log,after,1,aztable,1,interactive,lifecycle,AddEntity,POST,201,false,false,2
local-latency,latency5-after.log,after,1,aztable,1,interactive,lifecycle,AddEntity,POST,204,false,false,33
local-latency,latency5-after.log,after,1,aztable,1,interactive,lifecycle,CreateTable,POST,201,false,false,4
local-latency,latency5-after.log,after,1,aztable,1,interactive,lifecycle,DeleteEntity,DELETE,204,false,false,2
local-latency,latency5-after.log,after,1,aztable,1,interactive,lifecycle,DeleteTable,DELETE,204,false,false,4
local-latency,latency5-after.log,after,1,aztable,1,interactive,lifecycle,GetEntity,GET,200,false,false,1
local-latency,latency5-after.log,after,1,aztable,1,interactive,lifecycle,GetEntity,GET,404,false,true,1
local-latency,latency5-after.log,after,1,aztable,1,interactive,lifecycle,QueryEntities,GET,200,false,false,34
local-latency,latency5-after.log,after,2,aztable,1,interactive,workload,AddEntity,POST,204,false,false,32
local-latency,latency5-after.log,after,2,aztable,1,interactive,workload,DeleteEntity,DELETE,204,false,false,1
local-latency,latency5-after.log,after,2,aztable,1,interactive,workload,QueryEntities,GET,200,false,false,32
local-latency,latency5-after.log,after,2,aztable,1,interactive,lifecycle,AddEntity,POST,201,false,false,2
local-latency,latency5-after.log,after,2,aztable,1,interactive,lifecycle,AddEntity,POST,204,false,false,33
local-latency,latency5-after.log,after,2,aztable,1,interactive,lifecycle,CreateTable,POST,201,false,false,4
local-latency,latency5-after.log,after,2,aztable,1,interactive,lifecycle,DeleteEntity,DELETE,204,false,false,2
local-latency,latency5-after.log,after,2,aztable,1,interactive,lifecycle,DeleteTable,DELETE,204,false,false,4
local-latency,latency5-after.log,after,2,aztable,1,interactive,lifecycle,GetEntity,GET,200,false,false,1
local-latency,latency5-after.log,after,2,aztable,1,interactive,lifecycle,GetEntity,GET,404,false,true,1
local-latency,latency5-after.log,after,2,aztable,1,interactive,lifecycle,QueryEntities,GET,200,false,false,34
local-latency,latency5-after.log,after,3,aztable,1,interactive,workload,AddEntity,POST,204,false,false,32
local-latency,latency5-after.log,after,3,aztable,1,interactive,workload,DeleteEntity,DELETE,204,false,false,1
local-latency,latency5-after.log,after,3,aztable,1,interactive,workload,QueryEntities,GET,200,false,false,32
local-latency,latency5-after.log,after,3,aztable,1,interactive,lifecycle,AddEntity,POST,201,false,false,2
local-latency,latency5-after.log,after,3,aztable,1,interactive,lifecycle,AddEntity,POST,204,false,false,33
local-latency,latency5-after.log,after,3,aztable,1,interactive,lifecycle,CreateTable,POST,201,false,false,4
local-latency,latency5-after.log,after,3,aztable,1,interactive,lifecycle,DeleteEntity,DELETE,204,false,false,2
local-latency,latency5-after.log,after,3,aztable,1,interactive,lifecycle,DeleteTable,DELETE,204,false,false,4
local-latency,latency5-after.log,after,3,aztable,1,interactive,lifecycle,GetEntity,GET,200,false,false,1
local-latency,latency5-after.log,after,3,aztable,1,interactive,lifecycle,GetEntity,GET,404,false,true,1
local-latency,latency5-after.log,after,3,aztable,1,interactive,lifecycle,QueryEntities,GET,200,false,false,34
local-latency,latency5-after.log,after,4,aztable,1,interactive,workload,AddEntity,POST,204,false,false,32
local-latency,latency5-after.log,after,4,aztable,1,interactive,workload,DeleteEntity,DELETE,204,false,false,1
local-latency,latency5-after.log,after,4,aztable,1,interactive,workload,QueryEntities,GET,200,false,false,32
local-latency,latency5-after.log,after,4,aztable,1,interactive,lifecycle,AddEntity,POST,201,false,false,2
local-latency,latency5-after.log,after,4,aztable,1,interactive,lifecycle,AddEntity,POST,204,false,false,33
local-latency,latency5-after.log,after,4,aztable,1,interactive,lifecycle,CreateTable,POST,201,false,false,4
local-latency,latency5-after.log,after,4,aztable,1,interactive,lifecycle,DeleteEntity,DELETE,204,false,false,2
local-latency,latency5-after.log,after,4,aztable,1,interactive,lifecycle,DeleteTable,DELETE,204,false,false,4
local-latency,latency5-after.log,after,4,aztable,1,interactive,lifecycle,GetEntity,GET,200,false,false,1
local-latency,latency5-after.log,after,4,aztable,1,interactive,lifecycle,GetEntity,GET,404,false,true,1
local-latency,latency5-after.log,after,4,aztable,1,interactive,lifecycle,QueryEntities,GET,200,false,false,34
local-latency,latency5-after.log,after,5,aztable,1,interactive,workload,AddEntity,POST,204,false,false,32
local-latency,latency5-after.log,after,5,aztable,1,interactive,workload,DeleteEntity,DELETE,204,false,false,1
local-latency,latency5-after.log,after,5,aztable,1,interactive,workload,QueryEntities,GET,200,false,false,32
local-latency,latency5-after.log,after,5,aztable,1,interactive,lifecycle,AddEntity,POST,201,false,false,2
local-latency,latency5-after.log,after,5,aztable,1,interactive,lifecycle,AddEntity,POST,204,false,false,33
local-latency,latency5-after.log,after,5,aztable,1,interactive,lifecycle,CreateTable,POST,201,false,false,4
local-latency,latency5-after.log,after,5,aztable,1,interactive,lifecycle,DeleteEntity,DELETE,204,false,false,2
local-latency,latency5-after.log,after,5,aztable,1,interactive,lifecycle,DeleteTable,DELETE,204,false,false,4
local-latency,latency5-after.log,after,5,aztable,1,interactive,lifecycle,GetEntity,GET,200,false,false,1
local-latency,latency5-after.log,after,5,aztable,1,interactive,lifecycle,GetEntity,GET,404,false,true,1
local-latency,latency5-after.log,after,5,aztable,1,interactive,lifecycle,QueryEntities,GET,200,false,false,34
local-latency,latency5-after.log,after,6,aztable,1,interactive,workload,AddEntity,POST,204,false,false,32
local-latency,latency5-after.log,after,6,aztable,1,interactive,workload,DeleteEntity,DELETE,204,false,false,1
local-latency,latency5-after.log,after,6,aztable,1,interactive,workload,QueryEntities,GET,200,false,false,32
local-latency,latency5-after.log,after,6,aztable,1,interactive,lifecycle,AddEntity,POST,201,false,false,2
local-latency,latency5-after.log,after,6,aztable,1,interactive,lifecycle,AddEntity,POST,204,false,false,33
local-latency,latency5-after.log,after,6,aztable,1,interactive,lifecycle,CreateTable,POST,201,false,false,4
local-latency,latency5-after.log,after,6,aztable,1,interactive,lifecycle,DeleteEntity,DELETE,204,false,false,2
local-latency,latency5-after.log,after,6,aztable,1,interactive,lifecycle,DeleteTable,DELETE,204,false,false,4
local-latency,latency5-after.log,after,6,aztable,1,interactive,lifecycle,GetEntity,GET,200,false,false,1
local-latency,latency5-after.log,after,6,aztable,1,interactive,lifecycle,GetEntity,GET,404,false,true,1
local-latency,latency5-after.log,after,6,aztable,1,interactive,lifecycle,QueryEntities,GET,200,false,false,34
local-latency,latency5-after.log,after,7,aztable,1,interactive,workload,AddEntity,POST,204,false,false,32
local-latency,latency5-after.log,after,7,aztable,1,interactive,workload,DeleteEntity,DELETE,204,false,false,1
local-latency,latency5-after.log,after,7,aztable,1,interactive,workload,QueryEntities,GET,200,false,false,32
local-latency,latency5-after.log,after,7,aztable,1,interactive,lifecycle,AddEntity,POST,201,false,false,2
local-latency,latency5-after.log,after,7,aztable,1,interactive,lifecycle,AddEntity,POST,204,false,false,33
local-latency,latency5-after.log,after,7,aztable,1,interactive,lifecycle,CreateTable,POST,201,false,false,4
local-latency,latency5-after.log,after,7,aztable,1,interactive,lifecycle,DeleteEntity,DELETE,204,false,false,2
local-latency,latency5-after.log,after,7,aztable,1,interactive,lifecycle,DeleteTable,DELETE,204,false,false,4
local-latency,latency5-after.log,after,7,aztable,1,interactive,lifecycle,GetEntity,GET,200,false,false,1
local-latency,latency5-after.log,after,7,aztable,1,interactive,lifecycle,GetEntity,GET,404,false,true,1
local-latency,latency5-after.log,after,7,aztable,1,interactive,lifecycle,QueryEntities,GET,200,false,false,34
local-latency,latency5-after.log,after,8,aztable,1,interactive,workload,AddEntity,POST,204,false,false,32
local-latency,latency5-after.log,after,8,aztable,1,interactive,workload,DeleteEntity,DELETE,204,false,false,1
local-latency,latency5-after.log,after,8,aztable,1,interactive,workload,QueryEntities,GET,200,false,false,32
local-latency,latency5-after.log,after,8,aztable,1,interactive,lifecycle,AddEntity,POST,201,false,false,2
local-latency,latency5-after.log,after,8,aztable,1,interactive,lifecycle,AddEntity,POST,204,false,false,33
local-latency,latency5-after.log,after,8,aztable,1,interactive,lifecycle,CreateTable,POST,201,false,false,4
local-latency,latency5-after.log,after,8,aztable,1,interactive,lifecycle,DeleteEntity,DELETE,204,false,false,2
local-latency,latency5-after.log,after,8,aztable,1,interactive,lifecycle,DeleteTable,DELETE,204,false,false,4
local-latency,latency5-after.log,after,8,aztable,1,interactive,lifecycle,GetEntity,GET,200,false,false,1
local-latency,latency5-after.log,after,8,aztable,1,interactive,lifecycle,GetEntity,GET,404,false,true,1
local-latency,latency5-after.log,after,8,aztable,1,interactive,lifecycle,QueryEntities,GET,200,false,false,34
local-latency,latency5-after.log,after,9,aztable,1,interactive,workload,AddEntity,POST,204,false,false,32
local-latency,latency5-after.log,after,9,aztable,1,interactive,workload,DeleteEntity,DELETE,204,false,false,1
local-latency,latency5-after.log,after,9,aztable,1,interactive,workload,QueryEntities,GET,200,false,false,32
local-latency,latency5-after.log,after,9,aztable,1,interactive,lifecycle,AddEntity,POST,201,false,false,2
local-latency,latency5-after.log,after,9,aztable,1,interactive,lifecycle,AddEntity,POST,204,false,false,33
local-latency,latency5-after.log,after,9,aztable,1,interactive,lifecycle,CreateTable,POST,201,false,false,4
local-latency,latency5-after.log,after,9,aztable,1,interactive,lifecycle,DeleteEntity,DELETE,204,false,false,2
local-latency,latency5-after.log,after,9,aztable,1,interactive,lifecycle,DeleteTable,DELETE,204,false,false,4
local-latency,latency5-after.log,after,9,aztable,1,interactive,lifecycle,GetEntity,GET,200,false,false,1
local-latency,latency5-after.log,after,9,aztable,1,interactive,lifecycle,GetEntity,GET,404,false,true,1
local-latency,latency5-after.log,after,9,aztable,1,interactive,lifecycle,QueryEntities,GET,200,false,false,34
local-latency,latency5-after.log,after,10,aztable,1,interactive,workload,AddEntity,POST,204,false,false,32
local-latency,latency5-after.log,after,10,aztable,1,interactive,workload,DeleteEntity,DELETE,204,false,false,1
local-latency,latency5-after.log,after,10,aztable,1,interactive,workload,QueryEntities,GET,200,false,false,32
local-latency,latency5-after.log,after,10,aztable,1,interactive,lifecycle,AddEntity,POST,201,false,false,2
local-latency,latency5-after.log,after,10,aztable,1,interactive,lifecycle,AddEntity,POST,204,false,false,33
local-latency,latency5-after.log,after,10,aztable,1,interactive,lifecycle,CreateTable,POST,201,false,false,4
local-latency,latency5-after.log,after,10,aztable,1,interactive,lifecycle,DeleteEntity,DELETE,204,false,false,2
local-latency,latency5-after.log,after,10,aztable,1,interactive,lifecycle,DeleteTable,DELETE,204,false,false,4
local-latency,latency5-after.log,after,10,aztable,1,interactive,lifecycle,GetEntity,GET,200,false,false,1
local-latency,latency5-after.log,after,10,aztable,1,interactive,lifecycle,GetEntity,GET,404,false,true,1
local-latency,latency5-after.log,after,10,aztable,1,interactive,lifecycle,QueryEntities,GET,200,false,false,34
local-latency,latency5-before.log,before,1,aztable,1,interactive,workload,AddEntity,POST,201,false,false,32
local-latency,latency5-before.log,before,1,aztable,1,interactive,workload,DeleteEntity,DELETE,204,false,false,1
local-latency,latency5-before.log,before,1,aztable,1,interactive,workload,QueryEntities,GET,200,false,false,32
local-latency,latency5-before.log,before,1,aztable,1,interactive,lifecycle,AddEntity,POST,201,false,false,35
local-latency,latency5-before.log,before,1,aztable,1,interactive,lifecycle,CreateTable,POST,201,false,false,4
local-latency,latency5-before.log,before,1,aztable,1,interactive,lifecycle,DeleteEntity,DELETE,204,false,false,2
local-latency,latency5-before.log,before,1,aztable,1,interactive,lifecycle,DeleteTable,DELETE,204,false,false,4
local-latency,latency5-before.log,before,1,aztable,1,interactive,lifecycle,GetEntity,GET,200,false,false,1
local-latency,latency5-before.log,before,1,aztable,1,interactive,lifecycle,GetEntity,GET,404,false,true,1
local-latency,latency5-before.log,before,1,aztable,1,interactive,lifecycle,QueryEntities,GET,200,false,false,34
local-latency,latency5-before.log,before,2,aztable,1,interactive,workload,AddEntity,POST,201,false,false,32
local-latency,latency5-before.log,before,2,aztable,1,interactive,workload,DeleteEntity,DELETE,204,false,false,1
local-latency,latency5-before.log,before,2,aztable,1,interactive,workload,QueryEntities,GET,200,false,false,32
local-latency,latency5-before.log,before,2,aztable,1,interactive,lifecycle,AddEntity,POST,201,false,false,35
local-latency,latency5-before.log,before,2,aztable,1,interactive,lifecycle,CreateTable,POST,201,false,false,4
local-latency,latency5-before.log,before,2,aztable,1,interactive,lifecycle,DeleteEntity,DELETE,204,false,false,2
local-latency,latency5-before.log,before,2,aztable,1,interactive,lifecycle,DeleteTable,DELETE,204,false,false,4
local-latency,latency5-before.log,before,2,aztable,1,interactive,lifecycle,GetEntity,GET,200,false,false,1
local-latency,latency5-before.log,before,2,aztable,1,interactive,lifecycle,GetEntity,GET,404,false,true,1
local-latency,latency5-before.log,before,2,aztable,1,interactive,lifecycle,QueryEntities,GET,200,false,false,34
local-latency,latency5-before.log,before,3,aztable,1,interactive,workload,AddEntity,POST,201,false,false,32
local-latency,latency5-before.log,before,3,aztable,1,interactive,workload,DeleteEntity,DELETE,204,false,false,1
local-latency,latency5-before.log,before,3,aztable,1,interactive,workload,QueryEntities,GET,200,false,false,32
local-latency,latency5-before.log,before,3,aztable,1,interactive,lifecycle,AddEntity,POST,201,false,false,35
local-latency,latency5-before.log,before,3,aztable,1,interactive,lifecycle,CreateTable,POST,201,false,false,4
local-latency,latency5-before.log,before,3,aztable,1,interactive,lifecycle,DeleteEntity,DELETE,204,false,false,2
local-latency,latency5-before.log,before,3,aztable,1,interactive,lifecycle,DeleteTable,DELETE,204,false,false,4
local-latency,latency5-before.log,before,3,aztable,1,interactive,lifecycle,GetEntity,GET,200,false,false,1
local-latency,latency5-before.log,before,3,aztable,1,interactive,lifecycle,GetEntity,GET,404,false,true,1
local-latency,latency5-before.log,before,3,aztable,1,interactive,lifecycle,QueryEntities,GET,200,false,false,34
local-latency,latency5-before.log,before,4,aztable,1,interactive,workload,AddEntity,POST,201,false,false,32
local-latency,latency5-before.log,before,4,aztable,1,interactive,workload,DeleteEntity,DELETE,204,false,false,1
local-latency,latency5-before.log,before,4,aztable,1,interactive,workload,QueryEntities,GET,200,false,false,32
local-latency,latency5-before.log,before,4,aztable,1,interactive,lifecycle,AddEntity,POST,201,false,false,35
local-latency,latency5-before.log,before,4,aztable,1,interactive,lifecycle,CreateTable,POST,201,false,false,4
local-latency,latency5-before.log,before,4,aztable,1,interactive,lifecycle,DeleteEntity,DELETE,204,false,false,2
local-latency,latency5-before.log,before,4,aztable,1,interactive,lifecycle,DeleteTable,DELETE,204,false,false,4
local-latency,latency5-before.log,before,4,aztable,1,interactive,lifecycle,GetEntity,GET,200,false,false,1
local-latency,latency5-before.log,before,4,aztable,1,interactive,lifecycle,GetEntity,GET,404,false,true,1
local-latency,latency5-before.log,before,4,aztable,1,interactive,lifecycle,QueryEntities,GET,200,false,false,34
local-latency,latency5-before.log,before,5,aztable,1,interactive,workload,AddEntity,POST,201,false,false,32
local-latency,latency5-before.log,before,5,aztable,1,interactive,workload,DeleteEntity,DELETE,204,false,false,1
local-latency,latency5-before.log,before,5,aztable,1,interactive,workload,QueryEntities,GET,200,false,false,32
local-latency,latency5-before.log,before,5,aztable,1,interactive,lifecycle,AddEntity,POST,201,false,false,35
local-latency,latency5-before.log,before,5,aztable,1,interactive,lifecycle,CreateTable,POST,201,false,false,4
local-latency,latency5-before.log,before,5,aztable,1,interactive,lifecycle,DeleteEntity,DELETE,204,false,false,2
local-latency,latency5-before.log,before,5,aztable,1,interactive,lifecycle,DeleteTable,DELETE,204,false,false,4
local-latency,latency5-before.log,before,5,aztable,1,interactive,lifecycle,GetEntity,GET,200,false,false,1
local-latency,latency5-before.log,before,5,aztable,1,interactive,lifecycle,GetEntity,GET,404,false,true,1
local-latency,latency5-before.log,before,5,aztable,1,interactive,lifecycle,QueryEntities,GET,200,false,false,34
local-latency,latency5-before.log,before,6,aztable,1,interactive,workload,AddEntity,POST,201,false,false,32
local-latency,latency5-before.log,before,6,aztable,1,interactive,workload,DeleteEntity,DELETE,204,false,false,1
local-latency,latency5-before.log,before,6,aztable,1,interactive,workload,QueryEntities,GET,200,false,false,32
local-latency,latency5-before.log,before,6,aztable,1,interactive,lifecycle,AddEntity,POST,201,false,false,35
local-latency,latency5-before.log,before,6,aztable,1,interactive,lifecycle,CreateTable,POST,201,false,false,4
local-latency,latency5-before.log,before,6,aztable,1,interactive,lifecycle,DeleteEntity,DELETE,204,false,false,2
local-latency,latency5-before.log,before,6,aztable,1,interactive,lifecycle,DeleteTable,DELETE,204,false,false,4
local-latency,latency5-before.log,before,6,aztable,1,interactive,lifecycle,GetEntity,GET,200,false,false,1
local-latency,latency5-before.log,before,6,aztable,1,interactive,lifecycle,GetEntity,GET,404,false,true,1
local-latency,latency5-before.log,before,6,aztable,1,interactive,lifecycle,QueryEntities,GET,200,false,false,34
local-latency,latency5-before.log,before,7,aztable,1,interactive,workload,AddEntity,POST,201,false,false,32
local-latency,latency5-before.log,before,7,aztable,1,interactive,workload,DeleteEntity,DELETE,204,false,false,1
local-latency,latency5-before.log,before,7,aztable,1,interactive,workload,QueryEntities,GET,200,false,false,32
local-latency,latency5-before.log,before,7,aztable,1,interactive,lifecycle,AddEntity,POST,201,false,false,35
local-latency,latency5-before.log,before,7,aztable,1,interactive,lifecycle,CreateTable,POST,201,false,false,4
local-latency,latency5-before.log,before,7,aztable,1,interactive,lifecycle,DeleteEntity,DELETE,204,false,false,2
local-latency,latency5-before.log,before,7,aztable,1,interactive,lifecycle,DeleteTable,DELETE,204,false,false,4
local-latency,latency5-before.log,before,7,aztable,1,interactive,lifecycle,GetEntity,GET,200,false,false,1
local-latency,latency5-before.log,before,7,aztable,1,interactive,lifecycle,GetEntity,GET,404,false,true,1
local-latency,latency5-before.log,before,7,aztable,1,interactive,lifecycle,QueryEntities,GET,200,false,false,34
local-latency,latency5-before.log,before,8,aztable,1,interactive,workload,AddEntity,POST,201,false,false,32
local-latency,latency5-before.log,before,8,aztable,1,interactive,workload,DeleteEntity,DELETE,204,false,false,1
local-latency,latency5-before.log,before,8,aztable,1,interactive,workload,QueryEntities,GET,200,false,false,32
local-latency,latency5-before.log,before,8,aztable,1,interactive,lifecycle,AddEntity,POST,201,false,false,35
local-latency,latency5-before.log,before,8,aztable,1,interactive,lifecycle,CreateTable,POST,201,false,false,4
local-latency,latency5-before.log,before,8,aztable,1,interactive,lifecycle,DeleteEntity,DELETE,204,false,false,2
local-latency,latency5-before.log,before,8,aztable,1,interactive,lifecycle,DeleteTable,DELETE,204,false,false,4
local-latency,latency5-before.log,before,8,aztable,1,interactive,lifecycle,GetEntity,GET,200,false,false,1
local-latency,latency5-before.log,before,8,aztable,1,interactive,lifecycle,GetEntity,GET,404,false,true,1
local-latency,latency5-before.log,before,8,aztable,1,interactive,lifecycle,QueryEntities,GET,200,false,false,34
local-latency,latency5-before.log,before,9,aztable,1,interactive,workload,AddEntity,POST,201,false,false,32
local-latency,latency5-before.log,before,9,aztable,1,interactive,workload,DeleteEntity,DELETE,204,false,false,1
local-latency,latency5-before.log,before,9,aztable,1,interactive,workload,QueryEntities,GET,200,false,false,32
local-latency,latency5-before.log,before,9,aztable,1,interactive,lifecycle,AddEntity,POST,201,false,false,35
local-latency,latency5-before.log,before,9,aztable,1,interactive,lifecycle,CreateTable,POST,201,false,false,4
local-latency,latency5-before.log,before,9,aztable,1,interactive,lifecycle,DeleteEntity,DELETE,204,false,false,2
local-latency,latency5-before.log,before,9,aztable,1,interactive,lifecycle,DeleteTable,DELETE,204,false,false,4
local-latency,latency5-before.log,before,9,aztable,1,interactive,lifecycle,GetEntity,GET,200,false,false,1
local-latency,latency5-before.log,before,9,aztable,1,interactive,lifecycle,GetEntity,GET,404,false,true,1
local-latency,latency5-before.log,before,9,aztable,1,interactive,lifecycle,QueryEntities,GET,200,false,false,34
local-latency,latency5-before.log,before,10,aztable,1,interactive,workload,AddEntity,POST,201,false,false,32
local-latency,latency5-before.log,before,10,aztable,1,interactive,workload,DeleteEntity,DELETE,204,false,false,1
local-latency,latency5-before.log,before,10,aztable,1,interactive,workload,QueryEntities,GET,200,false,false,32
local-latency,latency5-before.log,before,10,aztable,1,interactive,lifecycle,AddEntity,POST,201,false,false,35
local-latency,latency5-before.log,before,10,aztable,1,interactive,lifecycle,CreateTable,POST,201,false,false,4
local-latency,latency5-before.log,before,10,aztable,1,interactive,lifecycle,DeleteEntity,DELETE,204,false,false,2
local-latency,latency5-before.log,before,10,aztable,1,interactive,lifecycle,DeleteTable,DELETE,204,false,false,4
local-latency,latency5-before.log,before,10,aztable,1,interactive,lifecycle,GetEntity,GET,200,false,false,1
local-latency,latency5-before.log,before,10,aztable,1,interactive,lifecycle,GetEntity,GET,404,false,true,1
local-latency,latency5-before.log,before,10,aztable,1,interactive,lifecycle,QueryEntities,GET,200,false,false,34
local-long,sustained1-after.log,after,1,aztable,1,stream,workload,AddEntity,POST,204,false,false,257
local-long,sustained1-after.log,after,1,aztable,1,stream,workload,DeleteEntity,DELETE,204,false,false,1
local-long,sustained1-after.log,after,1,aztable,1,stream,workload,QueryEntities,GET,200,false,false,68
local-long,sustained1-after.log,after,1,aztable,1,stream,workload,SubmitTransaction,POST,202,false,false,2
local-long,sustained1-after.log,after,1,aztable,1,stream,lifecycle,AddEntity,POST,201,false,false,2
local-long,sustained1-after.log,after,1,aztable,1,stream,lifecycle,AddEntity,POST,204,false,false,257
local-long,sustained1-after.log,after,1,aztable,1,stream,lifecycle,CreateTable,POST,201,false,false,4
local-long,sustained1-after.log,after,1,aztable,1,stream,lifecycle,DeleteEntity,DELETE,204,false,false,2
local-long,sustained1-after.log,after,1,aztable,1,stream,lifecycle,DeleteTable,DELETE,204,false,false,4
local-long,sustained1-after.log,after,1,aztable,1,stream,lifecycle,GetEntity,GET,200,false,false,1
local-long,sustained1-after.log,after,1,aztable,1,stream,lifecycle,GetEntity,GET,404,false,true,1
local-long,sustained1-after.log,after,1,aztable,1,stream,lifecycle,QueryEntities,GET,200,false,false,70
local-long,sustained1-after.log,after,1,aztable,1,stream,lifecycle,SubmitTransaction,POST,202,false,false,2
local-long,sustained1-after.log,after,2,aztable,4,stream,workload,AddEntity,POST,204,false,false,1028
local-long,sustained1-after.log,after,2,aztable,4,stream,workload,DeleteEntity,DELETE,204,false,false,4
local-long,sustained1-after.log,after,2,aztable,4,stream,workload,QueryEntities,GET,200,false,false,406
local-long,sustained1-after.log,after,2,aztable,4,stream,workload,SubmitTransaction,POST,202,false,false,8
local-long,sustained1-after.log,after,2,aztable,4,stream,lifecycle,AddEntity,POST,201,false,false,8
local-long,sustained1-after.log,after,2,aztable,4,stream,lifecycle,AddEntity,POST,204,false,false,1028
local-long,sustained1-after.log,after,2,aztable,4,stream,lifecycle,CreateTable,POST,201,false,false,10
local-long,sustained1-after.log,after,2,aztable,4,stream,lifecycle,DeleteEntity,DELETE,204,false,false,8
local-long,sustained1-after.log,after,2,aztable,4,stream,lifecycle,DeleteTable,DELETE,204,false,false,10
local-long,sustained1-after.log,after,2,aztable,4,stream,lifecycle,GetEntity,GET,200,false,false,4
local-long,sustained1-after.log,after,2,aztable,4,stream,lifecycle,GetEntity,GET,404,false,true,4
local-long,sustained1-after.log,after,2,aztable,4,stream,lifecycle,QueryEntities,GET,200,false,false,414
local-long,sustained1-after.log,after,2,aztable,4,stream,lifecycle,SubmitTransaction,POST,202,false,false,8
local-long,sustained1-before.log,before,1,aztable,1,stream,workload,AddEntity,POST,201,false,false,257
local-long,sustained1-before.log,before,1,aztable,1,stream,workload,DeleteEntity,DELETE,204,false,false,1
local-long,sustained1-before.log,before,1,aztable,1,stream,workload,QueryEntities,GET,200,false,false,71
local-long,sustained1-before.log,before,1,aztable,1,stream,workload,SubmitTransaction,POST,202,false,false,2
local-long,sustained1-before.log,before,1,aztable,1,stream,lifecycle,AddEntity,POST,201,false,false,259
local-long,sustained1-before.log,before,1,aztable,1,stream,lifecycle,CreateTable,POST,201,false,false,4
local-long,sustained1-before.log,before,1,aztable,1,stream,lifecycle,DeleteEntity,DELETE,204,false,false,2
local-long,sustained1-before.log,before,1,aztable,1,stream,lifecycle,DeleteTable,DELETE,204,false,false,4
local-long,sustained1-before.log,before,1,aztable,1,stream,lifecycle,GetEntity,GET,200,false,false,1
local-long,sustained1-before.log,before,1,aztable,1,stream,lifecycle,GetEntity,GET,404,false,true,1
local-long,sustained1-before.log,before,1,aztable,1,stream,lifecycle,QueryEntities,GET,200,false,false,73
local-long,sustained1-before.log,before,1,aztable,1,stream,lifecycle,SubmitTransaction,POST,202,false,false,2
local-long,sustained1-before.log,before,2,aztable,4,stream,workload,AddEntity,POST,201,false,false,1028
local-long,sustained1-before.log,before,2,aztable,4,stream,workload,DeleteEntity,DELETE,204,false,false,4
local-long,sustained1-before.log,before,2,aztable,4,stream,workload,QueryEntities,GET,200,false,false,777
local-long,sustained1-before.log,before,2,aztable,4,stream,workload,SubmitTransaction,POST,202,false,false,8
local-long,sustained1-before.log,before,2,aztable,4,stream,lifecycle,AddEntity,POST,201,false,false,1036
local-long,sustained1-before.log,before,2,aztable,4,stream,lifecycle,CreateTable,POST,201,false,false,10
local-long,sustained1-before.log,before,2,aztable,4,stream,lifecycle,DeleteEntity,DELETE,204,false,false,8
local-long,sustained1-before.log,before,2,aztable,4,stream,lifecycle,DeleteTable,DELETE,204,false,false,10
local-long,sustained1-before.log,before,2,aztable,4,stream,lifecycle,GetEntity,GET,200,false,false,4
local-long,sustained1-before.log,before,2,aztable,4,stream,lifecycle,GetEntity,GET,404,false,true,4
local-long,sustained1-before.log,before,2,aztable,4,stream,lifecycle,QueryEntities,GET,200,false,false,785
local-long,sustained1-before.log,before,2,aztable,4,stream,lifecycle,SubmitTransaction,POST,202,false,false,8
local-long,sustained2-after.log,after,1,aztable,1,stream,workload,AddEntity,POST,204,false,false,257
local-long,sustained2-after.log,after,1,aztable,1,stream,workload,DeleteEntity,DELETE,204,false,false,1
local-long,sustained2-after.log,after,1,aztable,1,stream,workload,QueryEntities,GET,200,false,false,69
local-long,sustained2-after.log,after,1,aztable,1,stream,workload,SubmitTransaction,POST,202,false,false,2
local-long,sustained2-after.log,after,1,aztable,1,stream,lifecycle,AddEntity,POST,201,false,false,2
local-long,sustained2-after.log,after,1,aztable,1,stream,lifecycle,AddEntity,POST,204,false,false,257
local-long,sustained2-after.log,after,1,aztable,1,stream,lifecycle,CreateTable,POST,201,false,false,4
local-long,sustained2-after.log,after,1,aztable,1,stream,lifecycle,DeleteEntity,DELETE,204,false,false,2
local-long,sustained2-after.log,after,1,aztable,1,stream,lifecycle,DeleteTable,DELETE,204,false,false,4
local-long,sustained2-after.log,after,1,aztable,1,stream,lifecycle,GetEntity,GET,200,false,false,1
local-long,sustained2-after.log,after,1,aztable,1,stream,lifecycle,GetEntity,GET,404,false,true,1
local-long,sustained2-after.log,after,1,aztable,1,stream,lifecycle,QueryEntities,GET,200,false,false,71
local-long,sustained2-after.log,after,1,aztable,1,stream,lifecycle,SubmitTransaction,POST,202,false,false,2
local-long,sustained2-after.log,after,2,aztable,4,stream,workload,AddEntity,POST,204,false,false,1028
local-long,sustained2-after.log,after,2,aztable,4,stream,workload,DeleteEntity,DELETE,204,false,false,4
local-long,sustained2-after.log,after,2,aztable,4,stream,workload,QueryEntities,GET,200,false,false,445
local-long,sustained2-after.log,after,2,aztable,4,stream,workload,SubmitTransaction,POST,202,false,false,8
local-long,sustained2-after.log,after,2,aztable,4,stream,lifecycle,AddEntity,POST,201,false,false,8
local-long,sustained2-after.log,after,2,aztable,4,stream,lifecycle,AddEntity,POST,204,false,false,1028
local-long,sustained2-after.log,after,2,aztable,4,stream,lifecycle,CreateTable,POST,201,false,false,10
local-long,sustained2-after.log,after,2,aztable,4,stream,lifecycle,DeleteEntity,DELETE,204,false,false,8
local-long,sustained2-after.log,after,2,aztable,4,stream,lifecycle,DeleteTable,DELETE,204,false,false,10
local-long,sustained2-after.log,after,2,aztable,4,stream,lifecycle,GetEntity,GET,200,false,false,4
local-long,sustained2-after.log,after,2,aztable,4,stream,lifecycle,GetEntity,GET,404,false,true,4
local-long,sustained2-after.log,after,2,aztable,4,stream,lifecycle,QueryEntities,GET,200,false,false,453
local-long,sustained2-after.log,after,2,aztable,4,stream,lifecycle,SubmitTransaction,POST,202,false,false,8
local-long,sustained2-before.log,before,1,aztable,1,stream,workload,AddEntity,POST,201,false,false,257
local-long,sustained2-before.log,before,1,aztable,1,stream,workload,DeleteEntity,DELETE,204,false,false,1
local-long,sustained2-before.log,before,1,aztable,1,stream,workload,QueryEntities,GET,200,false,false,70
local-long,sustained2-before.log,before,1,aztable,1,stream,workload,SubmitTransaction,POST,202,false,false,2
local-long,sustained2-before.log,before,1,aztable,1,stream,lifecycle,AddEntity,POST,201,false,false,259
local-long,sustained2-before.log,before,1,aztable,1,stream,lifecycle,CreateTable,POST,201,false,false,4
local-long,sustained2-before.log,before,1,aztable,1,stream,lifecycle,DeleteEntity,DELETE,204,false,false,2
local-long,sustained2-before.log,before,1,aztable,1,stream,lifecycle,DeleteTable,DELETE,204,false,false,4
local-long,sustained2-before.log,before,1,aztable,1,stream,lifecycle,GetEntity,GET,200,false,false,1
local-long,sustained2-before.log,before,1,aztable,1,stream,lifecycle,GetEntity,GET,404,false,true,1
local-long,sustained2-before.log,before,1,aztable,1,stream,lifecycle,QueryEntities,GET,200,false,false,72
local-long,sustained2-before.log,before,1,aztable,1,stream,lifecycle,SubmitTransaction,POST,202,false,false,2
local-long,sustained2-before.log,before,2,aztable,4,stream,workload,AddEntity,POST,201,false,false,1028
local-long,sustained2-before.log,before,2,aztable,4,stream,workload,DeleteEntity,DELETE,204,false,false,4
local-long,sustained2-before.log,before,2,aztable,4,stream,workload,QueryEntities,GET,200,false,false,814
local-long,sustained2-before.log,before,2,aztable,4,stream,workload,SubmitTransaction,POST,202,false,false,8
local-long,sustained2-before.log,before,2,aztable,4,stream,lifecycle,AddEntity,POST,201,false,false,1036
local-long,sustained2-before.log,before,2,aztable,4,stream,lifecycle,CreateTable,POST,201,false,false,10
local-long,sustained2-before.log,before,2,aztable,4,stream,lifecycle,DeleteEntity,DELETE,204,false,false,8
local-long,sustained2-before.log,before,2,aztable,4,stream,lifecycle,DeleteTable,DELETE,204,false,false,10
local-long,sustained2-before.log,before,2,aztable,4,stream,lifecycle,GetEntity,GET,200,false,false,4
local-long,sustained2-before.log,before,2,aztable,4,stream,lifecycle,GetEntity,GET,404,false,true,4
local-long,sustained2-before.log,before,2,aztable,4,stream,lifecycle,QueryEntities,GET,200,false,false,822
local-long,sustained2-before.log,before,2,aztable,4,stream,lifecycle,SubmitTransaction,POST,202,false,false,8
local-long,sustained3-after.log,after,1,aztable,1,stream,workload,AddEntity,POST,204,false,false,257
local-long,sustained3-after.log,after,1,aztable,1,stream,workload,DeleteEntity,DELETE,204,false,false,1
local-long,sustained3-after.log,after,1,aztable,1,stream,workload,QueryEntities,GET,200,false,false,68
local-long,sustained3-after.log,after,1,aztable,1,stream,workload,SubmitTransaction,POST,202,false,false,2
local-long,sustained3-after.log,after,1,aztable,1,stream,lifecycle,AddEntity,POST,201,false,false,2
local-long,sustained3-after.log,after,1,aztable,1,stream,lifecycle,AddEntity,POST,204,false,false,257
local-long,sustained3-after.log,after,1,aztable,1,stream,lifecycle,CreateTable,POST,201,false,false,4
local-long,sustained3-after.log,after,1,aztable,1,stream,lifecycle,DeleteEntity,DELETE,204,false,false,2
local-long,sustained3-after.log,after,1,aztable,1,stream,lifecycle,DeleteTable,DELETE,204,false,false,4
local-long,sustained3-after.log,after,1,aztable,1,stream,lifecycle,GetEntity,GET,200,false,false,1
local-long,sustained3-after.log,after,1,aztable,1,stream,lifecycle,GetEntity,GET,404,false,true,1
local-long,sustained3-after.log,after,1,aztable,1,stream,lifecycle,QueryEntities,GET,200,false,false,70
local-long,sustained3-after.log,after,1,aztable,1,stream,lifecycle,SubmitTransaction,POST,202,false,false,2
local-long,sustained3-after.log,after,2,aztable,4,stream,workload,AddEntity,POST,204,false,false,1028
local-long,sustained3-after.log,after,2,aztable,4,stream,workload,DeleteEntity,DELETE,204,false,false,4
local-long,sustained3-after.log,after,2,aztable,4,stream,workload,QueryEntities,GET,200,false,false,435
local-long,sustained3-after.log,after,2,aztable,4,stream,workload,SubmitTransaction,POST,202,false,false,8
local-long,sustained3-after.log,after,2,aztable,4,stream,lifecycle,AddEntity,POST,201,false,false,8
local-long,sustained3-after.log,after,2,aztable,4,stream,lifecycle,AddEntity,POST,204,false,false,1028
local-long,sustained3-after.log,after,2,aztable,4,stream,lifecycle,CreateTable,POST,201,false,false,10
local-long,sustained3-after.log,after,2,aztable,4,stream,lifecycle,DeleteEntity,DELETE,204,false,false,8
local-long,sustained3-after.log,after,2,aztable,4,stream,lifecycle,DeleteTable,DELETE,204,false,false,10
local-long,sustained3-after.log,after,2,aztable,4,stream,lifecycle,GetEntity,GET,200,false,false,4
local-long,sustained3-after.log,after,2,aztable,4,stream,lifecycle,GetEntity,GET,404,false,true,4
local-long,sustained3-after.log,after,2,aztable,4,stream,lifecycle,QueryEntities,GET,200,false,false,443
local-long,sustained3-after.log,after,2,aztable,4,stream,lifecycle,SubmitTransaction,POST,202,false,false,8
local-long,sustained3-before.log,before,1,aztable,1,stream,workload,AddEntity,POST,201,false,false,257
local-long,sustained3-before.log,before,1,aztable,1,stream,workload,DeleteEntity,DELETE,204,false,false,1
local-long,sustained3-before.log,before,1,aztable,1,stream,workload,QueryEntities,GET,200,false,false,72
local-long,sustained3-before.log,before,1,aztable,1,stream,workload,SubmitTransaction,POST,202,false,false,2
local-long,sustained3-before.log,before,1,aztable,1,stream,lifecycle,AddEntity,POST,201,false,false,259
local-long,sustained3-before.log,before,1,aztable,1,stream,lifecycle,CreateTable,POST,201,false,false,4
local-long,sustained3-before.log,before,1,aztable,1,stream,lifecycle,DeleteEntity,DELETE,204,false,false,2
local-long,sustained3-before.log,before,1,aztable,1,stream,lifecycle,DeleteTable,DELETE,204,false,false,4
local-long,sustained3-before.log,before,1,aztable,1,stream,lifecycle,GetEntity,GET,200,false,false,1
local-long,sustained3-before.log,before,1,aztable,1,stream,lifecycle,GetEntity,GET,404,false,true,1
local-long,sustained3-before.log,before,1,aztable,1,stream,lifecycle,QueryEntities,GET,200,false,false,74
local-long,sustained3-before.log,before,1,aztable,1,stream,lifecycle,SubmitTransaction,POST,202,false,false,2
local-long,sustained3-before.log,before,2,aztable,4,stream,workload,AddEntity,POST,201,false,false,1028
local-long,sustained3-before.log,before,2,aztable,4,stream,workload,DeleteEntity,DELETE,204,false,false,4
local-long,sustained3-before.log,before,2,aztable,4,stream,workload,QueryEntities,GET,200,false,false,774
local-long,sustained3-before.log,before,2,aztable,4,stream,workload,SubmitTransaction,POST,202,false,false,8
local-long,sustained3-before.log,before,2,aztable,4,stream,lifecycle,AddEntity,POST,201,false,false,1036
local-long,sustained3-before.log,before,2,aztable,4,stream,lifecycle,CreateTable,POST,201,false,false,10
local-long,sustained3-before.log,before,2,aztable,4,stream,lifecycle,DeleteEntity,DELETE,204,false,false,8
local-long,sustained3-before.log,before,2,aztable,4,stream,lifecycle,DeleteTable,DELETE,204,false,false,10
local-long,sustained3-before.log,before,2,aztable,4,stream,lifecycle,GetEntity,GET,200,false,false,4
local-long,sustained3-before.log,before,2,aztable,4,stream,lifecycle,GetEntity,GET,404,false,true,4
local-long,sustained3-before.log,before,2,aztable,4,stream,lifecycle,QueryEntities,GET,200,false,false,782
local-long,sustained3-before.log,before,2,aztable,4,stream,lifecycle,SubmitTransaction,POST,202,false,false,8
local-paired,round1-after.log,after,1,aztable,1,idle,workload,QueryEntities,GET,200,false,false,76
local-paired,round1-after.log,after,1,aztable,1,idle,lifecycle,AddEntity,POST,201,false,false,2
local-paired,round1-after.log,after,1,aztable,1,idle,lifecycle,AddEntity,POST,204,false,false,1
local-paired,round1-after.log,after,1,aztable,1,idle,lifecycle,CreateTable,POST,201,false,false,4
local-paired,round1-after.log,after,1,aztable,1,idle,lifecycle,DeleteEntity,DELETE,204,false,false,2
local-paired,round1-after.log,after,1,aztable,1,idle,lifecycle,DeleteTable,DELETE,204,false,false,4
local-paired,round1-after.log,after,1,aztable,1,idle,lifecycle,GetEntity,GET,200,false,false,1
local-paired,round1-after.log,after,1,aztable,1,idle,lifecycle,GetEntity,GET,404,false,true,1
local-paired,round1-after.log,after,1,aztable,1,idle,lifecycle,QueryEntities,GET,200,false,false,78
local-paired,round1-after.log,after,2,aztable,1,interactive,workload,AddEntity,POST,204,false,false,32
local-paired,round1-after.log,after,2,aztable,1,interactive,workload,DeleteEntity,DELETE,204,false,false,1
local-paired,round1-after.log,after,2,aztable,1,interactive,workload,QueryEntities,GET,200,false,false,32
local-paired,round1-after.log,after,2,aztable,1,interactive,lifecycle,AddEntity,POST,201,false,false,2
local-paired,round1-after.log,after,2,aztable,1,interactive,lifecycle,AddEntity,POST,204,false,false,33
local-paired,round1-after.log,after,2,aztable,1,interactive,lifecycle,CreateTable,POST,201,false,false,4
local-paired,round1-after.log,after,2,aztable,1,interactive,lifecycle,DeleteEntity,DELETE,204,false,false,2
local-paired,round1-after.log,after,2,aztable,1,interactive,lifecycle,DeleteTable,DELETE,204,false,false,4
local-paired,round1-after.log,after,2,aztable,1,interactive,lifecycle,GetEntity,GET,200,false,false,1
local-paired,round1-after.log,after,2,aztable,1,interactive,lifecycle,GetEntity,GET,404,false,true,1
local-paired,round1-after.log,after,2,aztable,1,interactive,lifecycle,QueryEntities,GET,200,false,false,34
local-paired,round1-after.log,after,3,aztable,1,stream,workload,AddEntity,POST,204,false,false,65
local-paired,round1-after.log,after,3,aztable,1,stream,workload,DeleteEntity,DELETE,204,false,false,1
local-paired,round1-after.log,after,3,aztable,1,stream,workload,QueryEntities,GET,200,false,false,19
local-paired,round1-after.log,after,3,aztable,1,stream,lifecycle,AddEntity,POST,201,false,false,2
local-paired,round1-after.log,after,3,aztable,1,stream,lifecycle,AddEntity,POST,204,false,false,65
local-paired,round1-after.log,after,3,aztable,1,stream,lifecycle,CreateTable,POST,201,false,false,4
local-paired,round1-after.log,after,3,aztable,1,stream,lifecycle,DeleteEntity,DELETE,204,false,false,2
local-paired,round1-after.log,after,3,aztable,1,stream,lifecycle,DeleteTable,DELETE,204,false,false,4
local-paired,round1-after.log,after,3,aztable,1,stream,lifecycle,GetEntity,GET,200,false,false,1
local-paired,round1-after.log,after,3,aztable,1,stream,lifecycle,GetEntity,GET,404,false,true,1
local-paired,round1-after.log,after,3,aztable,1,stream,lifecycle,QueryEntities,GET,200,false,false,21
local-paired,round1-after.log,after,4,aztable,1,duplex,workload,AddEntity,POST,204,false,false,130
local-paired,round1-after.log,after,4,aztable,1,duplex,workload,DeleteEntity,DELETE,204,false,false,1
local-paired,round1-after.log,after,4,aztable,1,duplex,workload,QueryEntities,GET,200,false,false,37
local-paired,round1-after.log,after,4,aztable,1,duplex,lifecycle,AddEntity,POST,201,false,false,2
local-paired,round1-after.log,after,4,aztable,1,duplex,lifecycle,AddEntity,POST,204,false,false,130
local-paired,round1-after.log,after,4,aztable,1,duplex,lifecycle,CreateTable,POST,201,false,false,4
local-paired,round1-after.log,after,4,aztable,1,duplex,lifecycle,DeleteEntity,DELETE,204,false,false,2
local-paired,round1-after.log,after,4,aztable,1,duplex,lifecycle,DeleteTable,DELETE,204,false,false,4
local-paired,round1-after.log,after,4,aztable,1,duplex,lifecycle,GetEntity,GET,200,false,false,1
local-paired,round1-after.log,after,4,aztable,1,duplex,lifecycle,GetEntity,GET,404,false,true,1
local-paired,round1-after.log,after,4,aztable,1,duplex,lifecycle,QueryEntities,GET,200,false,false,39
local-paired,round1-after.log,after,5,aztable,1,wake,workload,AddEntity,POST,204,false,false,1
local-paired,round1-after.log,after,5,aztable,1,wake,workload,QueryEntities,GET,200,false,false,79
local-paired,round1-after.log,after,5,aztable,1,wake,lifecycle,AddEntity,POST,201,false,false,2
local-paired,round1-after.log,after,5,aztable,1,wake,lifecycle,AddEntity,POST,204,false,false,2
local-paired,round1-after.log,after,5,aztable,1,wake,lifecycle,CreateTable,POST,201,false,false,4
local-paired,round1-after.log,after,5,aztable,1,wake,lifecycle,DeleteEntity,DELETE,204,false,false,2
local-paired,round1-after.log,after,5,aztable,1,wake,lifecycle,DeleteTable,DELETE,204,false,false,4
local-paired,round1-after.log,after,5,aztable,1,wake,lifecycle,GetEntity,GET,200,false,false,1
local-paired,round1-after.log,after,5,aztable,1,wake,lifecycle,GetEntity,GET,404,false,true,1
local-paired,round1-after.log,after,5,aztable,1,wake,lifecycle,QueryEntities,GET,200,false,false,81
local-paired,round1-after.log,after,6,aztable,4,idle,workload,QueryEntities,GET,200,false,false,322
local-paired,round1-after.log,after,6,aztable,4,idle,lifecycle,AddEntity,POST,201,false,false,8
local-paired,round1-after.log,after,6,aztable,4,idle,lifecycle,AddEntity,POST,204,false,false,4
local-paired,round1-after.log,after,6,aztable,4,idle,lifecycle,CreateTable,POST,201,false,false,10
local-paired,round1-after.log,after,6,aztable,4,idle,lifecycle,DeleteEntity,DELETE,204,false,false,8
local-paired,round1-after.log,after,6,aztable,4,idle,lifecycle,DeleteTable,DELETE,204,false,false,10
local-paired,round1-after.log,after,6,aztable,4,idle,lifecycle,GetEntity,GET,200,false,false,4
local-paired,round1-after.log,after,6,aztable,4,idle,lifecycle,GetEntity,GET,404,false,true,4
local-paired,round1-after.log,after,6,aztable,4,idle,lifecycle,QueryEntities,GET,200,false,false,330
local-paired,round1-after.log,after,7,aztable,4,interactive,workload,AddEntity,POST,204,false,false,128
local-paired,round1-after.log,after,7,aztable,4,interactive,workload,DeleteEntity,DELETE,204,false,false,4
local-paired,round1-after.log,after,7,aztable,4,interactive,workload,QueryEntities,GET,200,false,false,128
local-paired,round1-after.log,after,7,aztable,4,interactive,lifecycle,AddEntity,POST,201,false,false,8
local-paired,round1-after.log,after,7,aztable,4,interactive,lifecycle,AddEntity,POST,204,false,false,132
local-paired,round1-after.log,after,7,aztable,4,interactive,lifecycle,CreateTable,POST,201,false,false,10
local-paired,round1-after.log,after,7,aztable,4,interactive,lifecycle,DeleteEntity,DELETE,204,false,false,8
local-paired,round1-after.log,after,7,aztable,4,interactive,lifecycle,DeleteTable,DELETE,204,false,false,10
local-paired,round1-after.log,after,7,aztable,4,interactive,lifecycle,GetEntity,GET,200,false,false,4
local-paired,round1-after.log,after,7,aztable,4,interactive,lifecycle,GetEntity,GET,404,false,true,4
local-paired,round1-after.log,after,7,aztable,4,interactive,lifecycle,QueryEntities,GET,200,false,false,136
local-paired,round1-after.log,after,8,aztable,4,stream,workload,AddEntity,POST,204,false,false,260
local-paired,round1-after.log,after,8,aztable,4,stream,workload,DeleteEntity,DELETE,204,false,false,4
local-paired,round1-after.log,after,8,aztable,4,stream,workload,QueryEntities,GET,200,false,false,144
local-paired,round1-after.log,after,8,aztable,4,stream,lifecycle,AddEntity,POST,201,false,false,8
local-paired,round1-after.log,after,8,aztable,4,stream,lifecycle,AddEntity,POST,204,false,false,260
local-paired,round1-after.log,after,8,aztable,4,stream,lifecycle,CreateTable,POST,201,false,false,10
local-paired,round1-after.log,after,8,aztable,4,stream,lifecycle,DeleteEntity,DELETE,204,false,false,8
local-paired,round1-after.log,after,8,aztable,4,stream,lifecycle,DeleteTable,DELETE,204,false,false,10
local-paired,round1-after.log,after,8,aztable,4,stream,lifecycle,GetEntity,GET,200,false,false,4
local-paired,round1-after.log,after,8,aztable,4,stream,lifecycle,GetEntity,GET,404,false,true,4
local-paired,round1-after.log,after,8,aztable,4,stream,lifecycle,QueryEntities,GET,200,false,false,152
local-paired,round1-after.log,after,9,aztable,4,duplex,workload,AddEntity,POST,204,false,false,520
local-paired,round1-after.log,after,9,aztable,4,duplex,workload,DeleteEntity,DELETE,204,false,false,4
local-paired,round1-after.log,after,9,aztable,4,duplex,workload,QueryEntities,GET,200,false,false,421
local-paired,round1-after.log,after,9,aztable,4,duplex,lifecycle,AddEntity,POST,201,false,false,8
local-paired,round1-after.log,after,9,aztable,4,duplex,lifecycle,AddEntity,POST,204,false,false,520
local-paired,round1-after.log,after,9,aztable,4,duplex,lifecycle,CreateTable,POST,201,false,false,10
local-paired,round1-after.log,after,9,aztable,4,duplex,lifecycle,DeleteEntity,DELETE,204,false,false,8
local-paired,round1-after.log,after,9,aztable,4,duplex,lifecycle,DeleteTable,DELETE,204,false,false,10
local-paired,round1-after.log,after,9,aztable,4,duplex,lifecycle,GetEntity,GET,200,false,false,4
local-paired,round1-after.log,after,9,aztable,4,duplex,lifecycle,GetEntity,GET,404,false,true,4
local-paired,round1-after.log,after,9,aztable,4,duplex,lifecycle,QueryEntities,GET,200,false,false,429
local-paired,round1-after.log,after,10,aztable,4,wake,workload,AddEntity,POST,204,false,false,4
local-paired,round1-after.log,after,10,aztable,4,wake,workload,DeleteEntity,DELETE,204,false,false,3
local-paired,round1-after.log,after,10,aztable,4,wake,workload,QueryEntities,GET,200,false,false,341
local-paired,round1-after.log,after,10,aztable,4,wake,lifecycle,AddEntity,POST,201,false,false,8
local-paired,round1-after.log,after,10,aztable,4,wake,lifecycle,AddEntity,POST,204,false,false,8
local-paired,round1-after.log,after,10,aztable,4,wake,lifecycle,CreateTable,POST,201,false,false,10
local-paired,round1-after.log,after,10,aztable,4,wake,lifecycle,DeleteEntity,DELETE,204,false,false,8
local-paired,round1-after.log,after,10,aztable,4,wake,lifecycle,DeleteTable,DELETE,204,false,false,10
local-paired,round1-after.log,after,10,aztable,4,wake,lifecycle,GetEntity,GET,200,false,false,4
local-paired,round1-after.log,after,10,aztable,4,wake,lifecycle,GetEntity,GET,404,false,true,4
local-paired,round1-after.log,after,10,aztable,4,wake,lifecycle,QueryEntities,GET,200,false,false,349
local-paired,round1-after.log,after,11,aztable,16,idle,workload,QueryEntities,GET,0,false,true,1
local-paired,round1-after.log,after,11,aztable,16,idle,workload,QueryEntities,GET,200,false,false,1422
local-paired,round1-after.log,after,11,aztable,16,idle,lifecycle,AddEntity,POST,201,false,false,32
local-paired,round1-after.log,after,11,aztable,16,idle,lifecycle,AddEntity,POST,204,false,false,16
local-paired,round1-after.log,after,11,aztable,16,idle,lifecycle,CreateTable,POST,201,false,false,34
local-paired,round1-after.log,after,11,aztable,16,idle,lifecycle,DeleteEntity,DELETE,204,false,false,32
local-paired,round1-after.log,after,11,aztable,16,idle,lifecycle,DeleteTable,DELETE,204,false,false,34
local-paired,round1-after.log,after,11,aztable,16,idle,lifecycle,GetEntity,GET,200,false,false,16
local-paired,round1-after.log,after,11,aztable,16,idle,lifecycle,GetEntity,GET,404,false,true,16
local-paired,round1-after.log,after,11,aztable,16,idle,lifecycle,QueryEntities,GET,0,false,true,1
local-paired,round1-after.log,after,11,aztable,16,idle,lifecycle,QueryEntities,GET,200,false,false,1453
local-paired,round1-after.log,after,12,aztable,16,interactive,workload,AddEntity,POST,204,false,false,512
local-paired,round1-after.log,after,12,aztable,16,interactive,workload,DeleteEntity,DELETE,204,false,false,16
local-paired,round1-after.log,after,12,aztable,16,interactive,workload,QueryEntities,GET,200,false,false,512
local-paired,round1-after.log,after,12,aztable,16,interactive,lifecycle,AddEntity,POST,201,false,false,32
local-paired,round1-after.log,after,12,aztable,16,interactive,lifecycle,AddEntity,POST,204,false,false,528
local-paired,round1-after.log,after,12,aztable,16,interactive,lifecycle,CreateTable,POST,201,false,false,34
local-paired,round1-after.log,after,12,aztable,16,interactive,lifecycle,DeleteEntity,DELETE,204,false,false,32
local-paired,round1-after.log,after,12,aztable,16,interactive,lifecycle,DeleteTable,DELETE,204,false,false,34
local-paired,round1-after.log,after,12,aztable,16,interactive,lifecycle,GetEntity,GET,200,false,false,16
local-paired,round1-after.log,after,12,aztable,16,interactive,lifecycle,GetEntity,GET,404,false,true,16
local-paired,round1-after.log,after,12,aztable,16,interactive,lifecycle,QueryEntities,GET,200,false,false,544
local-paired,round1-after.log,after,13,aztable,16,stream,workload,AddEntity,POST,204,false,false,1040
local-paired,round1-after.log,after,13,aztable,16,stream,workload,DeleteEntity,DELETE,204,false,false,16
local-paired,round1-after.log,after,13,aztable,16,stream,workload,QueryEntities,GET,200,false,false,882
local-paired,round1-after.log,after,13,aztable,16,stream,lifecycle,AddEntity,POST,201,false,false,32
local-paired,round1-after.log,after,13,aztable,16,stream,lifecycle,AddEntity,POST,204,false,false,1040
local-paired,round1-after.log,after,13,aztable,16,stream,lifecycle,CreateTable,POST,201,false,false,34
local-paired,round1-after.log,after,13,aztable,16,stream,lifecycle,DeleteEntity,DELETE,204,false,false,32
local-paired,round1-after.log,after,13,aztable,16,stream,lifecycle,DeleteTable,DELETE,204,false,false,34
local-paired,round1-after.log,after,13,aztable,16,stream,lifecycle,GetEntity,GET,200,false,false,16
local-paired,round1-after.log,after,13,aztable,16,stream,lifecycle,GetEntity,GET,404,false,true,16
local-paired,round1-after.log,after,13,aztable,16,stream,lifecycle,QueryEntities,GET,200,false,false,914
local-paired,round1-after.log,after,14,aztable,16,duplex,workload,AddEntity,POST,204,false,false,2080
local-paired,round1-after.log,after,14,aztable,16,duplex,workload,DeleteEntity,DELETE,204,false,false,16
local-paired,round1-after.log,after,14,aztable,16,duplex,workload,QueryEntities,GET,200,false,false,1816
local-paired,round1-after.log,after,14,aztable,16,duplex,lifecycle,AddEntity,POST,201,false,false,32
local-paired,round1-after.log,after,14,aztable,16,duplex,lifecycle,AddEntity,POST,204,false,false,2080
local-paired,round1-after.log,after,14,aztable,16,duplex,lifecycle,CreateTable,POST,201,false,false,34
local-paired,round1-after.log,after,14,aztable,16,duplex,lifecycle,DeleteEntity,DELETE,204,false,false,32
local-paired,round1-after.log,after,14,aztable,16,duplex,lifecycle,DeleteTable,DELETE,204,false,false,34
local-paired,round1-after.log,after,14,aztable,16,duplex,lifecycle,GetEntity,GET,200,false,false,16
local-paired,round1-after.log,after,14,aztable,16,duplex,lifecycle,GetEntity,GET,404,false,true,16
local-paired,round1-after.log,after,14,aztable,16,duplex,lifecycle,QueryEntities,GET,200,false,false,1848
local-paired,round1-after.log,after,15,aztable,16,wake,workload,AddEntity,POST,204,false,false,16
local-paired,round1-after.log,after,15,aztable,16,wake,workload,DeleteEntity,DELETE,204,false,false,15
local-paired,round1-after.log,after,15,aztable,16,wake,workload,QueryEntities,GET,200,false,false,1469
local-paired,round1-after.log,after,15,aztable,16,wake,lifecycle,AddEntity,POST,201,false,false,32
local-paired,round1-after.log,after,15,aztable,16,wake,lifecycle,AddEntity,POST,204,false,false,32
local-paired,round1-after.log,after,15,aztable,16,wake,lifecycle,CreateTable,POST,201,false,false,34
local-paired,round1-after.log,after,15,aztable,16,wake,lifecycle,DeleteEntity,DELETE,204,false,false,32
local-paired,round1-after.log,after,15,aztable,16,wake,lifecycle,DeleteTable,DELETE,204,false,false,34
local-paired,round1-after.log,after,15,aztable,16,wake,lifecycle,GetEntity,GET,200,false,false,16
local-paired,round1-after.log,after,15,aztable,16,wake,lifecycle,GetEntity,GET,404,false,true,16
local-paired,round1-after.log,after,15,aztable,16,wake,lifecycle,QueryEntities,GET,200,false,false,1499
local-paired,round1-before.log,before,1,aztable,1,idle,workload,QueryEntities,GET,200,false,false,71
local-paired,round1-before.log,before,1,aztable,1,idle,lifecycle,AddEntity,POST,201,false,false,3
local-paired,round1-before.log,before,1,aztable,1,idle,lifecycle,CreateTable,POST,201,false,false,4
local-paired,round1-before.log,before,1,aztable,1,idle,lifecycle,DeleteEntity,DELETE,204,false,false,2
local-paired,round1-before.log,before,1,aztable,1,idle,lifecycle,DeleteTable,DELETE,204,false,false,4
local-paired,round1-before.log,before,1,aztable,1,idle,lifecycle,GetEntity,GET,200,false,false,1
local-paired,round1-before.log,before,1,aztable,1,idle,lifecycle,GetEntity,GET,404,false,true,1
local-paired,round1-before.log,before,1,aztable,1,idle,lifecycle,QueryEntities,GET,200,false,false,73
local-paired,round1-before.log,before,2,aztable,1,interactive,workload,AddEntity,POST,201,false,false,32
local-paired,round1-before.log,before,2,aztable,1,interactive,workload,DeleteEntity,DELETE,204,false,false,1
local-paired,round1-before.log,before,2,aztable,1,interactive,workload,QueryEntities,GET,200,false,false,32
local-paired,round1-before.log,before,2,aztable,1,interactive,lifecycle,AddEntity,POST,201,false,false,35
local-paired,round1-before.log,before,2,aztable,1,interactive,lifecycle,CreateTable,POST,201,false,false,4
local-paired,round1-before.log,before,2,aztable,1,interactive,lifecycle,DeleteEntity,DELETE,204,false,false,2
local-paired,round1-before.log,before,2,aztable,1,interactive,lifecycle,DeleteTable,DELETE,204,false,false,4
local-paired,round1-before.log,before,2,aztable,1,interactive,lifecycle,GetEntity,GET,200,false,false,1
local-paired,round1-before.log,before,2,aztable,1,interactive,lifecycle,GetEntity,GET,404,false,true,1
local-paired,round1-before.log,before,2,aztable,1,interactive,lifecycle,QueryEntities,GET,200,false,false,34
local-paired,round1-before.log,before,3,aztable,1,stream,workload,AddEntity,POST,201,false,false,65
local-paired,round1-before.log,before,3,aztable,1,stream,workload,DeleteEntity,DELETE,204,false,false,1
local-paired,round1-before.log,before,3,aztable,1,stream,workload,QueryEntities,GET,200,false,false,35
local-paired,round1-before.log,before,3,aztable,1,stream,lifecycle,AddEntity,POST,201,false,false,67
local-paired,round1-before.log,before,3,aztable,1,stream,lifecycle,CreateTable,POST,201,false,false,4
local-paired,round1-before.log,before,3,aztable,1,stream,lifecycle,DeleteEntity,DELETE,204,false,false,2
local-paired,round1-before.log,before,3,aztable,1,stream,lifecycle,DeleteTable,DELETE,204,false,false,4
local-paired,round1-before.log,before,3,aztable,1,stream,lifecycle,GetEntity,GET,200,false,false,1
local-paired,round1-before.log,before,3,aztable,1,stream,lifecycle,GetEntity,GET,404,false,true,1
local-paired,round1-before.log,before,3,aztable,1,stream,lifecycle,QueryEntities,GET,200,false,false,37
local-paired,round1-before.log,before,4,aztable,1,duplex,workload,AddEntity,POST,201,false,false,130
local-paired,round1-before.log,before,4,aztable,1,duplex,workload,DeleteEntity,DELETE,204,false,false,1
local-paired,round1-before.log,before,4,aztable,1,duplex,workload,QueryEntities,GET,200,false,false,78
local-paired,round1-before.log,before,4,aztable,1,duplex,lifecycle,AddEntity,POST,201,false,false,132
local-paired,round1-before.log,before,4,aztable,1,duplex,lifecycle,CreateTable,POST,201,false,false,4
local-paired,round1-before.log,before,4,aztable,1,duplex,lifecycle,DeleteEntity,DELETE,204,false,false,2
local-paired,round1-before.log,before,4,aztable,1,duplex,lifecycle,DeleteTable,DELETE,204,false,false,4
local-paired,round1-before.log,before,4,aztable,1,duplex,lifecycle,GetEntity,GET,200,false,false,1
local-paired,round1-before.log,before,4,aztable,1,duplex,lifecycle,GetEntity,GET,404,false,true,1
local-paired,round1-before.log,before,4,aztable,1,duplex,lifecycle,QueryEntities,GET,200,false,false,80
local-paired,round1-before.log,before,5,aztable,1,wake,workload,AddEntity,POST,201,false,false,1
local-paired,round1-before.log,before,5,aztable,1,wake,workload,QueryEntities,GET,200,false,false,79
local-paired,round1-before.log,before,5,aztable,1,wake,lifecycle,AddEntity,POST,201,false,false,4
local-paired,round1-before.log,before,5,aztable,1,wake,lifecycle,CreateTable,POST,201,false,false,4
local-paired,round1-before.log,before,5,aztable,1,wake,lifecycle,DeleteEntity,DELETE,204,false,false,2
local-paired,round1-before.log,before,5,aztable,1,wake,lifecycle,DeleteTable,DELETE,204,false,false,4
local-paired,round1-before.log,before,5,aztable,1,wake,lifecycle,GetEntity,GET,200,false,false,1
local-paired,round1-before.log,before,5,aztable,1,wake,lifecycle,GetEntity,GET,404,false,true,1
local-paired,round1-before.log,before,5,aztable,1,wake,lifecycle,QueryEntities,GET,200,false,false,81
local-paired,round1-before.log,before,6,aztable,4,idle,workload,QueryEntities,GET,0,false,true,2
local-paired,round1-before.log,before,6,aztable,4,idle,workload,QueryEntities,GET,200,false,false,317
local-paired,round1-before.log,before,6,aztable,4,idle,lifecycle,AddEntity,POST,201,false,false,12
local-paired,round1-before.log,before,6,aztable,4,idle,lifecycle,CreateTable,POST,201,false,false,10
local-paired,round1-before.log,before,6,aztable,4,idle,lifecycle,DeleteEntity,DELETE,204,false,false,8
local-paired,round1-before.log,before,6,aztable,4,idle,lifecycle,DeleteTable,DELETE,204,false,false,10
local-paired,round1-before.log,before,6,aztable,4,idle,lifecycle,GetEntity,GET,200,false,false,4
local-paired,round1-before.log,before,6,aztable,4,idle,lifecycle,GetEntity,GET,404,false,true,5
local-paired,round1-before.log,before,6,aztable,4,idle,lifecycle,QueryEntities,GET,0,false,true,2
local-paired,round1-before.log,before,6,aztable,4,idle,lifecycle,QueryEntities,GET,200,false,false,325
local-paired,round1-before.log,before,7,aztable,4,interactive,workload,AddEntity,POST,201,false,false,128
local-paired,round1-before.log,before,7,aztable,4,interactive,workload,DeleteEntity,DELETE,204,false,false,4
local-paired,round1-before.log,before,7,aztable,4,interactive,workload,QueryEntities,GET,200,false,false,128
local-paired,round1-before.log,before,7,aztable,4,interactive,lifecycle,AddEntity,POST,201,false,false,140
local-paired,round1-before.log,before,7,aztable,4,interactive,lifecycle,CreateTable,POST,201,false,false,10
local-paired,round1-before.log,before,7,aztable,4,interactive,lifecycle,DeleteEntity,DELETE,204,false,false,8
local-paired,round1-before.log,before,7,aztable,4,interactive,lifecycle,DeleteTable,DELETE,204,false,false,10
local-paired,round1-before.log,before,7,aztable,4,interactive,lifecycle,GetEntity,GET,200,false,false,4
local-paired,round1-before.log,before,7,aztable,4,interactive,lifecycle,GetEntity,GET,404,false,true,4
local-paired,round1-before.log,before,7,aztable,4,interactive,lifecycle,QueryEntities,GET,200,false,false,136
local-paired,round1-before.log,before,8,aztable,4,stream,workload,AddEntity,POST,201,false,false,260
local-paired,round1-before.log,before,8,aztable,4,stream,workload,DeleteEntity,DELETE,204,false,false,4
local-paired,round1-before.log,before,8,aztable,4,stream,workload,QueryEntities,GET,200,false,false,209
local-paired,round1-before.log,before,8,aztable,4,stream,lifecycle,AddEntity,POST,201,false,false,268
local-paired,round1-before.log,before,8,aztable,4,stream,lifecycle,CreateTable,POST,201,false,false,10
local-paired,round1-before.log,before,8,aztable,4,stream,lifecycle,DeleteEntity,DELETE,204,false,false,8
local-paired,round1-before.log,before,8,aztable,4,stream,lifecycle,DeleteTable,DELETE,204,false,false,10
local-paired,round1-before.log,before,8,aztable,4,stream,lifecycle,GetEntity,GET,200,false,false,4
local-paired,round1-before.log,before,8,aztable,4,stream,lifecycle,GetEntity,GET,404,false,true,4
local-paired,round1-before.log,before,8,aztable,4,stream,lifecycle,QueryEntities,GET,200,false,false,217
local-paired,round1-before.log,before,9,aztable,4,duplex,workload,AddEntity,POST,201,false,false,520
local-paired,round1-before.log,before,9,aztable,4,duplex,workload,DeleteEntity,DELETE,204,false,false,4
local-paired,round1-before.log,before,9,aztable,4,duplex,workload,QueryEntities,GET,200,false,false,492
local-paired,round1-before.log,before,9,aztable,4,duplex,lifecycle,AddEntity,POST,201,false,false,528
local-paired,round1-before.log,before,9,aztable,4,duplex,lifecycle,CreateTable,POST,201,false,false,10
local-paired,round1-before.log,before,9,aztable,4,duplex,lifecycle,DeleteEntity,DELETE,204,false,false,8
local-paired,round1-before.log,before,9,aztable,4,duplex,lifecycle,DeleteTable,DELETE,204,false,false,10
local-paired,round1-before.log,before,9,aztable,4,duplex,lifecycle,GetEntity,GET,200,false,false,4
local-paired,round1-before.log,before,9,aztable,4,duplex,lifecycle,GetEntity,GET,404,false,true,4
local-paired,round1-before.log,before,9,aztable,4,duplex,lifecycle,QueryEntities,GET,200,false,false,500
local-paired,round1-before.log,before,10,aztable,4,wake,workload,AddEntity,POST,201,false,false,4
local-paired,round1-before.log,before,10,aztable,4,wake,workload,DeleteEntity,DELETE,204,false,false,2
local-paired,round1-before.log,before,10,aztable,4,wake,workload,QueryEntities,GET,200,false,false,334
local-paired,round1-before.log,before,10,aztable,4,wake,lifecycle,AddEntity,POST,201,false,false,16
local-paired,round1-before.log,before,10,aztable,4,wake,lifecycle,CreateTable,POST,201,false,false,10
local-paired,round1-before.log,before,10,aztable,4,wake,lifecycle,DeleteEntity,DELETE,204,false,false,8
local-paired,round1-before.log,before,10,aztable,4,wake,lifecycle,DeleteTable,DELETE,204,false,false,10
local-paired,round1-before.log,before,10,aztable,4,wake,lifecycle,GetEntity,GET,200,false,false,4
local-paired,round1-before.log,before,10,aztable,4,wake,lifecycle,GetEntity,GET,404,false,true,4
local-paired,round1-before.log,before,10,aztable,4,wake,lifecycle,QueryEntities,GET,200,false,false,342
local-paired,round1-before.log,before,11,aztable,16,idle,workload,QueryEntities,GET,200,false,false,1427
local-paired,round1-before.log,before,11,aztable,16,idle,lifecycle,AddEntity,POST,201,false,false,48
local-paired,round1-before.log,before,11,aztable,16,idle,lifecycle,CreateTable,POST,201,false,false,34
local-paired,round1-before.log,before,11,aztable,16,idle,lifecycle,DeleteEntity,DELETE,204,false,false,32
local-paired,round1-before.log,before,11,aztable,16,idle,lifecycle,DeleteTable,DELETE,204,false,false,34
local-paired,round1-before.log,before,11,aztable,16,idle,lifecycle,GetEntity,GET,200,false,false,16
local-paired,round1-before.log,before,11,aztable,16,idle,lifecycle,GetEntity,GET,404,false,true,16
local-paired,round1-before.log,before,11,aztable,16,idle,lifecycle,QueryEntities,GET,200,false,false,1459
local-paired,round1-before.log,before,12,aztable,16,interactive,workload,AddEntity,POST,201,false,false,512
local-paired,round1-before.log,before,12,aztable,16,interactive,workload,DeleteEntity,DELETE,204,false,false,16
local-paired,round1-before.log,before,12,aztable,16,interactive,workload,QueryEntities,GET,200,false,false,512
local-paired,round1-before.log,before,12,aztable,16,interactive,lifecycle,AddEntity,POST,201,false,false,560
local-paired,round1-before.log,before,12,aztable,16,interactive,lifecycle,CreateTable,POST,201,false,false,34
local-paired,round1-before.log,before,12,aztable,16,interactive,lifecycle,DeleteEntity,DELETE,204,false,false,32
local-paired,round1-before.log,before,12,aztable,16,interactive,lifecycle,DeleteTable,DELETE,204,false,false,34
local-paired,round1-before.log,before,12,aztable,16,interactive,lifecycle,GetEntity,GET,200,false,false,16
local-paired,round1-before.log,before,12,aztable,16,interactive,lifecycle,GetEntity,GET,404,false,true,16
local-paired,round1-before.log,before,12,aztable,16,interactive,lifecycle,QueryEntities,GET,200,false,false,544
local-paired,round1-before.log,before,13,aztable,16,stream,workload,AddEntity,POST,201,false,false,1040
local-paired,round1-before.log,before,13,aztable,16,stream,workload,DeleteEntity,DELETE,204,false,false,16
local-paired,round1-before.log,before,13,aztable,16,stream,workload,QueryEntities,GET,200,false,false,1021
local-paired,round1-before.log,before,13,aztable,16,stream,lifecycle,AddEntity,POST,201,false,false,1072
local-paired,round1-before.log,before,13,aztable,16,stream,lifecycle,CreateTable,POST,201,false,false,34
local-paired,round1-before.log,before,13,aztable,16,stream,lifecycle,DeleteEntity,DELETE,204,false,false,32
local-paired,round1-before.log,before,13,aztable,16,stream,lifecycle,DeleteTable,DELETE,204,false,false,34
local-paired,round1-before.log,before,13,aztable,16,stream,lifecycle,GetEntity,GET,200,false,false,16
local-paired,round1-before.log,before,13,aztable,16,stream,lifecycle,GetEntity,GET,404,false,true,16
local-paired,round1-before.log,before,13,aztable,16,stream,lifecycle,QueryEntities,GET,200,false,false,1053
local-paired,round1-before.log,before,14,aztable,16,duplex,workload,AddEntity,POST,201,false,false,2080
local-paired,round1-before.log,before,14,aztable,16,duplex,workload,DeleteEntity,DELETE,204,false,false,16
local-paired,round1-before.log,before,14,aztable,16,duplex,workload,QueryEntities,GET,200,false,false,2029
local-paired,round1-before.log,before,14,aztable,16,duplex,lifecycle,AddEntity,POST,201,false,false,2112
local-paired,round1-before.log,before,14,aztable,16,duplex,lifecycle,CreateTable,POST,201,false,false,34
local-paired,round1-before.log,before,14,aztable,16,duplex,lifecycle,DeleteEntity,DELETE,204,false,false,32
local-paired,round1-before.log,before,14,aztable,16,duplex,lifecycle,DeleteTable,DELETE,204,false,false,34
local-paired,round1-before.log,before,14,aztable,16,duplex,lifecycle,GetEntity,GET,200,false,false,16
local-paired,round1-before.log,before,14,aztable,16,duplex,lifecycle,GetEntity,GET,404,false,true,16
local-paired,round1-before.log,before,14,aztable,16,duplex,lifecycle,QueryEntities,GET,200,false,false,2061
local-paired,round1-before.log,before,15,aztable,16,wake,workload,AddEntity,POST,201,false,false,16
local-paired,round1-before.log,before,15,aztable,16,wake,workload,DeleteEntity,DELETE,204,false,false,15
local-paired,round1-before.log,before,15,aztable,16,wake,workload,QueryEntities,GET,200,false,false,1461
local-paired,round1-before.log,before,15,aztable,16,wake,lifecycle,AddEntity,POST,201,false,false,64
local-paired,round1-before.log,before,15,aztable,16,wake,lifecycle,CreateTable,POST,201,false,false,34
local-paired,round1-before.log,before,15,aztable,16,wake,lifecycle,DeleteEntity,DELETE,204,false,false,32
local-paired,round1-before.log,before,15,aztable,16,wake,lifecycle,DeleteTable,DELETE,204,false,false,34
local-paired,round1-before.log,before,15,aztable,16,wake,lifecycle,GetEntity,GET,200,false,false,16
local-paired,round1-before.log,before,15,aztable,16,wake,lifecycle,GetEntity,GET,404,false,true,16
local-paired,round1-before.log,before,15,aztable,16,wake,lifecycle,QueryEntities,GET,200,false,false,1492
local-paired,round2-after.log,after,1,aztable,1,idle,workload,QueryEntities,GET,0,false,true,1
local-paired,round2-after.log,after,1,aztable,1,idle,workload,QueryEntities,GET,200,false,false,70
local-paired,round2-after.log,after,1,aztable,1,idle,lifecycle,AddEntity,POST,201,false,false,2
local-paired,round2-after.log,after,1,aztable,1,idle,lifecycle,AddEntity,POST,204,false,false,1
local-paired,round2-after.log,after,1,aztable,1,idle,lifecycle,CreateTable,POST,201,false,false,4
local-paired,round2-after.log,after,1,aztable,1,idle,lifecycle,DeleteEntity,DELETE,204,false,false,2
local-paired,round2-after.log,after,1,aztable,1,idle,lifecycle,DeleteTable,DELETE,204,false,false,4
local-paired,round2-after.log,after,1,aztable,1,idle,lifecycle,GetEntity,GET,200,false,false,1
local-paired,round2-after.log,after,1,aztable,1,idle,lifecycle,GetEntity,GET,404,false,true,1
local-paired,round2-after.log,after,1,aztable,1,idle,lifecycle,QueryEntities,GET,0,false,true,1
local-paired,round2-after.log,after,1,aztable,1,idle,lifecycle,QueryEntities,GET,200,false,false,72
local-paired,round2-after.log,after,2,aztable,1,interactive,workload,AddEntity,POST,204,false,false,32
local-paired,round2-after.log,after,2,aztable,1,interactive,workload,DeleteEntity,DELETE,204,false,false,1
local-paired,round2-after.log,after,2,aztable,1,interactive,workload,QueryEntities,GET,200,false,false,32
local-paired,round2-after.log,after,2,aztable,1,interactive,lifecycle,AddEntity,POST,201,false,false,2
local-paired,round2-after.log,after,2,aztable,1,interactive,lifecycle,AddEntity,POST,204,false,false,33
local-paired,round2-after.log,after,2,aztable,1,interactive,lifecycle,CreateTable,POST,201,false,false,4
local-paired,round2-after.log,after,2,aztable,1,interactive,lifecycle,DeleteEntity,DELETE,204,false,false,2
local-paired,round2-after.log,after,2,aztable,1,interactive,lifecycle,DeleteTable,DELETE,204,false,false,4
local-paired,round2-after.log,after,2,aztable,1,interactive,lifecycle,GetEntity,GET,200,false,false,1
local-paired,round2-after.log,after,2,aztable,1,interactive,lifecycle,GetEntity,GET,404,false,true,1
local-paired,round2-after.log,after,2,aztable,1,interactive,lifecycle,QueryEntities,GET,200,false,false,34
local-paired,round2-after.log,after,3,aztable,1,stream,workload,AddEntity,POST,204,false,false,65
local-paired,round2-after.log,after,3,aztable,1,stream,workload,DeleteEntity,DELETE,204,false,false,1
local-paired,round2-after.log,after,3,aztable,1,stream,workload,QueryEntities,GET,200,false,false,19
local-paired,round2-after.log,after,3,aztable,1,stream,lifecycle,AddEntity,POST,201,false,false,2
local-paired,round2-after.log,after,3,aztable,1,stream,lifecycle,AddEntity,POST,204,false,false,65
local-paired,round2-after.log,after,3,aztable,1,stream,lifecycle,CreateTable,POST,201,false,false,4
local-paired,round2-after.log,after,3,aztable,1,stream,lifecycle,DeleteEntity,DELETE,204,false,false,2
local-paired,round2-after.log,after,3,aztable,1,stream,lifecycle,DeleteTable,DELETE,204,false,false,4
local-paired,round2-after.log,after,3,aztable,1,stream,lifecycle,GetEntity,GET,200,false,false,1
local-paired,round2-after.log,after,3,aztable,1,stream,lifecycle,GetEntity,GET,404,false,true,1
local-paired,round2-after.log,after,3,aztable,1,stream,lifecycle,QueryEntities,GET,200,false,false,21
local-paired,round2-after.log,after,4,aztable,1,duplex,workload,AddEntity,POST,204,false,false,130
local-paired,round2-after.log,after,4,aztable,1,duplex,workload,DeleteEntity,DELETE,204,false,false,1
local-paired,round2-after.log,after,4,aztable,1,duplex,workload,QueryEntities,GET,200,false,false,38
local-paired,round2-after.log,after,4,aztable,1,duplex,lifecycle,AddEntity,POST,201,false,false,2
local-paired,round2-after.log,after,4,aztable,1,duplex,lifecycle,AddEntity,POST,204,false,false,130
local-paired,round2-after.log,after,4,aztable,1,duplex,lifecycle,CreateTable,POST,201,false,false,4
local-paired,round2-after.log,after,4,aztable,1,duplex,lifecycle,DeleteEntity,DELETE,204,false,false,2
local-paired,round2-after.log,after,4,aztable,1,duplex,lifecycle,DeleteTable,DELETE,204,false,false,4
local-paired,round2-after.log,after,4,aztable,1,duplex,lifecycle,GetEntity,GET,200,false,false,1
local-paired,round2-after.log,after,4,aztable,1,duplex,lifecycle,GetEntity,GET,404,false,true,1
local-paired,round2-after.log,after,4,aztable,1,duplex,lifecycle,QueryEntities,GET,200,false,false,40
local-paired,round2-after.log,after,5,aztable,1,wake,workload,AddEntity,POST,204,false,false,1
local-paired,round2-after.log,after,5,aztable,1,wake,workload,QueryEntities,GET,200,false,false,80
local-paired,round2-after.log,after,5,aztable,1,wake,lifecycle,AddEntity,POST,201,false,false,2
local-paired,round2-after.log,after,5,aztable,1,wake,lifecycle,AddEntity,POST,204,false,false,2
local-paired,round2-after.log,after,5,aztable,1,wake,lifecycle,CreateTable,POST,201,false,false,4
local-paired,round2-after.log,after,5,aztable,1,wake,lifecycle,DeleteEntity,DELETE,204,false,false,2
local-paired,round2-after.log,after,5,aztable,1,wake,lifecycle,DeleteTable,DELETE,204,false,false,4
local-paired,round2-after.log,after,5,aztable,1,wake,lifecycle,GetEntity,GET,200,false,false,1
local-paired,round2-after.log,after,5,aztable,1,wake,lifecycle,GetEntity,GET,404,false,true,1
local-paired,round2-after.log,after,5,aztable,1,wake,lifecycle,QueryEntities,GET,200,false,false,82
local-paired,round2-after.log,after,6,aztable,4,idle,workload,QueryEntities,GET,0,false,true,1
local-paired,round2-after.log,after,6,aztable,4,idle,workload,QueryEntities,GET,200,false,false,316
local-paired,round2-after.log,after,6,aztable,4,idle,lifecycle,AddEntity,POST,201,false,false,8
local-paired,round2-after.log,after,6,aztable,4,idle,lifecycle,AddEntity,POST,204,false,false,4
local-paired,round2-after.log,after,6,aztable,4,idle,lifecycle,CreateTable,POST,201,false,false,10
local-paired,round2-after.log,after,6,aztable,4,idle,lifecycle,DeleteEntity,DELETE,204,false,false,8
local-paired,round2-after.log,after,6,aztable,4,idle,lifecycle,DeleteTable,DELETE,204,false,false,10
local-paired,round2-after.log,after,6,aztable,4,idle,lifecycle,GetEntity,GET,200,false,false,4
local-paired,round2-after.log,after,6,aztable,4,idle,lifecycle,GetEntity,GET,404,false,true,5
local-paired,round2-after.log,after,6,aztable,4,idle,lifecycle,QueryEntities,GET,0,false,true,1
local-paired,round2-after.log,after,6,aztable,4,idle,lifecycle,QueryEntities,GET,200,false,false,324
local-paired,round2-after.log,after,7,aztable,4,interactive,workload,AddEntity,POST,204,false,false,128
local-paired,round2-after.log,after,7,aztable,4,interactive,workload,DeleteEntity,DELETE,204,false,false,4
local-paired,round2-after.log,after,7,aztable,4,interactive,workload,QueryEntities,GET,200,false,false,128
local-paired,round2-after.log,after,7,aztable,4,interactive,lifecycle,AddEntity,POST,201,false,false,8
local-paired,round2-after.log,after,7,aztable,4,interactive,lifecycle,AddEntity,POST,204,false,false,132
local-paired,round2-after.log,after,7,aztable,4,interactive,lifecycle,CreateTable,POST,201,false,false,10
local-paired,round2-after.log,after,7,aztable,4,interactive,lifecycle,DeleteEntity,DELETE,204,false,false,8
local-paired,round2-after.log,after,7,aztable,4,interactive,lifecycle,DeleteTable,DELETE,204,false,false,10
local-paired,round2-after.log,after,7,aztable,4,interactive,lifecycle,GetEntity,GET,200,false,false,4
local-paired,round2-after.log,after,7,aztable,4,interactive,lifecycle,GetEntity,GET,404,false,true,4
local-paired,round2-after.log,after,7,aztable,4,interactive,lifecycle,QueryEntities,GET,200,false,false,136
local-paired,round2-after.log,after,8,aztable,4,stream,workload,AddEntity,POST,204,false,false,260
local-paired,round2-after.log,after,8,aztable,4,stream,workload,DeleteEntity,DELETE,204,false,false,4
local-paired,round2-after.log,after,8,aztable,4,stream,workload,QueryEntities,GET,200,false,false,126
local-paired,round2-after.log,after,8,aztable,4,stream,lifecycle,AddEntity,POST,201,false,false,8
local-paired,round2-after.log,after,8,aztable,4,stream,lifecycle,AddEntity,POST,204,false,false,260
local-paired,round2-after.log,after,8,aztable,4,stream,lifecycle,CreateTable,POST,201,false,false,10
local-paired,round2-after.log,after,8,aztable,4,stream,lifecycle,DeleteEntity,DELETE,204,false,false,8
local-paired,round2-after.log,after,8,aztable,4,stream,lifecycle,DeleteTable,DELETE,204,false,false,10
local-paired,round2-after.log,after,8,aztable,4,stream,lifecycle,GetEntity,GET,200,false,false,4
local-paired,round2-after.log,after,8,aztable,4,stream,lifecycle,GetEntity,GET,404,false,true,4
local-paired,round2-after.log,after,8,aztable,4,stream,lifecycle,QueryEntities,GET,200,false,false,134
local-paired,round2-after.log,after,9,aztable,4,duplex,workload,AddEntity,POST,204,false,false,520
local-paired,round2-after.log,after,9,aztable,4,duplex,workload,DeleteEntity,DELETE,204,false,false,4
local-paired,round2-after.log,after,9,aztable,4,duplex,workload,QueryEntities,GET,200,false,false,431
local-paired,round2-after.log,after,9,aztable,4,duplex,lifecycle,AddEntity,POST,201,false,false,8
local-paired,round2-after.log,after,9,aztable,4,duplex,lifecycle,AddEntity,POST,204,false,false,520
local-paired,round2-after.log,after,9,aztable,4,duplex,lifecycle,CreateTable,POST,201,false,false,10
local-paired,round2-after.log,after,9,aztable,4,duplex,lifecycle,DeleteEntity,DELETE,204,false,false,8
local-paired,round2-after.log,after,9,aztable,4,duplex,lifecycle,DeleteTable,DELETE,204,false,false,10
local-paired,round2-after.log,after,9,aztable,4,duplex,lifecycle,GetEntity,GET,200,false,false,4
local-paired,round2-after.log,after,9,aztable,4,duplex,lifecycle,GetEntity,GET,404,false,true,4
local-paired,round2-after.log,after,9,aztable,4,duplex,lifecycle,QueryEntities,GET,200,false,false,439
local-paired,round2-after.log,after,10,aztable,4,wake,workload,AddEntity,POST,204,false,false,4
local-paired,round2-after.log,after,10,aztable,4,wake,workload,DeleteEntity,DELETE,204,false,false,3
local-paired,round2-after.log,after,10,aztable,4,wake,workload,QueryEntities,GET,200,false,false,331
local-paired,round2-after.log,after,10,aztable,4,wake,lifecycle,AddEntity,POST,201,false,false,8
local-paired,round2-after.log,after,10,aztable,4,wake,lifecycle,AddEntity,POST,204,false,false,8
local-paired,round2-after.log,after,10,aztable,4,wake,lifecycle,CreateTable,POST,201,false,false,10
local-paired,round2-after.log,after,10,aztable,4,wake,lifecycle,DeleteEntity,DELETE,204,false,false,8
local-paired,round2-after.log,after,10,aztable,4,wake,lifecycle,DeleteTable,DELETE,204,false,false,10
local-paired,round2-after.log,after,10,aztable,4,wake,lifecycle,GetEntity,GET,200,false,false,4
local-paired,round2-after.log,after,10,aztable,4,wake,lifecycle,GetEntity,GET,404,false,true,4
local-paired,round2-after.log,after,10,aztable,4,wake,lifecycle,QueryEntities,GET,200,false,false,339
local-paired,round2-after.log,after,11,aztable,16,idle,workload,QueryEntities,GET,0,false,true,10
local-paired,round2-after.log,after,11,aztable,16,idle,workload,QueryEntities,GET,200,false,false,1414
local-paired,round2-after.log,after,11,aztable,16,idle,lifecycle,AddEntity,POST,201,false,false,32
local-paired,round2-after.log,after,11,aztable,16,idle,lifecycle,AddEntity,POST,204,false,false,16
local-paired,round2-after.log,after,11,aztable,16,idle,lifecycle,CreateTable,POST,201,false,false,34
local-paired,round2-after.log,after,11,aztable,16,idle,lifecycle,DeleteEntity,DELETE,204,false,false,32
local-paired,round2-after.log,after,11,aztable,16,idle,lifecycle,DeleteTable,DELETE,204,false,false,34
local-paired,round2-after.log,after,11,aztable,16,idle,lifecycle,GetEntity,GET,200,false,false,16
local-paired,round2-after.log,after,11,aztable,16,idle,lifecycle,GetEntity,GET,404,false,true,16
local-paired,round2-after.log,after,11,aztable,16,idle,lifecycle,QueryEntities,GET,0,false,true,10
local-paired,round2-after.log,after,11,aztable,16,idle,lifecycle,QueryEntities,GET,200,false,false,1446
local-paired,round2-after.log,after,12,aztable,16,interactive,workload,AddEntity,POST,204,false,false,512
local-paired,round2-after.log,after,12,aztable,16,interactive,workload,DeleteEntity,DELETE,204,false,false,16
local-paired,round2-after.log,after,12,aztable,16,interactive,workload,QueryEntities,GET,200,false,false,512
local-paired,round2-after.log,after,12,aztable,16,interactive,lifecycle,AddEntity,POST,201,false,false,32
local-paired,round2-after.log,after,12,aztable,16,interactive,lifecycle,AddEntity,POST,204,false,false,528
local-paired,round2-after.log,after,12,aztable,16,interactive,lifecycle,CreateTable,POST,201,false,false,34
local-paired,round2-after.log,after,12,aztable,16,interactive,lifecycle,DeleteEntity,DELETE,204,false,false,32
local-paired,round2-after.log,after,12,aztable,16,interactive,lifecycle,DeleteTable,DELETE,204,false,false,34
local-paired,round2-after.log,after,12,aztable,16,interactive,lifecycle,GetEntity,GET,200,false,false,16
local-paired,round2-after.log,after,12,aztable,16,interactive,lifecycle,GetEntity,GET,404,false,true,17
local-paired,round2-after.log,after,12,aztable,16,interactive,lifecycle,QueryEntities,GET,200,false,false,544
local-paired,round2-after.log,after,13,aztable,16,stream,workload,AddEntity,POST,204,false,false,1040
local-paired,round2-after.log,after,13,aztable,16,stream,workload,DeleteEntity,DELETE,204,false,false,16
local-paired,round2-after.log,after,13,aztable,16,stream,workload,QueryEntities,GET,200,false,false,957
local-paired,round2-after.log,after,13,aztable,16,stream,lifecycle,AddEntity,POST,201,false,false,32
local-paired,round2-after.log,after,13,aztable,16,stream,lifecycle,AddEntity,POST,204,false,false,1040
local-paired,round2-after.log,after,13,aztable,16,stream,lifecycle,CreateTable,POST,201,false,false,34
local-paired,round2-after.log,after,13,aztable,16,stream,lifecycle,DeleteEntity,DELETE,204,false,false,32
local-paired,round2-after.log,after,13,aztable,16,stream,lifecycle,DeleteTable,DELETE,204,false,false,34
local-paired,round2-after.log,after,13,aztable,16,stream,lifecycle,GetEntity,GET,200,false,false,16
local-paired,round2-after.log,after,13,aztable,16,stream,lifecycle,GetEntity,GET,404,false,true,16
local-paired,round2-after.log,after,13,aztable,16,stream,lifecycle,QueryEntities,GET,200,false,false,989
local-paired,round2-after.log,after,14,aztable,16,duplex,workload,AddEntity,POST,204,false,false,2080
local-paired,round2-after.log,after,14,aztable,16,duplex,workload,DeleteEntity,DELETE,204,false,false,16
local-paired,round2-after.log,after,14,aztable,16,duplex,workload,QueryEntities,GET,200,false,false,1766
local-paired,round2-after.log,after,14,aztable,16,duplex,lifecycle,AddEntity,POST,201,false,false,32
local-paired,round2-after.log,after,14,aztable,16,duplex,lifecycle,AddEntity,POST,204,false,false,2080
local-paired,round2-after.log,after,14,aztable,16,duplex,lifecycle,CreateTable,POST,201,false,false,34
local-paired,round2-after.log,after,14,aztable,16,duplex,lifecycle,DeleteEntity,DELETE,204,false,false,32
local-paired,round2-after.log,after,14,aztable,16,duplex,lifecycle,DeleteTable,DELETE,204,false,false,34
local-paired,round2-after.log,after,14,aztable,16,duplex,lifecycle,GetEntity,GET,200,false,false,16
local-paired,round2-after.log,after,14,aztable,16,duplex,lifecycle,GetEntity,GET,404,false,true,16
local-paired,round2-after.log,after,14,aztable,16,duplex,lifecycle,QueryEntities,GET,200,false,false,1798
local-paired,round2-after.log,after,15,aztable,16,wake,workload,AddEntity,POST,204,false,false,16
local-paired,round2-after.log,after,15,aztable,16,wake,workload,DeleteEntity,DELETE,204,false,false,14
local-paired,round2-after.log,after,15,aztable,16,wake,workload,QueryEntities,GET,200,false,false,1455
local-paired,round2-after.log,after,15,aztable,16,wake,lifecycle,AddEntity,POST,201,false,false,32
local-paired,round2-after.log,after,15,aztable,16,wake,lifecycle,AddEntity,POST,204,false,false,32
local-paired,round2-after.log,after,15,aztable,16,wake,lifecycle,CreateTable,POST,201,false,false,34
local-paired,round2-after.log,after,15,aztable,16,wake,lifecycle,DeleteEntity,DELETE,204,false,false,32
local-paired,round2-after.log,after,15,aztable,16,wake,lifecycle,DeleteTable,DELETE,204,false,false,34
local-paired,round2-after.log,after,15,aztable,16,wake,lifecycle,GetEntity,GET,200,false,false,16
local-paired,round2-after.log,after,15,aztable,16,wake,lifecycle,GetEntity,GET,404,false,true,16
local-paired,round2-after.log,after,15,aztable,16,wake,lifecycle,QueryEntities,GET,200,false,false,1487
local-paired,round2-before.log,before,1,aztable,1,idle,workload,QueryEntities,GET,200,false,false,75
local-paired,round2-before.log,before,1,aztable,1,idle,lifecycle,AddEntity,POST,201,false,false,3
local-paired,round2-before.log,before,1,aztable,1,idle,lifecycle,CreateTable,POST,201,false,false,4
local-paired,round2-before.log,before,1,aztable,1,idle,lifecycle,DeleteEntity,DELETE,204,false,false,2
local-paired,round2-before.log,before,1,aztable,1,idle,lifecycle,DeleteTable,DELETE,204,false,false,4
local-paired,round2-before.log,before,1,aztable,1,idle,lifecycle,GetEntity,GET,200,false,false,1
local-paired,round2-before.log,before,1,aztable,1,idle,lifecycle,GetEntity,GET,404,false,true,1
local-paired,round2-before.log,before,1,aztable,1,idle,lifecycle,QueryEntities,GET,200,false,false,77
local-paired,round2-before.log,before,2,aztable,1,interactive,workload,AddEntity,POST,201,false,false,32
local-paired,round2-before.log,before,2,aztable,1,interactive,workload,DeleteEntity,DELETE,204,false,false,1
local-paired,round2-before.log,before,2,aztable,1,interactive,workload,QueryEntities,GET,200,false,false,32
local-paired,round2-before.log,before,2,aztable,1,interactive,lifecycle,AddEntity,POST,201,false,false,35
local-paired,round2-before.log,before,2,aztable,1,interactive,lifecycle,CreateTable,POST,201,false,false,4
local-paired,round2-before.log,before,2,aztable,1,interactive,lifecycle,DeleteEntity,DELETE,204,false,false,2
local-paired,round2-before.log,before,2,aztable,1,interactive,lifecycle,DeleteTable,DELETE,204,false,false,4
local-paired,round2-before.log,before,2,aztable,1,interactive,lifecycle,GetEntity,GET,200,false,false,1
local-paired,round2-before.log,before,2,aztable,1,interactive,lifecycle,GetEntity,GET,404,false,true,1
local-paired,round2-before.log,before,2,aztable,1,interactive,lifecycle,QueryEntities,GET,200,false,false,34
local-paired,round2-before.log,before,3,aztable,1,stream,workload,AddEntity,POST,201,false,false,65
local-paired,round2-before.log,before,3,aztable,1,stream,workload,DeleteEntity,DELETE,204,false,false,1
local-paired,round2-before.log,before,3,aztable,1,stream,workload,QueryEntities,GET,200,false,false,32
local-paired,round2-before.log,before,3,aztable,1,stream,lifecycle,AddEntity,POST,201,false,false,67
local-paired,round2-before.log,before,3,aztable,1,stream,lifecycle,CreateTable,POST,201,false,false,4
local-paired,round2-before.log,before,3,aztable,1,stream,lifecycle,DeleteEntity,DELETE,204,false,false,2
local-paired,round2-before.log,before,3,aztable,1,stream,lifecycle,DeleteTable,DELETE,204,false,false,4
local-paired,round2-before.log,before,3,aztable,1,stream,lifecycle,GetEntity,GET,200,false,false,1
local-paired,round2-before.log,before,3,aztable,1,stream,lifecycle,GetEntity,GET,404,false,true,1
local-paired,round2-before.log,before,3,aztable,1,stream,lifecycle,QueryEntities,GET,200,false,false,34
local-paired,round2-before.log,before,4,aztable,1,duplex,workload,AddEntity,POST,201,false,false,130
local-paired,round2-before.log,before,4,aztable,1,duplex,workload,DeleteEntity,DELETE,204,false,false,1
local-paired,round2-before.log,before,4,aztable,1,duplex,workload,QueryEntities,GET,200,false,false,70
local-paired,round2-before.log,before,4,aztable,1,duplex,lifecycle,AddEntity,POST,201,false,false,132
local-paired,round2-before.log,before,4,aztable,1,duplex,lifecycle,CreateTable,POST,201,false,false,4
local-paired,round2-before.log,before,4,aztable,1,duplex,lifecycle,DeleteEntity,DELETE,204,false,false,2
local-paired,round2-before.log,before,4,aztable,1,duplex,lifecycle,DeleteTable,DELETE,204,false,false,4
local-paired,round2-before.log,before,4,aztable,1,duplex,lifecycle,GetEntity,GET,200,false,false,1
local-paired,round2-before.log,before,4,aztable,1,duplex,lifecycle,GetEntity,GET,404,false,true,1
local-paired,round2-before.log,before,4,aztable,1,duplex,lifecycle,QueryEntities,GET,200,false,false,72
local-paired,round2-before.log,before,5,aztable,1,wake,workload,AddEntity,POST,201,false,false,1
local-paired,round2-before.log,before,5,aztable,1,wake,workload,QueryEntities,GET,200,false,false,78
local-paired,round2-before.log,before,5,aztable,1,wake,lifecycle,AddEntity,POST,201,false,false,4
local-paired,round2-before.log,before,5,aztable,1,wake,lifecycle,CreateTable,POST,201,false,false,4
local-paired,round2-before.log,before,5,aztable,1,wake,lifecycle,DeleteEntity,DELETE,204,false,false,2
local-paired,round2-before.log,before,5,aztable,1,wake,lifecycle,DeleteTable,DELETE,204,false,false,4
local-paired,round2-before.log,before,5,aztable,1,wake,lifecycle,GetEntity,GET,200,false,false,1
local-paired,round2-before.log,before,5,aztable,1,wake,lifecycle,GetEntity,GET,404,false,true,1
local-paired,round2-before.log,before,5,aztable,1,wake,lifecycle,QueryEntities,GET,200,false,false,80
local-paired,round2-before.log,before,6,aztable,4,idle,workload,QueryEntities,GET,200,false,false,324
local-paired,round2-before.log,before,6,aztable,4,idle,lifecycle,AddEntity,POST,201,false,false,12
local-paired,round2-before.log,before,6,aztable,4,idle,lifecycle,CreateTable,POST,201,false,false,10
local-paired,round2-before.log,before,6,aztable,4,idle,lifecycle,DeleteEntity,DELETE,204,false,false,8
local-paired,round2-before.log,before,6,aztable,4,idle,lifecycle,DeleteTable,DELETE,204,false,false,10
local-paired,round2-before.log,before,6,aztable,4,idle,lifecycle,GetEntity,GET,200,false,false,4
local-paired,round2-before.log,before,6,aztable,4,idle,lifecycle,GetEntity,GET,404,false,true,4
local-paired,round2-before.log,before,6,aztable,4,idle,lifecycle,QueryEntities,GET,200,false,false,332
local-paired,round2-before.log,before,7,aztable,4,interactive,workload,AddEntity,POST,201,false,false,128
local-paired,round2-before.log,before,7,aztable,4,interactive,workload,DeleteEntity,DELETE,204,false,false,4
local-paired,round2-before.log,before,7,aztable,4,interactive,workload,QueryEntities,GET,200,false,false,128
local-paired,round2-before.log,before,7,aztable,4,interactive,lifecycle,AddEntity,POST,201,false,false,140
local-paired,round2-before.log,before,7,aztable,4,interactive,lifecycle,CreateTable,POST,201,false,false,10
local-paired,round2-before.log,before,7,aztable,4,interactive,lifecycle,DeleteEntity,DELETE,204,false,false,8
local-paired,round2-before.log,before,7,aztable,4,interactive,lifecycle,DeleteTable,DELETE,204,false,false,10
local-paired,round2-before.log,before,7,aztable,4,interactive,lifecycle,GetEntity,GET,200,false,false,4
local-paired,round2-before.log,before,7,aztable,4,interactive,lifecycle,GetEntity,GET,404,false,true,4
local-paired,round2-before.log,before,7,aztable,4,interactive,lifecycle,QueryEntities,GET,200,false,false,136
local-paired,round2-before.log,before,8,aztable,4,stream,workload,AddEntity,POST,201,false,false,260
local-paired,round2-before.log,before,8,aztable,4,stream,workload,DeleteEntity,DELETE,204,false,false,4
local-paired,round2-before.log,before,8,aztable,4,stream,workload,QueryEntities,GET,200,false,false,238
local-paired,round2-before.log,before,8,aztable,4,stream,lifecycle,AddEntity,POST,201,false,false,268
local-paired,round2-before.log,before,8,aztable,4,stream,lifecycle,CreateTable,POST,201,false,false,10
local-paired,round2-before.log,before,8,aztable,4,stream,lifecycle,DeleteEntity,DELETE,204,false,false,8
local-paired,round2-before.log,before,8,aztable,4,stream,lifecycle,DeleteTable,DELETE,204,false,false,10
local-paired,round2-before.log,before,8,aztable,4,stream,lifecycle,GetEntity,GET,200,false,false,4
local-paired,round2-before.log,before,8,aztable,4,stream,lifecycle,GetEntity,GET,404,false,true,4
local-paired,round2-before.log,before,8,aztable,4,stream,lifecycle,QueryEntities,GET,200,false,false,246
local-paired,round2-before.log,before,9,aztable,4,duplex,workload,AddEntity,POST,201,false,false,520
local-paired,round2-before.log,before,9,aztable,4,duplex,workload,DeleteEntity,DELETE,204,false,false,4
local-paired,round2-before.log,before,9,aztable,4,duplex,workload,QueryEntities,GET,200,false,false,497
local-paired,round2-before.log,before,9,aztable,4,duplex,lifecycle,AddEntity,POST,201,false,false,528
local-paired,round2-before.log,before,9,aztable,4,duplex,lifecycle,CreateTable,POST,201,false,false,10
local-paired,round2-before.log,before,9,aztable,4,duplex,lifecycle,DeleteEntity,DELETE,204,false,false,8
local-paired,round2-before.log,before,9,aztable,4,duplex,lifecycle,DeleteTable,DELETE,204,false,false,10
local-paired,round2-before.log,before,9,aztable,4,duplex,lifecycle,GetEntity,GET,200,false,false,4
local-paired,round2-before.log,before,9,aztable,4,duplex,lifecycle,GetEntity,GET,404,false,true,4
local-paired,round2-before.log,before,9,aztable,4,duplex,lifecycle,QueryEntities,GET,200,false,false,505
local-paired,round2-before.log,before,10,aztable,4,wake,workload,AddEntity,POST,201,false,false,4
local-paired,round2-before.log,before,10,aztable,4,wake,workload,QueryEntities,GET,200,false,false,326
local-paired,round2-before.log,before,10,aztable,4,wake,lifecycle,AddEntity,POST,201,false,false,16
local-paired,round2-before.log,before,10,aztable,4,wake,lifecycle,CreateTable,POST,201,false,false,10
local-paired,round2-before.log,before,10,aztable,4,wake,lifecycle,DeleteEntity,DELETE,204,false,false,8
local-paired,round2-before.log,before,10,aztable,4,wake,lifecycle,DeleteTable,DELETE,204,false,false,10
local-paired,round2-before.log,before,10,aztable,4,wake,lifecycle,GetEntity,GET,200,false,false,4
local-paired,round2-before.log,before,10,aztable,4,wake,lifecycle,GetEntity,GET,404,false,true,4
local-paired,round2-before.log,before,10,aztable,4,wake,lifecycle,QueryEntities,GET,200,false,false,334
local-paired,round2-before.log,before,11,aztable,16,idle,workload,QueryEntities,GET,0,false,true,5
local-paired,round2-before.log,before,11,aztable,16,idle,workload,QueryEntities,GET,200,false,false,1424
local-paired,round2-before.log,before,11,aztable,16,idle,lifecycle,AddEntity,POST,201,false,false,48
local-paired,round2-before.log,before,11,aztable,16,idle,lifecycle,CreateTable,POST,201,false,false,34
local-paired,round2-before.log,before,11,aztable,16,idle,lifecycle,DeleteEntity,DELETE,204,false,false,32
local-paired,round2-before.log,before,11,aztable,16,idle,lifecycle,DeleteTable,DELETE,204,false,false,34
local-paired,round2-before.log,before,11,aztable,16,idle,lifecycle,GetEntity,GET,200,false,false,16
local-paired,round2-before.log,before,11,aztable,16,idle,lifecycle,GetEntity,GET,404,false,true,16
local-paired,round2-before.log,before,11,aztable,16,idle,lifecycle,QueryEntities,GET,0,false,true,5
local-paired,round2-before.log,before,11,aztable,16,idle,lifecycle,QueryEntities,GET,200,false,false,1456
local-paired,round2-before.log,before,12,aztable,16,interactive,workload,AddEntity,POST,201,false,false,512
local-paired,round2-before.log,before,12,aztable,16,interactive,workload,DeleteEntity,DELETE,204,false,false,16
local-paired,round2-before.log,before,12,aztable,16,interactive,workload,QueryEntities,GET,200,false,false,512
local-paired,round2-before.log,before,12,aztable,16,interactive,lifecycle,AddEntity,POST,201,false,false,560
local-paired,round2-before.log,before,12,aztable,16,interactive,lifecycle,CreateTable,POST,201,false,false,34
local-paired,round2-before.log,before,12,aztable,16,interactive,lifecycle,DeleteEntity,DELETE,204,false,false,32
local-paired,round2-before.log,before,12,aztable,16,interactive,lifecycle,DeleteTable,DELETE,204,false,false,34
local-paired,round2-before.log,before,12,aztable,16,interactive,lifecycle,GetEntity,GET,200,false,false,16
local-paired,round2-before.log,before,12,aztable,16,interactive,lifecycle,GetEntity,GET,404,false,true,16
local-paired,round2-before.log,before,12,aztable,16,interactive,lifecycle,QueryEntities,GET,200,false,false,544
local-paired,round2-before.log,before,13,aztable,16,stream,workload,AddEntity,POST,201,false,false,1040
local-paired,round2-before.log,before,13,aztable,16,stream,workload,DeleteEntity,DELETE,204,false,false,16
local-paired,round2-before.log,before,13,aztable,16,stream,workload,QueryEntities,GET,200,false,false,927
local-paired,round2-before.log,before,13,aztable,16,stream,lifecycle,AddEntity,POST,201,false,false,1072
local-paired,round2-before.log,before,13,aztable,16,stream,lifecycle,CreateTable,POST,201,false,false,34
local-paired,round2-before.log,before,13,aztable,16,stream,lifecycle,DeleteEntity,DELETE,204,false,false,32
local-paired,round2-before.log,before,13,aztable,16,stream,lifecycle,DeleteTable,DELETE,204,false,false,34
local-paired,round2-before.log,before,13,aztable,16,stream,lifecycle,GetEntity,GET,200,false,false,16
local-paired,round2-before.log,before,13,aztable,16,stream,lifecycle,GetEntity,GET,404,false,true,16
local-paired,round2-before.log,before,13,aztable,16,stream,lifecycle,QueryEntities,GET,200,false,false,959
local-paired,round2-before.log,before,14,aztable,16,duplex,workload,AddEntity,POST,201,false,false,2080
local-paired,round2-before.log,before,14,aztable,16,duplex,workload,DeleteEntity,DELETE,204,false,false,16
local-paired,round2-before.log,before,14,aztable,16,duplex,workload,QueryEntities,GET,200,false,false,2058
local-paired,round2-before.log,before,14,aztable,16,duplex,lifecycle,AddEntity,POST,201,false,false,2112
local-paired,round2-before.log,before,14,aztable,16,duplex,lifecycle,CreateTable,POST,201,false,false,34
local-paired,round2-before.log,before,14,aztable,16,duplex,lifecycle,DeleteEntity,DELETE,204,false,false,32
local-paired,round2-before.log,before,14,aztable,16,duplex,lifecycle,DeleteTable,DELETE,204,false,false,34
local-paired,round2-before.log,before,14,aztable,16,duplex,lifecycle,GetEntity,GET,200,false,false,16
local-paired,round2-before.log,before,14,aztable,16,duplex,lifecycle,GetEntity,GET,404,false,true,16
local-paired,round2-before.log,before,14,aztable,16,duplex,lifecycle,QueryEntities,GET,200,false,false,2090
local-paired,round2-before.log,before,15,aztable,16,wake,workload,AddEntity,POST,201,false,false,16
local-paired,round2-before.log,before,15,aztable,16,wake,workload,DeleteEntity,DELETE,204,false,false,14
local-paired,round2-before.log,before,15,aztable,16,wake,workload,QueryEntities,GET,200,false,false,1437
local-paired,round2-before.log,before,15,aztable,16,wake,lifecycle,AddEntity,POST,201,false,false,64
local-paired,round2-before.log,before,15,aztable,16,wake,lifecycle,CreateTable,POST,201,false,false,34
local-paired,round2-before.log,before,15,aztable,16,wake,lifecycle,DeleteEntity,DELETE,204,false,false,32
local-paired,round2-before.log,before,15,aztable,16,wake,lifecycle,DeleteTable,DELETE,204,false,false,34
local-paired,round2-before.log,before,15,aztable,16,wake,lifecycle,GetEntity,GET,200,false,false,16
local-paired,round2-before.log,before,15,aztable,16,wake,lifecycle,GetEntity,GET,404,false,true,16
local-paired,round2-before.log,before,15,aztable,16,wake,lifecycle,QueryEntities,GET,200,false,false,1469
local-paired,round3-after.log,after,1,aztable,1,idle,workload,QueryEntities,GET,200,false,false,74
local-paired,round3-after.log,after,1,aztable,1,idle,lifecycle,AddEntity,POST,201,false,false,2
local-paired,round3-after.log,after,1,aztable,1,idle,lifecycle,AddEntity,POST,204,false,false,1
local-paired,round3-after.log,after,1,aztable,1,idle,lifecycle,CreateTable,POST,201,false,false,4
local-paired,round3-after.log,after,1,aztable,1,idle,lifecycle,DeleteEntity,DELETE,204,false,false,2
local-paired,round3-after.log,after,1,aztable,1,idle,lifecycle,DeleteTable,DELETE,204,false,false,4
local-paired,round3-after.log,after,1,aztable,1,idle,lifecycle,GetEntity,GET,200,false,false,1
local-paired,round3-after.log,after,1,aztable,1,idle,lifecycle,GetEntity,GET,404,false,true,1
local-paired,round3-after.log,after,1,aztable,1,idle,lifecycle,QueryEntities,GET,200,false,false,76
local-paired,round3-after.log,after,2,aztable,1,interactive,workload,AddEntity,POST,204,false,false,32
local-paired,round3-after.log,after,2,aztable,1,interactive,workload,DeleteEntity,DELETE,204,false,false,1
local-paired,round3-after.log,after,2,aztable,1,interactive,workload,QueryEntities,GET,200,false,false,32
local-paired,round3-after.log,after,2,aztable,1,interactive,lifecycle,AddEntity,POST,201,false,false,2
local-paired,round3-after.log,after,2,aztable,1,interactive,lifecycle,AddEntity,POST,204,false,false,33
local-paired,round3-after.log,after,2,aztable,1,interactive,lifecycle,CreateTable,POST,201,false,false,4
local-paired,round3-after.log,after,2,aztable,1,interactive,lifecycle,DeleteEntity,DELETE,204,false,false,2
local-paired,round3-after.log,after,2,aztable,1,interactive,lifecycle,DeleteTable,DELETE,204,false,false,4
local-paired,round3-after.log,after,2,aztable,1,interactive,lifecycle,GetEntity,GET,200,false,false,1
local-paired,round3-after.log,after,2,aztable,1,interactive,lifecycle,GetEntity,GET,404,false,true,2
local-paired,round3-after.log,after,2,aztable,1,interactive,lifecycle,QueryEntities,GET,200,false,false,34
local-paired,round3-after.log,after,3,aztable,1,stream,workload,AddEntity,POST,204,false,false,65
local-paired,round3-after.log,after,3,aztable,1,stream,workload,DeleteEntity,DELETE,204,false,false,1
local-paired,round3-after.log,after,3,aztable,1,stream,workload,QueryEntities,GET,200,false,false,20
local-paired,round3-after.log,after,3,aztable,1,stream,lifecycle,AddEntity,POST,201,false,false,2
local-paired,round3-after.log,after,3,aztable,1,stream,lifecycle,AddEntity,POST,204,false,false,65
local-paired,round3-after.log,after,3,aztable,1,stream,lifecycle,CreateTable,POST,201,false,false,4
local-paired,round3-after.log,after,3,aztable,1,stream,lifecycle,DeleteEntity,DELETE,204,false,false,2
local-paired,round3-after.log,after,3,aztable,1,stream,lifecycle,DeleteTable,DELETE,204,false,false,4
local-paired,round3-after.log,after,3,aztable,1,stream,lifecycle,GetEntity,GET,200,false,false,1
local-paired,round3-after.log,after,3,aztable,1,stream,lifecycle,GetEntity,GET,404,false,true,1
local-paired,round3-after.log,after,3,aztable,1,stream,lifecycle,QueryEntities,GET,200,false,false,22
local-paired,round3-after.log,after,4,aztable,1,duplex,workload,AddEntity,POST,204,false,false,130
local-paired,round3-after.log,after,4,aztable,1,duplex,workload,DeleteEntity,DELETE,204,false,false,1
local-paired,round3-after.log,after,4,aztable,1,duplex,workload,QueryEntities,GET,200,false,false,37
local-paired,round3-after.log,after,4,aztable,1,duplex,lifecycle,AddEntity,POST,201,false,false,2
local-paired,round3-after.log,after,4,aztable,1,duplex,lifecycle,AddEntity,POST,204,false,false,130
local-paired,round3-after.log,after,4,aztable,1,duplex,lifecycle,CreateTable,POST,201,false,false,4
local-paired,round3-after.log,after,4,aztable,1,duplex,lifecycle,DeleteEntity,DELETE,204,false,false,2
local-paired,round3-after.log,after,4,aztable,1,duplex,lifecycle,DeleteTable,DELETE,204,false,false,4
local-paired,round3-after.log,after,4,aztable,1,duplex,lifecycle,GetEntity,GET,200,false,false,1
local-paired,round3-after.log,after,4,aztable,1,duplex,lifecycle,GetEntity,GET,404,false,true,1
local-paired,round3-after.log,after,4,aztable,1,duplex,lifecycle,QueryEntities,GET,200,false,false,39
local-paired,round3-after.log,after,5,aztable,1,wake,workload,AddEntity,POST,204,false,false,1
local-paired,round3-after.log,after,5,aztable,1,wake,workload,QueryEntities,GET,200,false,false,78
local-paired,round3-after.log,after,5,aztable,1,wake,lifecycle,AddEntity,POST,201,false,false,2
local-paired,round3-after.log,after,5,aztable,1,wake,lifecycle,AddEntity,POST,204,false,false,2
local-paired,round3-after.log,after,5,aztable,1,wake,lifecycle,CreateTable,POST,201,false,false,4
local-paired,round3-after.log,after,5,aztable,1,wake,lifecycle,DeleteEntity,DELETE,204,false,false,2
local-paired,round3-after.log,after,5,aztable,1,wake,lifecycle,DeleteTable,DELETE,204,false,false,4
local-paired,round3-after.log,after,5,aztable,1,wake,lifecycle,GetEntity,GET,200,false,false,1
local-paired,round3-after.log,after,5,aztable,1,wake,lifecycle,GetEntity,GET,404,false,true,1
local-paired,round3-after.log,after,5,aztable,1,wake,lifecycle,QueryEntities,GET,200,false,false,80
local-paired,round3-after.log,after,6,aztable,4,idle,workload,QueryEntities,GET,200,false,false,313
local-paired,round3-after.log,after,6,aztable,4,idle,lifecycle,AddEntity,POST,201,false,false,8
local-paired,round3-after.log,after,6,aztable,4,idle,lifecycle,AddEntity,POST,204,false,false,4
local-paired,round3-after.log,after,6,aztable,4,idle,lifecycle,CreateTable,POST,201,false,false,10
local-paired,round3-after.log,after,6,aztable,4,idle,lifecycle,DeleteEntity,DELETE,204,false,false,8
local-paired,round3-after.log,after,6,aztable,4,idle,lifecycle,DeleteTable,DELETE,204,false,false,10
local-paired,round3-after.log,after,6,aztable,4,idle,lifecycle,GetEntity,GET,200,false,false,4
local-paired,round3-after.log,after,6,aztable,4,idle,lifecycle,GetEntity,GET,404,false,true,4
local-paired,round3-after.log,after,6,aztable,4,idle,lifecycle,QueryEntities,GET,200,false,false,321
local-paired,round3-after.log,after,7,aztable,4,interactive,workload,AddEntity,POST,204,false,false,128
local-paired,round3-after.log,after,7,aztable,4,interactive,workload,DeleteEntity,DELETE,204,false,false,4
local-paired,round3-after.log,after,7,aztable,4,interactive,workload,QueryEntities,GET,200,false,false,128
local-paired,round3-after.log,after,7,aztable,4,interactive,lifecycle,AddEntity,POST,201,false,false,8
local-paired,round3-after.log,after,7,aztable,4,interactive,lifecycle,AddEntity,POST,204,false,false,132
local-paired,round3-after.log,after,7,aztable,4,interactive,lifecycle,CreateTable,POST,201,false,false,10
local-paired,round3-after.log,after,7,aztable,4,interactive,lifecycle,DeleteEntity,DELETE,204,false,false,8
local-paired,round3-after.log,after,7,aztable,4,interactive,lifecycle,DeleteTable,DELETE,204,false,false,10
local-paired,round3-after.log,after,7,aztable,4,interactive,lifecycle,GetEntity,GET,200,false,false,4
local-paired,round3-after.log,after,7,aztable,4,interactive,lifecycle,GetEntity,GET,404,false,true,4
local-paired,round3-after.log,after,7,aztable,4,interactive,lifecycle,QueryEntities,GET,200,false,false,136
local-paired,round3-after.log,after,8,aztable,4,stream,workload,AddEntity,POST,204,false,false,260
local-paired,round3-after.log,after,8,aztable,4,stream,workload,DeleteEntity,DELETE,204,false,false,4
local-paired,round3-after.log,after,8,aztable,4,stream,workload,QueryEntities,GET,200,false,false,125
local-paired,round3-after.log,after,8,aztable,4,stream,lifecycle,AddEntity,POST,201,false,false,8
local-paired,round3-after.log,after,8,aztable,4,stream,lifecycle,AddEntity,POST,204,false,false,260
local-paired,round3-after.log,after,8,aztable,4,stream,lifecycle,CreateTable,POST,201,false,false,10
local-paired,round3-after.log,after,8,aztable,4,stream,lifecycle,DeleteEntity,DELETE,204,false,false,8
local-paired,round3-after.log,after,8,aztable,4,stream,lifecycle,DeleteTable,DELETE,204,false,false,10
local-paired,round3-after.log,after,8,aztable,4,stream,lifecycle,GetEntity,GET,200,false,false,4
local-paired,round3-after.log,after,8,aztable,4,stream,lifecycle,GetEntity,GET,404,false,true,4
local-paired,round3-after.log,after,8,aztable,4,stream,lifecycle,QueryEntities,GET,200,false,false,133
local-paired,round3-after.log,after,9,aztable,4,duplex,workload,AddEntity,POST,204,false,false,520
local-paired,round3-after.log,after,9,aztable,4,duplex,workload,DeleteEntity,DELETE,204,false,false,4
local-paired,round3-after.log,after,9,aztable,4,duplex,workload,QueryEntities,GET,200,false,false,426
local-paired,round3-after.log,after,9,aztable,4,duplex,lifecycle,AddEntity,POST,201,false,false,8
local-paired,round3-after.log,after,9,aztable,4,duplex,lifecycle,AddEntity,POST,204,false,false,520
local-paired,round3-after.log,after,9,aztable,4,duplex,lifecycle,CreateTable,POST,201,false,false,10
local-paired,round3-after.log,after,9,aztable,4,duplex,lifecycle,DeleteEntity,DELETE,204,false,false,8
local-paired,round3-after.log,after,9,aztable,4,duplex,lifecycle,DeleteTable,DELETE,204,false,false,10
local-paired,round3-after.log,after,9,aztable,4,duplex,lifecycle,GetEntity,GET,200,false,false,4
local-paired,round3-after.log,after,9,aztable,4,duplex,lifecycle,GetEntity,GET,404,false,true,4
local-paired,round3-after.log,after,9,aztable,4,duplex,lifecycle,QueryEntities,GET,200,false,false,434
local-paired,round3-after.log,after,10,aztable,4,wake,workload,AddEntity,POST,204,false,false,4
local-paired,round3-after.log,after,10,aztable,4,wake,workload,DeleteEntity,DELETE,204,false,false,3
local-paired,round3-after.log,after,10,aztable,4,wake,workload,QueryEntities,GET,200,false,false,331
local-paired,round3-after.log,after,10,aztable,4,wake,lifecycle,AddEntity,POST,201,false,false,8
local-paired,round3-after.log,after,10,aztable,4,wake,lifecycle,AddEntity,POST,204,false,false,8
local-paired,round3-after.log,after,10,aztable,4,wake,lifecycle,CreateTable,POST,201,false,false,10
local-paired,round3-after.log,after,10,aztable,4,wake,lifecycle,DeleteEntity,DELETE,204,false,false,8
local-paired,round3-after.log,after,10,aztable,4,wake,lifecycle,DeleteTable,DELETE,204,false,false,10
local-paired,round3-after.log,after,10,aztable,4,wake,lifecycle,GetEntity,GET,200,false,false,4
local-paired,round3-after.log,after,10,aztable,4,wake,lifecycle,GetEntity,GET,404,false,true,4
local-paired,round3-after.log,after,10,aztable,4,wake,lifecycle,QueryEntities,GET,200,false,false,339
local-paired,round3-after.log,after,11,aztable,16,idle,workload,QueryEntities,GET,200,false,false,1418
local-paired,round3-after.log,after,11,aztable,16,idle,lifecycle,AddEntity,POST,201,false,false,32
local-paired,round3-after.log,after,11,aztable,16,idle,lifecycle,AddEntity,POST,204,false,false,16
local-paired,round3-after.log,after,11,aztable,16,idle,lifecycle,CreateTable,POST,201,false,false,34
local-paired,round3-after.log,after,11,aztable,16,idle,lifecycle,DeleteEntity,DELETE,204,false,false,32
local-paired,round3-after.log,after,11,aztable,16,idle,lifecycle,DeleteTable,DELETE,204,false,false,34
local-paired,round3-after.log,after,11,aztable,16,idle,lifecycle,GetEntity,GET,200,false,false,16
local-paired,round3-after.log,after,11,aztable,16,idle,lifecycle,GetEntity,GET,404,false,true,16
local-paired,round3-after.log,after,11,aztable,16,idle,lifecycle,QueryEntities,GET,200,false,false,1449
local-paired,round3-after.log,after,12,aztable,16,interactive,workload,AddEntity,POST,204,false,false,512
local-paired,round3-after.log,after,12,aztable,16,interactive,workload,DeleteEntity,DELETE,204,false,false,16
local-paired,round3-after.log,after,12,aztable,16,interactive,workload,QueryEntities,GET,200,false,false,512
local-paired,round3-after.log,after,12,aztable,16,interactive,lifecycle,AddEntity,POST,201,false,false,32
local-paired,round3-after.log,after,12,aztable,16,interactive,lifecycle,AddEntity,POST,204,false,false,528
local-paired,round3-after.log,after,12,aztable,16,interactive,lifecycle,CreateTable,POST,201,false,false,34
local-paired,round3-after.log,after,12,aztable,16,interactive,lifecycle,DeleteEntity,DELETE,204,false,false,32
local-paired,round3-after.log,after,12,aztable,16,interactive,lifecycle,DeleteTable,DELETE,204,false,false,34
local-paired,round3-after.log,after,12,aztable,16,interactive,lifecycle,GetEntity,GET,200,false,false,16
local-paired,round3-after.log,after,12,aztable,16,interactive,lifecycle,GetEntity,GET,404,false,true,16
local-paired,round3-after.log,after,12,aztable,16,interactive,lifecycle,QueryEntities,GET,200,false,false,544
local-paired,round3-after.log,after,13,aztable,16,stream,workload,AddEntity,POST,204,false,false,1040
local-paired,round3-after.log,after,13,aztable,16,stream,workload,DeleteEntity,DELETE,204,false,false,16
local-paired,round3-after.log,after,13,aztable,16,stream,workload,QueryEntities,GET,200,false,false,965
local-paired,round3-after.log,after,13,aztable,16,stream,lifecycle,AddEntity,POST,201,false,false,32
local-paired,round3-after.log,after,13,aztable,16,stream,lifecycle,AddEntity,POST,204,false,false,1040
local-paired,round3-after.log,after,13,aztable,16,stream,lifecycle,CreateTable,POST,201,false,false,34
local-paired,round3-after.log,after,13,aztable,16,stream,lifecycle,DeleteEntity,DELETE,204,false,false,32
local-paired,round3-after.log,after,13,aztable,16,stream,lifecycle,DeleteTable,DELETE,204,false,false,34
local-paired,round3-after.log,after,13,aztable,16,stream,lifecycle,GetEntity,GET,200,false,false,16
local-paired,round3-after.log,after,13,aztable,16,stream,lifecycle,GetEntity,GET,404,false,true,16
local-paired,round3-after.log,after,13,aztable,16,stream,lifecycle,QueryEntities,GET,200,false,false,997
local-paired,round3-after.log,after,14,aztable,16,duplex,workload,AddEntity,POST,204,false,false,2080
local-paired,round3-after.log,after,14,aztable,16,duplex,workload,DeleteEntity,DELETE,204,false,false,16
local-paired,round3-after.log,after,14,aztable,16,duplex,workload,QueryEntities,GET,200,false,false,2008
local-paired,round3-after.log,after,14,aztable,16,duplex,lifecycle,AddEntity,POST,201,false,false,32
local-paired,round3-after.log,after,14,aztable,16,duplex,lifecycle,AddEntity,POST,204,false,false,2080
local-paired,round3-after.log,after,14,aztable,16,duplex,lifecycle,CreateTable,POST,201,false,false,34
local-paired,round3-after.log,after,14,aztable,16,duplex,lifecycle,DeleteEntity,DELETE,204,false,false,32
local-paired,round3-after.log,after,14,aztable,16,duplex,lifecycle,DeleteTable,DELETE,204,false,false,34
local-paired,round3-after.log,after,14,aztable,16,duplex,lifecycle,GetEntity,GET,200,false,false,16
local-paired,round3-after.log,after,14,aztable,16,duplex,lifecycle,GetEntity,GET,404,false,true,16
local-paired,round3-after.log,after,14,aztable,16,duplex,lifecycle,QueryEntities,GET,200,false,false,2040
local-paired,round3-after.log,after,15,aztable,16,wake,workload,AddEntity,POST,204,false,false,16
local-paired,round3-after.log,after,15,aztable,16,wake,workload,DeleteEntity,DELETE,204,false,false,15
local-paired,round3-after.log,after,15,aztable,16,wake,workload,QueryEntities,GET,200,false,false,1476
local-paired,round3-after.log,after,15,aztable,16,wake,lifecycle,AddEntity,POST,201,false,false,32
local-paired,round3-after.log,after,15,aztable,16,wake,lifecycle,AddEntity,POST,204,false,false,32
local-paired,round3-after.log,after,15,aztable,16,wake,lifecycle,CreateTable,POST,201,false,false,34
local-paired,round3-after.log,after,15,aztable,16,wake,lifecycle,DeleteEntity,DELETE,204,false,false,32
local-paired,round3-after.log,after,15,aztable,16,wake,lifecycle,DeleteTable,DELETE,204,false,false,34
local-paired,round3-after.log,after,15,aztable,16,wake,lifecycle,GetEntity,GET,200,false,false,16
local-paired,round3-after.log,after,15,aztable,16,wake,lifecycle,GetEntity,GET,404,false,true,16
local-paired,round3-after.log,after,15,aztable,16,wake,lifecycle,QueryEntities,GET,200,false,false,1508
local-paired,round3-before.log,before,1,aztable,1,idle,workload,QueryEntities,GET,200,false,false,75
local-paired,round3-before.log,before,1,aztable,1,idle,lifecycle,AddEntity,POST,201,false,false,3
local-paired,round3-before.log,before,1,aztable,1,idle,lifecycle,CreateTable,POST,201,false,false,4
local-paired,round3-before.log,before,1,aztable,1,idle,lifecycle,DeleteEntity,DELETE,204,false,false,2
local-paired,round3-before.log,before,1,aztable,1,idle,lifecycle,DeleteTable,DELETE,204,false,false,4
local-paired,round3-before.log,before,1,aztable,1,idle,lifecycle,GetEntity,GET,200,false,false,1
local-paired,round3-before.log,before,1,aztable,1,idle,lifecycle,GetEntity,GET,404,false,true,1
local-paired,round3-before.log,before,1,aztable,1,idle,lifecycle,QueryEntities,GET,200,false,false,77
local-paired,round3-before.log,before,2,aztable,1,interactive,workload,AddEntity,POST,201,false,false,32
local-paired,round3-before.log,before,2,aztable,1,interactive,workload,DeleteEntity,DELETE,204,false,false,1
local-paired,round3-before.log,before,2,aztable,1,interactive,workload,QueryEntities,GET,200,false,false,32
local-paired,round3-before.log,before,2,aztable,1,interactive,lifecycle,AddEntity,POST,201,false,false,35
local-paired,round3-before.log,before,2,aztable,1,interactive,lifecycle,CreateTable,POST,201,false,false,4
local-paired,round3-before.log,before,2,aztable,1,interactive,lifecycle,DeleteEntity,DELETE,204,false,false,2
local-paired,round3-before.log,before,2,aztable,1,interactive,lifecycle,DeleteTable,DELETE,204,false,false,4
local-paired,round3-before.log,before,2,aztable,1,interactive,lifecycle,GetEntity,GET,200,false,false,1
local-paired,round3-before.log,before,2,aztable,1,interactive,lifecycle,GetEntity,GET,404,false,true,1
local-paired,round3-before.log,before,2,aztable,1,interactive,lifecycle,QueryEntities,GET,200,false,false,34
local-paired,round3-before.log,before,3,aztable,1,stream,workload,AddEntity,POST,201,false,false,65
local-paired,round3-before.log,before,3,aztable,1,stream,workload,DeleteEntity,DELETE,204,false,false,1
local-paired,round3-before.log,before,3,aztable,1,stream,workload,QueryEntities,GET,200,false,false,27
local-paired,round3-before.log,before,3,aztable,1,stream,lifecycle,AddEntity,POST,201,false,false,67
local-paired,round3-before.log,before,3,aztable,1,stream,lifecycle,CreateTable,POST,201,false,false,4
local-paired,round3-before.log,before,3,aztable,1,stream,lifecycle,DeleteEntity,DELETE,204,false,false,2
local-paired,round3-before.log,before,3,aztable,1,stream,lifecycle,DeleteTable,DELETE,204,false,false,4
local-paired,round3-before.log,before,3,aztable,1,stream,lifecycle,GetEntity,GET,200,false,false,1
local-paired,round3-before.log,before,3,aztable,1,stream,lifecycle,GetEntity,GET,404,false,true,1
local-paired,round3-before.log,before,3,aztable,1,stream,lifecycle,QueryEntities,GET,200,false,false,29
local-paired,round3-before.log,before,4,aztable,1,duplex,workload,AddEntity,POST,201,false,false,130
local-paired,round3-before.log,before,4,aztable,1,duplex,workload,DeleteEntity,DELETE,204,false,false,1
local-paired,round3-before.log,before,4,aztable,1,duplex,workload,QueryEntities,GET,200,false,false,61
local-paired,round3-before.log,before,4,aztable,1,duplex,lifecycle,AddEntity,POST,201,false,false,132
local-paired,round3-before.log,before,4,aztable,1,duplex,lifecycle,CreateTable,POST,201,false,false,4
local-paired,round3-before.log,before,4,aztable,1,duplex,lifecycle,DeleteEntity,DELETE,204,false,false,2
local-paired,round3-before.log,before,4,aztable,1,duplex,lifecycle,DeleteTable,DELETE,204,false,false,4
local-paired,round3-before.log,before,4,aztable,1,duplex,lifecycle,GetEntity,GET,200,false,false,1
local-paired,round3-before.log,before,4,aztable,1,duplex,lifecycle,GetEntity,GET,404,false,true,1
local-paired,round3-before.log,before,4,aztable,1,duplex,lifecycle,QueryEntities,GET,200,false,false,63
local-paired,round3-before.log,before,5,aztable,1,wake,workload,AddEntity,POST,201,false,false,1
local-paired,round3-before.log,before,5,aztable,1,wake,workload,QueryEntities,GET,200,false,false,79
local-paired,round3-before.log,before,5,aztable,1,wake,lifecycle,AddEntity,POST,201,false,false,4
local-paired,round3-before.log,before,5,aztable,1,wake,lifecycle,CreateTable,POST,201,false,false,4
local-paired,round3-before.log,before,5,aztable,1,wake,lifecycle,DeleteEntity,DELETE,204,false,false,2
local-paired,round3-before.log,before,5,aztable,1,wake,lifecycle,DeleteTable,DELETE,204,false,false,4
local-paired,round3-before.log,before,5,aztable,1,wake,lifecycle,GetEntity,GET,200,false,false,1
local-paired,round3-before.log,before,5,aztable,1,wake,lifecycle,GetEntity,GET,404,false,true,1
local-paired,round3-before.log,before,5,aztable,1,wake,lifecycle,QueryEntities,GET,200,false,false,81
local-paired,round3-before.log,before,6,aztable,4,idle,workload,QueryEntities,GET,0,false,true,1
local-paired,round3-before.log,before,6,aztable,4,idle,workload,QueryEntities,GET,200,false,false,313
local-paired,round3-before.log,before,6,aztable,4,idle,lifecycle,AddEntity,POST,201,false,false,12
local-paired,round3-before.log,before,6,aztable,4,idle,lifecycle,CreateTable,POST,201,false,false,10
local-paired,round3-before.log,before,6,aztable,4,idle,lifecycle,DeleteEntity,DELETE,204,false,false,8
local-paired,round3-before.log,before,6,aztable,4,idle,lifecycle,DeleteTable,DELETE,204,false,false,10
local-paired,round3-before.log,before,6,aztable,4,idle,lifecycle,GetEntity,GET,200,false,false,4
local-paired,round3-before.log,before,6,aztable,4,idle,lifecycle,GetEntity,GET,404,false,true,5
local-paired,round3-before.log,before,6,aztable,4,idle,lifecycle,QueryEntities,GET,0,false,true,1
local-paired,round3-before.log,before,6,aztable,4,idle,lifecycle,QueryEntities,GET,200,false,false,321
local-paired,round3-before.log,before,7,aztable,4,interactive,workload,AddEntity,POST,201,false,false,128
local-paired,round3-before.log,before,7,aztable,4,interactive,workload,DeleteEntity,DELETE,204,false,false,4
local-paired,round3-before.log,before,7,aztable,4,interactive,workload,QueryEntities,GET,200,false,false,128
local-paired,round3-before.log,before,7,aztable,4,interactive,lifecycle,AddEntity,POST,201,false,false,140
local-paired,round3-before.log,before,7,aztable,4,interactive,lifecycle,CreateTable,POST,201,false,false,10
local-paired,round3-before.log,before,7,aztable,4,interactive,lifecycle,DeleteEntity,DELETE,204,false,false,8
local-paired,round3-before.log,before,7,aztable,4,interactive,lifecycle,DeleteTable,DELETE,204,false,false,10
local-paired,round3-before.log,before,7,aztable,4,interactive,lifecycle,GetEntity,GET,200,false,false,4
local-paired,round3-before.log,before,7,aztable,4,interactive,lifecycle,GetEntity,GET,404,false,true,4
local-paired,round3-before.log,before,7,aztable,4,interactive,lifecycle,QueryEntities,GET,200,false,false,136
local-paired,round3-before.log,before,8,aztable,4,stream,workload,AddEntity,POST,201,false,false,260
local-paired,round3-before.log,before,8,aztable,4,stream,workload,DeleteEntity,DELETE,204,false,false,4
local-paired,round3-before.log,before,8,aztable,4,stream,workload,QueryEntities,GET,200,false,false,211
local-paired,round3-before.log,before,8,aztable,4,stream,lifecycle,AddEntity,POST,201,false,false,268
local-paired,round3-before.log,before,8,aztable,4,stream,lifecycle,CreateTable,POST,201,false,false,10
local-paired,round3-before.log,before,8,aztable,4,stream,lifecycle,DeleteEntity,DELETE,204,false,false,8
local-paired,round3-before.log,before,8,aztable,4,stream,lifecycle,DeleteTable,DELETE,204,false,false,10
local-paired,round3-before.log,before,8,aztable,4,stream,lifecycle,GetEntity,GET,200,false,false,4
local-paired,round3-before.log,before,8,aztable,4,stream,lifecycle,GetEntity,GET,404,false,true,4
local-paired,round3-before.log,before,8,aztable,4,stream,lifecycle,QueryEntities,GET,200,false,false,219
local-paired,round3-before.log,before,9,aztable,4,duplex,workload,AddEntity,POST,201,false,false,520
local-paired,round3-before.log,before,9,aztable,4,duplex,workload,DeleteEntity,DELETE,204,false,false,4
local-paired,round3-before.log,before,9,aztable,4,duplex,workload,QueryEntities,GET,200,false,false,499
local-paired,round3-before.log,before,9,aztable,4,duplex,lifecycle,AddEntity,POST,201,false,false,528
local-paired,round3-before.log,before,9,aztable,4,duplex,lifecycle,CreateTable,POST,201,false,false,10
local-paired,round3-before.log,before,9,aztable,4,duplex,lifecycle,DeleteEntity,DELETE,204,false,false,8
local-paired,round3-before.log,before,9,aztable,4,duplex,lifecycle,DeleteTable,DELETE,204,false,false,10
local-paired,round3-before.log,before,9,aztable,4,duplex,lifecycle,GetEntity,GET,200,false,false,4
local-paired,round3-before.log,before,9,aztable,4,duplex,lifecycle,GetEntity,GET,404,false,true,4
local-paired,round3-before.log,before,9,aztable,4,duplex,lifecycle,QueryEntities,GET,200,false,false,507
local-paired,round3-before.log,before,10,aztable,4,wake,workload,AddEntity,POST,201,false,false,4
local-paired,round3-before.log,before,10,aztable,4,wake,workload,DeleteEntity,DELETE,204,false,false,1
local-paired,round3-before.log,before,10,aztable,4,wake,workload,QueryEntities,GET,200,false,false,329
local-paired,round3-before.log,before,10,aztable,4,wake,lifecycle,AddEntity,POST,201,false,false,16
local-paired,round3-before.log,before,10,aztable,4,wake,lifecycle,CreateTable,POST,201,false,false,10
local-paired,round3-before.log,before,10,aztable,4,wake,lifecycle,DeleteEntity,DELETE,204,false,false,8
local-paired,round3-before.log,before,10,aztable,4,wake,lifecycle,DeleteTable,DELETE,204,false,false,10
local-paired,round3-before.log,before,10,aztable,4,wake,lifecycle,GetEntity,GET,200,false,false,4
local-paired,round3-before.log,before,10,aztable,4,wake,lifecycle,GetEntity,GET,404,false,true,4
local-paired,round3-before.log,before,10,aztable,4,wake,lifecycle,QueryEntities,GET,200,false,false,337
local-paired,round3-before.log,before,11,aztable,16,idle,workload,QueryEntities,GET,200,false,false,1442
local-paired,round3-before.log,before,11,aztable,16,idle,lifecycle,AddEntity,POST,201,false,false,48
local-paired,round3-before.log,before,11,aztable,16,idle,lifecycle,CreateTable,POST,201,false,false,34
local-paired,round3-before.log,before,11,aztable,16,idle,lifecycle,DeleteEntity,DELETE,204,false,false,32
local-paired,round3-before.log,before,11,aztable,16,idle,lifecycle,DeleteTable,DELETE,204,false,false,34
local-paired,round3-before.log,before,11,aztable,16,idle,lifecycle,GetEntity,GET,200,false,false,16
local-paired,round3-before.log,before,11,aztable,16,idle,lifecycle,GetEntity,GET,404,false,true,16
local-paired,round3-before.log,before,11,aztable,16,idle,lifecycle,QueryEntities,GET,200,false,false,1474
local-paired,round3-before.log,before,12,aztable,16,interactive,workload,AddEntity,POST,201,false,false,512
local-paired,round3-before.log,before,12,aztable,16,interactive,workload,DeleteEntity,DELETE,204,false,false,16
local-paired,round3-before.log,before,12,aztable,16,interactive,workload,QueryEntities,GET,200,false,false,512
local-paired,round3-before.log,before,12,aztable,16,interactive,lifecycle,AddEntity,POST,201,false,false,560
local-paired,round3-before.log,before,12,aztable,16,interactive,lifecycle,CreateTable,POST,201,false,false,34
local-paired,round3-before.log,before,12,aztable,16,interactive,lifecycle,DeleteEntity,DELETE,204,false,false,32
local-paired,round3-before.log,before,12,aztable,16,interactive,lifecycle,DeleteTable,DELETE,204,false,false,34
local-paired,round3-before.log,before,12,aztable,16,interactive,lifecycle,GetEntity,GET,200,false,false,16
local-paired,round3-before.log,before,12,aztable,16,interactive,lifecycle,GetEntity,GET,404,false,true,16
local-paired,round3-before.log,before,12,aztable,16,interactive,lifecycle,QueryEntities,GET,200,false,false,544
local-paired,round3-before.log,before,13,aztable,16,stream,workload,AddEntity,POST,201,false,false,1040
local-paired,round3-before.log,before,13,aztable,16,stream,workload,DeleteEntity,DELETE,204,false,false,16
local-paired,round3-before.log,before,13,aztable,16,stream,workload,QueryEntities,GET,200,false,false,968
local-paired,round3-before.log,before,13,aztable,16,stream,lifecycle,AddEntity,POST,201,false,false,1072
local-paired,round3-before.log,before,13,aztable,16,stream,lifecycle,CreateTable,POST,201,false,false,34
local-paired,round3-before.log,before,13,aztable,16,stream,lifecycle,DeleteEntity,DELETE,204,false,false,32
local-paired,round3-before.log,before,13,aztable,16,stream,lifecycle,DeleteTable,DELETE,204,false,false,34
local-paired,round3-before.log,before,13,aztable,16,stream,lifecycle,GetEntity,GET,200,false,false,16
local-paired,round3-before.log,before,13,aztable,16,stream,lifecycle,GetEntity,GET,404,false,true,16
local-paired,round3-before.log,before,13,aztable,16,stream,lifecycle,QueryEntities,GET,200,false,false,1000
local-paired,round3-before.log,before,14,aztable,16,duplex,workload,AddEntity,POST,201,false,false,2080
local-paired,round3-before.log,before,14,aztable,16,duplex,workload,DeleteEntity,DELETE,204,false,false,16
local-paired,round3-before.log,before,14,aztable,16,duplex,workload,QueryEntities,GET,200,false,false,1990
local-paired,round3-before.log,before,14,aztable,16,duplex,lifecycle,AddEntity,POST,201,false,false,2112
local-paired,round3-before.log,before,14,aztable,16,duplex,lifecycle,CreateTable,POST,201,false,false,34
local-paired,round3-before.log,before,14,aztable,16,duplex,lifecycle,DeleteEntity,DELETE,204,false,false,32
local-paired,round3-before.log,before,14,aztable,16,duplex,lifecycle,DeleteTable,DELETE,204,false,false,34
local-paired,round3-before.log,before,14,aztable,16,duplex,lifecycle,GetEntity,GET,200,false,false,16
local-paired,round3-before.log,before,14,aztable,16,duplex,lifecycle,GetEntity,GET,404,false,true,16
local-paired,round3-before.log,before,14,aztable,16,duplex,lifecycle,QueryEntities,GET,200,false,false,2022
local-paired,round3-before.log,before,15,aztable,16,wake,workload,AddEntity,POST,201,false,false,16
local-paired,round3-before.log,before,15,aztable,16,wake,workload,DeleteEntity,DELETE,204,false,false,14
local-paired,round3-before.log,before,15,aztable,16,wake,workload,QueryEntities,GET,200,false,false,1468
local-paired,round3-before.log,before,15,aztable,16,wake,lifecycle,AddEntity,POST,201,false,false,64
local-paired,round3-before.log,before,15,aztable,16,wake,lifecycle,CreateTable,POST,201,false,false,34
local-paired,round3-before.log,before,15,aztable,16,wake,lifecycle,DeleteEntity,DELETE,204,false,false,32
local-paired,round3-before.log,before,15,aztable,16,wake,lifecycle,DeleteTable,DELETE,204,false,false,34
local-paired,round3-before.log,before,15,aztable,16,wake,lifecycle,GetEntity,GET,200,false,false,16
local-paired,round3-before.log,before,15,aztable,16,wake,lifecycle,GetEntity,GET,404,false,true,16
local-paired,round3-before.log,before,15,aztable,16,wake,lifecycle,QueryEntities,GET,200,false,false,1500
local-sweep,sweep-1024-after.log,after,1,aztable,1,stream,workload,AddEntity,POST,204,false,false,4097
local-sweep,sweep-1024-after.log,after,1,aztable,1,stream,workload,DeleteEntity,DELETE,204,false,false,1
local-sweep,sweep-1024-after.log,after,1,aztable,1,stream,workload,QueryEntities,GET,200,false,false,3918
local-sweep,sweep-1024-after.log,after,1,aztable,1,stream,workload,SubmitTransaction,POST,202,false,false,40
local-sweep,sweep-1024-after.log,after,1,aztable,1,stream,lifecycle,AddEntity,POST,201,false,false,2
local-sweep,sweep-1024-after.log,after,1,aztable,1,stream,lifecycle,AddEntity,POST,204,false,false,4097
local-sweep,sweep-1024-after.log,after,1,aztable,1,stream,lifecycle,CreateTable,POST,201,false,false,4
local-sweep,sweep-1024-after.log,after,1,aztable,1,stream,lifecycle,DeleteEntity,DELETE,204,false,false,2
local-sweep,sweep-1024-after.log,after,1,aztable,1,stream,lifecycle,DeleteTable,DELETE,204,false,false,4
local-sweep,sweep-1024-after.log,after,1,aztable,1,stream,lifecycle,GetEntity,GET,200,false,false,1
local-sweep,sweep-1024-after.log,after,1,aztable,1,stream,lifecycle,GetEntity,GET,404,false,true,1
local-sweep,sweep-1024-after.log,after,1,aztable,1,stream,lifecycle,QueryEntities,GET,200,false,false,3920
local-sweep,sweep-1024-after.log,after,1,aztable,1,stream,lifecycle,SubmitTransaction,POST,202,false,false,40
local-sweep,sweep-1024-before.log,before,1,azblob,1,stream,workload,AppendBlock,PUT,201,false,false,4097
local-sweep,sweep-1024-before.log,before,1,azblob,1,stream,workload,DeleteBlob,DELETE,202,false,false,1
local-sweep,sweep-1024-before.log,before,1,azblob,1,stream,workload,DownloadBlob,GET,206,false,false,7976
local-sweep,sweep-1024-before.log,before,1,azblob,1,stream,workload,DownloadBlob,GET,416,false,true,3
local-sweep,sweep-1024-before.log,before,1,azblob,1,stream,lifecycle,AppendBlock,PUT,201,false,false,4097
local-sweep,sweep-1024-before.log,before,1,azblob,1,stream,lifecycle,CreateContainer,PUT,201,false,false,3
local-sweep,sweep-1024-before.log,before,1,azblob,1,stream,lifecycle,DeleteBlob,DELETE,202,false,false,2
local-sweep,sweep-1024-before.log,before,1,azblob,1,stream,lifecycle,DeleteContainer,DELETE,202,false,false,3
local-sweep,sweep-1024-before.log,before,1,azblob,1,stream,lifecycle,DownloadBlob,GET,200,false,false,1
local-sweep,sweep-1024-before.log,before,1,azblob,1,stream,lifecycle,DownloadBlob,GET,206,false,false,7976
local-sweep,sweep-1024-before.log,before,1,azblob,1,stream,lifecycle,DownloadBlob,GET,404,false,true,2
local-sweep,sweep-1024-before.log,before,1,azblob,1,stream,lifecycle,DownloadBlob,GET,416,false,true,3
local-sweep,sweep-1024-before.log,before,1,azblob,1,stream,lifecycle,ListBlobs,GET,200,false,false,2
local-sweep,sweep-1024-before.log,before,1,azblob,1,stream,lifecycle,PutBlob,PUT,201,false,false,4
local-sweep,sweep-1024-before.log,before,2,azqueue,1,stream,workload,DeleteMessage,DELETE,204,false,false,4098
local-sweep,sweep-1024-before.log,before,2,azqueue,1,stream,workload,DequeueMessages,GET,200,false,false,6856
local-sweep,sweep-1024-before.log,before,2,azqueue,1,stream,workload,EnqueueMessage,POST,201,false,false,4097
local-sweep,sweep-1024-before.log,before,2,azqueue,1,stream,lifecycle,CreateQueue,PUT,201,false,false,4
local-sweep,sweep-1024-before.log,before,2,azqueue,1,stream,lifecycle,DeleteMessage,DELETE,204,false,false,4099
local-sweep,sweep-1024-before.log,before,2,azqueue,1,stream,lifecycle,DeleteQueue,DELETE,204,false,false,4
local-sweep,sweep-1024-before.log,before,2,azqueue,1,stream,lifecycle,DequeueMessages,GET,200,false,false,6859
local-sweep,sweep-1024-before.log,before,2,azqueue,1,stream,lifecycle,EnqueueMessage,POST,201,false,false,4099
local-sweep,sweep-1024-before.log,before,2,azqueue,1,stream,lifecycle,PeekMessages,GET,200,false,false,2
local-sweep,sweep-1024-before.log,before,3,aztable,1,stream,workload,AddEntity,POST,201,false,false,4097
local-sweep,sweep-1024-before.log,before,3,aztable,1,stream,workload,DeleteEntity,DELETE,204,false,false,1
local-sweep,sweep-1024-before.log,before,3,aztable,1,stream,workload,QueryEntities,GET,200,false,false,3971
local-sweep,sweep-1024-before.log,before,3,aztable,1,stream,workload,SubmitTransaction,POST,202,false,false,40
local-sweep,sweep-1024-before.log,before,3,aztable,1,stream,lifecycle,AddEntity,POST,201,false,false,4099
local-sweep,sweep-1024-before.log,before,3,aztable,1,stream,lifecycle,CreateTable,POST,201,false,false,4
local-sweep,sweep-1024-before.log,before,3,aztable,1,stream,lifecycle,DeleteEntity,DELETE,204,false,false,2
local-sweep,sweep-1024-before.log,before,3,aztable,1,stream,lifecycle,DeleteTable,DELETE,204,false,false,4
local-sweep,sweep-1024-before.log,before,3,aztable,1,stream,lifecycle,GetEntity,GET,200,false,false,1
local-sweep,sweep-1024-before.log,before,3,aztable,1,stream,lifecycle,GetEntity,GET,404,false,true,1
local-sweep,sweep-1024-before.log,before,3,aztable,1,stream,lifecycle,QueryEntities,GET,200,false,false,3973
local-sweep,sweep-1024-before.log,before,3,aztable,1,stream,lifecycle,SubmitTransaction,POST,202,false,false,40
local-sweep,sweep-1048576-after.log,after,1,aztable,1,stream,workload,AddEntity,POST,204,false,false,9
local-sweep,sweep-1048576-after.log,after,1,aztable,1,stream,workload,DeleteEntity,DELETE,204,false,false,1
local-sweep,sweep-1048576-after.log,after,1,aztable,1,stream,workload,QueryEntities,GET,200,false,false,7
local-sweep,sweep-1048576-after.log,after,1,aztable,1,stream,lifecycle,AddEntity,POST,201,false,false,2
local-sweep,sweep-1048576-after.log,after,1,aztable,1,stream,lifecycle,AddEntity,POST,204,false,false,9
local-sweep,sweep-1048576-after.log,after,1,aztable,1,stream,lifecycle,CreateTable,POST,201,false,false,4
local-sweep,sweep-1048576-after.log,after,1,aztable,1,stream,lifecycle,DeleteEntity,DELETE,204,false,false,2
local-sweep,sweep-1048576-after.log,after,1,aztable,1,stream,lifecycle,DeleteTable,DELETE,204,false,false,4
local-sweep,sweep-1048576-after.log,after,1,aztable,1,stream,lifecycle,GetEntity,GET,200,false,false,1
local-sweep,sweep-1048576-after.log,after,1,aztable,1,stream,lifecycle,GetEntity,GET,404,false,true,1
local-sweep,sweep-1048576-after.log,after,1,aztable,1,stream,lifecycle,QueryEntities,GET,200,false,false,9
local-sweep,sweep-1048576-before.log,before,1,azblob,1,stream,workload,AppendBlock,PUT,201,false,false,5
local-sweep,sweep-1048576-before.log,before,1,azblob,1,stream,workload,DeleteBlob,DELETE,202,false,false,1
local-sweep,sweep-1048576-before.log,before,1,azblob,1,stream,workload,DownloadBlob,GET,206,false,false,4
local-sweep,sweep-1048576-before.log,before,1,azblob,1,stream,workload,DownloadBlob,GET,416,false,true,3
local-sweep,sweep-1048576-before.log,before,1,azblob,1,stream,lifecycle,AppendBlock,PUT,201,false,false,5
local-sweep,sweep-1048576-before.log,before,1,azblob,1,stream,lifecycle,CreateContainer,PUT,201,false,false,3
local-sweep,sweep-1048576-before.log,before,1,azblob,1,stream,lifecycle,DeleteBlob,DELETE,202,false,false,2
local-sweep,sweep-1048576-before.log,before,1,azblob,1,stream,lifecycle,DeleteContainer,DELETE,202,false,false,3
local-sweep,sweep-1048576-before.log,before,1,azblob,1,stream,lifecycle,DownloadBlob,GET,200,false,false,1
local-sweep,sweep-1048576-before.log,before,1,azblob,1,stream,lifecycle,DownloadBlob,GET,206,false,false,4
local-sweep,sweep-1048576-before.log,before,1,azblob,1,stream,lifecycle,DownloadBlob,GET,404,false,true,1
local-sweep,sweep-1048576-before.log,before,1,azblob,1,stream,lifecycle,DownloadBlob,GET,416,false,true,3
local-sweep,sweep-1048576-before.log,before,1,azblob,1,stream,lifecycle,ListBlobs,GET,200,false,false,4
local-sweep,sweep-1048576-before.log,before,1,azblob,1,stream,lifecycle,PutBlob,PUT,201,false,false,4
local-sweep,sweep-1048576-before.log,before,2,azqueue,1,stream,workload,DeleteMessage,DELETE,204,false,false,90
local-sweep,sweep-1048576-before.log,before,2,azqueue,1,stream,workload,DequeueMessages,GET,200,false,false,211
local-sweep,sweep-1048576-before.log,before,2,azqueue,1,stream,workload,EnqueueMessage,POST,201,false,false,89
local-sweep,sweep-1048576-before.log,before,2,azqueue,1,stream,lifecycle,CreateQueue,PUT,201,false,false,4
local-sweep,sweep-1048576-before.log,before,2,azqueue,1,stream,lifecycle,DeleteMessage,DELETE,204,false,false,91
local-sweep,sweep-1048576-before.log,before,2,azqueue,1,stream,lifecycle,DeleteQueue,DELETE,204,false,false,4
local-sweep,sweep-1048576-before.log,before,2,azqueue,1,stream,lifecycle,DequeueMessages,GET,200,false,false,214
local-sweep,sweep-1048576-before.log,before,2,azqueue,1,stream,lifecycle,EnqueueMessage,POST,201,false,false,91
local-sweep,sweep-1048576-before.log,before,2,azqueue,1,stream,lifecycle,PeekMessages,GET,200,false,false,2
local-sweep,sweep-1048576-before.log,before,3,aztable,1,stream,workload,AddEntity,POST,201,false,false,9
local-sweep,sweep-1048576-before.log,before,3,aztable,1,stream,workload,DeleteEntity,DELETE,204,false,false,1
local-sweep,sweep-1048576-before.log,before,3,aztable,1,stream,workload,QueryEntities,GET,200,false,false,9
local-sweep,sweep-1048576-before.log,before,3,aztable,1,stream,lifecycle,AddEntity,POST,201,false,false,11
local-sweep,sweep-1048576-before.log,before,3,aztable,1,stream,lifecycle,CreateTable,POST,201,false,false,4
local-sweep,sweep-1048576-before.log,before,3,aztable,1,stream,lifecycle,DeleteEntity,DELETE,204,false,false,2
local-sweep,sweep-1048576-before.log,before,3,aztable,1,stream,lifecycle,DeleteTable,DELETE,204,false,false,4
local-sweep,sweep-1048576-before.log,before,3,aztable,1,stream,lifecycle,GetEntity,GET,200,false,false,1
local-sweep,sweep-1048576-before.log,before,3,aztable,1,stream,lifecycle,GetEntity,GET,404,false,true,1
local-sweep,sweep-1048576-before.log,before,3,aztable,1,stream,lifecycle,QueryEntities,GET,200,false,false,11
local-sweep,sweep-16384-after.log,after,1,aztable,1,stream,workload,AddEntity,POST,204,false,false,257
local-sweep,sweep-16384-after.log,after,1,aztable,1,stream,workload,DeleteEntity,DELETE,204,false,false,1
local-sweep,sweep-16384-after.log,after,1,aztable,1,stream,workload,QueryEntities,GET,200,false,false,70
local-sweep,sweep-16384-after.log,after,1,aztable,1,stream,workload,SubmitTransaction,POST,202,false,false,2
local-sweep,sweep-16384-after.log,after,1,aztable,1,stream,lifecycle,AddEntity,POST,201,false,false,2
local-sweep,sweep-16384-after.log,after,1,aztable,1,stream,lifecycle,AddEntity,POST,204,false,false,257
local-sweep,sweep-16384-after.log,after,1,aztable,1,stream,lifecycle,CreateTable,POST,201,false,false,4
local-sweep,sweep-16384-after.log,after,1,aztable,1,stream,lifecycle,DeleteEntity,DELETE,204,false,false,2
local-sweep,sweep-16384-after.log,after,1,aztable,1,stream,lifecycle,DeleteTable,DELETE,204,false,false,4
local-sweep,sweep-16384-after.log,after,1,aztable,1,stream,lifecycle,GetEntity,GET,200,false,false,1
local-sweep,sweep-16384-after.log,after,1,aztable,1,stream,lifecycle,GetEntity,GET,404,false,true,1
local-sweep,sweep-16384-after.log,after,1,aztable,1,stream,lifecycle,QueryEntities,GET,200,false,false,72
local-sweep,sweep-16384-after.log,after,1,aztable,1,stream,lifecycle,SubmitTransaction,POST,202,false,false,2
local-sweep,sweep-16384-before.log,before,1,azblob,1,stream,workload,AppendBlock,PUT,201,false,false,257
local-sweep,sweep-16384-before.log,before,1,azblob,1,stream,workload,DeleteBlob,DELETE,202,false,false,1
local-sweep,sweep-16384-before.log,before,1,azblob,1,stream,workload,DownloadBlob,GET,206,false,false,515
local-sweep,sweep-16384-before.log,before,1,azblob,1,stream,workload,DownloadBlob,GET,416,false,true,2
local-sweep,sweep-16384-before.log,before,1,azblob,1,stream,lifecycle,AppendBlock,PUT,201,false,false,257
local-sweep,sweep-16384-before.log,before,1,azblob,1,stream,lifecycle,CreateContainer,PUT,201,false,false,3
local-sweep,sweep-16384-before.log,before,1,azblob,1,stream,lifecycle,DeleteBlob,DELETE,202,false,false,2
local-sweep,sweep-16384-before.log,before,1,azblob,1,stream,lifecycle,DeleteContainer,DELETE,202,false,false,3
local-sweep,sweep-16384-before.log,before,1,azblob,1,stream,lifecycle,DownloadBlob,GET,200,false,false,1
local-sweep,sweep-16384-before.log,before,1,azblob,1,stream,lifecycle,DownloadBlob,GET,206,false,false,515
local-sweep,sweep-16384-before.log,before,1,azblob,1,stream,lifecycle,DownloadBlob,GET,404,false,true,1
local-sweep,sweep-16384-before.log,before,1,azblob,1,stream,lifecycle,DownloadBlob,GET,416,false,true,2
local-sweep,sweep-16384-before.log,before,1,azblob,1,stream,lifecycle,ListBlobs,GET,200,false,false,4
local-sweep,sweep-16384-before.log,before,1,azblob,1,stream,lifecycle,PutBlob,PUT,201,false,false,4
local-sweep,sweep-16384-before.log,before,2,azqueue,1,stream,workload,DeleteMessage,DELETE,204,false,false,258
local-sweep,sweep-16384-before.log,before,2,azqueue,1,stream,workload,DequeueMessages,GET,200,false,false,495
local-sweep,sweep-16384-before.log,before,2,azqueue,1,stream,workload,EnqueueMessage,POST,201,false,false,257
local-sweep,sweep-16384-before.log,before,2,azqueue,1,stream,lifecycle,CreateQueue,PUT,201,false,false,4
local-sweep,sweep-16384-before.log,before,2,azqueue,1,stream,lifecycle,DeleteMessage,DELETE,204,false,false,259
local-sweep,sweep-16384-before.log,before,2,azqueue,1,stream,lifecycle,DeleteQueue,DELETE,204,false,false,4
local-sweep,sweep-16384-before.log,before,2,azqueue,1,stream,lifecycle,DequeueMessages,GET,200,false,false,497
local-sweep,sweep-16384-before.log,before,2,azqueue,1,stream,lifecycle,EnqueueMessage,POST,201,false,false,259
local-sweep,sweep-16384-before.log,before,2,azqueue,1,stream,lifecycle,PeekMessages,GET,200,false,false,2
local-sweep,sweep-16384-before.log,before,3,aztable,1,stream,workload,AddEntity,POST,201,false,false,257
local-sweep,sweep-16384-before.log,before,3,aztable,1,stream,workload,DeleteEntity,DELETE,204,false,false,1
local-sweep,sweep-16384-before.log,before,3,aztable,1,stream,workload,QueryEntities,GET,200,false,false,162
local-sweep,sweep-16384-before.log,before,3,aztable,1,stream,workload,SubmitTransaction,POST,202,false,false,2
local-sweep,sweep-16384-before.log,before,3,aztable,1,stream,lifecycle,AddEntity,POST,201,false,false,259
local-sweep,sweep-16384-before.log,before,3,aztable,1,stream,lifecycle,CreateTable,POST,201,false,false,4
local-sweep,sweep-16384-before.log,before,3,aztable,1,stream,lifecycle,DeleteEntity,DELETE,204,false,false,2
local-sweep,sweep-16384-before.log,before,3,aztable,1,stream,lifecycle,DeleteTable,DELETE,204,false,false,4
local-sweep,sweep-16384-before.log,before,3,aztable,1,stream,lifecycle,GetEntity,GET,200,false,false,1
local-sweep,sweep-16384-before.log,before,3,aztable,1,stream,lifecycle,GetEntity,GET,404,false,true,1
local-sweep,sweep-16384-before.log,before,3,aztable,1,stream,lifecycle,QueryEntities,GET,200,false,false,164
local-sweep,sweep-16384-before.log,before,3,aztable,1,stream,lifecycle,SubmitTransaction,POST,202,false,false,2
local-sweep,sweep-262144-after.log,after,1,aztable,1,stream,workload,AddEntity,POST,204,false,false,17
local-sweep,sweep-262144-after.log,after,1,aztable,1,stream,workload,DeleteEntity,DELETE,204,false,false,1
local-sweep,sweep-262144-after.log,after,1,aztable,1,stream,workload,QueryEntities,GET,200,false,false,8
local-sweep,sweep-262144-after.log,after,1,aztable,1,stream,lifecycle,AddEntity,POST,201,false,false,2
local-sweep,sweep-262144-after.log,after,1,aztable,1,stream,lifecycle,AddEntity,POST,204,false,false,17
local-sweep,sweep-262144-after.log,after,1,aztable,1,stream,lifecycle,CreateTable,POST,201,false,false,4
local-sweep,sweep-262144-after.log,after,1,aztable,1,stream,lifecycle,DeleteEntity,DELETE,204,false,false,2
local-sweep,sweep-262144-after.log,after,1,aztable,1,stream,lifecycle,DeleteTable,DELETE,204,false,false,4
local-sweep,sweep-262144-after.log,after,1,aztable,1,stream,lifecycle,GetEntity,GET,200,false,false,1
local-sweep,sweep-262144-after.log,after,1,aztable,1,stream,lifecycle,GetEntity,GET,404,false,true,1
local-sweep,sweep-262144-after.log,after,1,aztable,1,stream,lifecycle,QueryEntities,GET,200,false,false,10
local-sweep,sweep-262144-before.log,before,1,azblob,1,stream,workload,AppendBlock,PUT,201,false,false,17
local-sweep,sweep-262144-before.log,before,1,azblob,1,stream,workload,DeleteBlob,DELETE,202,false,false,1
local-sweep,sweep-262144-before.log,before,1,azblob,1,stream,workload,DownloadBlob,GET,206,false,false,37
local-sweep,sweep-262144-before.log,before,1,azblob,1,stream,workload,DownloadBlob,GET,416,false,true,2
local-sweep,sweep-262144-before.log,before,1,azblob,1,stream,lifecycle,AppendBlock,PUT,201,false,false,17
local-sweep,sweep-262144-before.log,before,1,azblob,1,stream,lifecycle,CreateContainer,PUT,201,false,false,3
local-sweep,sweep-262144-before.log,before,1,azblob,1,stream,lifecycle,DeleteBlob,DELETE,202,false,false,2
local-sweep,sweep-262144-before.log,before,1,azblob,1,stream,lifecycle,DeleteContainer,DELETE,202,false,false,3
local-sweep,sweep-262144-before.log,before,1,azblob,1,stream,lifecycle,DownloadBlob,GET,200,false,false,1
local-sweep,sweep-262144-before.log,before,1,azblob,1,stream,lifecycle,DownloadBlob,GET,206,false,false,37
local-sweep,sweep-262144-before.log,before,1,azblob,1,stream,lifecycle,DownloadBlob,GET,404,false,true,1
local-sweep,sweep-262144-before.log,before,1,azblob,1,stream,lifecycle,DownloadBlob,GET,416,false,true,2
local-sweep,sweep-262144-before.log,before,1,azblob,1,stream,lifecycle,ListBlobs,GET,200,false,false,4
local-sweep,sweep-262144-before.log,before,1,azblob,1,stream,lifecycle,PutBlob,PUT,201,false,false,4
local-sweep,sweep-262144-before.log,before,2,azqueue,1,stream,workload,DeleteMessage,DELETE,204,false,false,98
local-sweep,sweep-262144-before.log,before,2,azqueue,1,stream,workload,DequeueMessages,GET,200,false,false,230
local-sweep,sweep-262144-before.log,before,2,azqueue,1,stream,workload,EnqueueMessage,POST,201,false,false,97
local-sweep,sweep-262144-before.log,before,2,azqueue,1,stream,lifecycle,CreateQueue,PUT,201,false,false,4
local-sweep,sweep-262144-before.log,before,2,azqueue,1,stream,lifecycle,DeleteMessage,DELETE,204,false,false,99
local-sweep,sweep-262144-before.log,before,2,azqueue,1,stream,lifecycle,DeleteQueue,DELETE,204,false,false,4
local-sweep,sweep-262144-before.log,before,2,azqueue,1,stream,lifecycle,DequeueMessages,GET,200,false,false,233
local-sweep,sweep-262144-before.log,before,2,azqueue,1,stream,lifecycle,EnqueueMessage,POST,201,false,false,99
local-sweep,sweep-262144-before.log,before,2,azqueue,1,stream,lifecycle,PeekMessages,GET,200,false,false,2
local-sweep,sweep-262144-before.log,before,3,aztable,1,stream,workload,AddEntity,POST,201,false,false,17
local-sweep,sweep-262144-before.log,before,3,aztable,1,stream,workload,DeleteEntity,DELETE,204,false,false,1
local-sweep,sweep-262144-before.log,before,3,aztable,1,stream,workload,QueryEntities,GET,200,false,false,11
local-sweep,sweep-262144-before.log,before,3,aztable,1,stream,lifecycle,AddEntity,POST,201,false,false,19
local-sweep,sweep-262144-before.log,before,3,aztable,1,stream,lifecycle,CreateTable,POST,201,false,false,4
local-sweep,sweep-262144-before.log,before,3,aztable,1,stream,lifecycle,DeleteEntity,DELETE,204,false,false,2
local-sweep,sweep-262144-before.log,before,3,aztable,1,stream,lifecycle,DeleteTable,DELETE,204,false,false,4
local-sweep,sweep-262144-before.log,before,3,aztable,1,stream,lifecycle,GetEntity,GET,200,false,false,1
local-sweep,sweep-262144-before.log,before,3,aztable,1,stream,lifecycle,GetEntity,GET,404,false,true,1
local-sweep,sweep-262144-before.log,before,3,aztable,1,stream,lifecycle,QueryEntities,GET,200,false,false,13
local-sweep,sweep-65536-after.log,after,1,aztable,1,stream,workload,AddEntity,POST,204,false,false,65
local-sweep,sweep-65536-after.log,after,1,aztable,1,stream,workload,DeleteEntity,DELETE,204,false,false,1
local-sweep,sweep-65536-after.log,after,1,aztable,1,stream,workload,QueryEntities,GET,200,false,false,19
local-sweep,sweep-65536-after.log,after,1,aztable,1,stream,lifecycle,AddEntity,POST,201,false,false,2
local-sweep,sweep-65536-after.log,after,1,aztable,1,stream,lifecycle,AddEntity,POST,204,false,false,65
local-sweep,sweep-65536-after.log,after,1,aztable,1,stream,lifecycle,CreateTable,POST,201,false,false,4
local-sweep,sweep-65536-after.log,after,1,aztable,1,stream,lifecycle,DeleteEntity,DELETE,204,false,false,2
local-sweep,sweep-65536-after.log,after,1,aztable,1,stream,lifecycle,DeleteTable,DELETE,204,false,false,4
local-sweep,sweep-65536-after.log,after,1,aztable,1,stream,lifecycle,GetEntity,GET,200,false,false,1
local-sweep,sweep-65536-after.log,after,1,aztable,1,stream,lifecycle,GetEntity,GET,404,false,true,1
local-sweep,sweep-65536-after.log,after,1,aztable,1,stream,lifecycle,QueryEntities,GET,200,false,false,21
local-sweep,sweep-65536-before.log,before,1,azblob,1,stream,workload,AppendBlock,PUT,201,false,false,65
local-sweep,sweep-65536-before.log,before,1,azblob,1,stream,workload,DeleteBlob,DELETE,202,false,false,1
local-sweep,sweep-65536-before.log,before,1,azblob,1,stream,workload,DownloadBlob,GET,206,false,false,178
local-sweep,sweep-65536-before.log,before,1,azblob,1,stream,workload,DownloadBlob,GET,416,false,true,2
local-sweep,sweep-65536-before.log,before,1,azblob,1,stream,lifecycle,AppendBlock,PUT,201,false,false,65
local-sweep,sweep-65536-before.log,before,1,azblob,1,stream,lifecycle,CreateContainer,PUT,201,false,false,3
local-sweep,sweep-65536-before.log,before,1,azblob,1,stream,lifecycle,DeleteBlob,DELETE,202,false,false,2
local-sweep,sweep-65536-before.log,before,1,azblob,1,stream,lifecycle,DeleteContainer,DELETE,202,false,false,3
local-sweep,sweep-65536-before.log,before,1,azblob,1,stream,lifecycle,DownloadBlob,GET,200,false,false,1
local-sweep,sweep-65536-before.log,before,1,azblob,1,stream,lifecycle,DownloadBlob,GET,206,false,false,178
local-sweep,sweep-65536-before.log,before,1,azblob,1,stream,lifecycle,DownloadBlob,GET,404,false,true,1
local-sweep,sweep-65536-before.log,before,1,azblob,1,stream,lifecycle,DownloadBlob,GET,416,false,true,2
local-sweep,sweep-65536-before.log,before,1,azblob,1,stream,lifecycle,ListBlobs,GET,200,false,false,4
local-sweep,sweep-65536-before.log,before,1,azblob,1,stream,lifecycle,PutBlob,PUT,201,false,false,4
local-sweep,sweep-65536-before.log,before,2,azqueue,1,stream,workload,DeleteMessage,DELETE,204,false,false,130
local-sweep,sweep-65536-before.log,before,2,azqueue,1,stream,workload,DequeueMessages,GET,200,false,false,293
local-sweep,sweep-65536-before.log,before,2,azqueue,1,stream,workload,EnqueueMessage,POST,201,false,false,129
local-sweep,sweep-65536-before.log,before,2,azqueue,1,stream,lifecycle,CreateQueue,PUT,201,false,false,4
local-sweep,sweep-65536-before.log,before,2,azqueue,1,stream,lifecycle,DeleteMessage,DELETE,204,false,false,131
local-sweep,sweep-65536-before.log,before,2,azqueue,1,stream,lifecycle,DeleteQueue,DELETE,204,false,false,4
local-sweep,sweep-65536-before.log,before,2,azqueue,1,stream,lifecycle,DequeueMessages,GET,200,false,false,296
local-sweep,sweep-65536-before.log,before,2,azqueue,1,stream,lifecycle,EnqueueMessage,POST,201,false,false,131
local-sweep,sweep-65536-before.log,before,2,azqueue,1,stream,lifecycle,PeekMessages,GET,200,false,false,2
local-sweep,sweep-65536-before.log,before,3,aztable,1,stream,workload,AddEntity,POST,201,false,false,65
local-sweep,sweep-65536-before.log,before,3,aztable,1,stream,workload,DeleteEntity,DELETE,204,false,false,1
local-sweep,sweep-65536-before.log,before,3,aztable,1,stream,workload,QueryEntities,GET,200,false,false,35
local-sweep,sweep-65536-before.log,before,3,aztable,1,stream,lifecycle,AddEntity,POST,201,false,false,67
local-sweep,sweep-65536-before.log,before,3,aztable,1,stream,lifecycle,CreateTable,POST,201,false,false,4
local-sweep,sweep-65536-before.log,before,3,aztable,1,stream,lifecycle,DeleteEntity,DELETE,204,false,false,2
local-sweep,sweep-65536-before.log,before,3,aztable,1,stream,lifecycle,DeleteTable,DELETE,204,false,false,4
local-sweep,sweep-65536-before.log,before,3,aztable,1,stream,lifecycle,GetEntity,GET,200,false,false,1
local-sweep,sweep-65536-before.log,before,3,aztable,1,stream,lifecycle,GetEntity,GET,404,false,true,1
local-sweep,sweep-65536-before.log,before,3,aztable,1,stream,lifecycle,QueryEntities,GET,200,false,false,37
